question,context
What is the blaTEM-135 gene?,"Penicillinase-producing Neisseria gonorrhoeae (PPNG) carrying the blaTEM-135 gene is of particular concern as it is considered a stepping stone towards resistance to extended spectrum cephalosporins. Here, we sought to characterise plasmid types and the occurrence of the blaTEM-135 gene for N. gonorrhoeae clinical isolates from Australia. We found that blaTEM-135 was prevalent in Australian PPNG and could be detected on all three major plasmid types."
What is the main reason for the differences in physiology?,"Determining the right dose for drugs used to treat neonates is critically important. Neonates have significant differences in physiology affecting drug absorption, distribution, metabolism, and elimination that makes extrapolating dosages from adults and older children inappropriate. In spite of recent legislative efforts requiring drug studies in this population, most drugs given to neonates remain insufficiently studied. Many ethical and logistical concerns make designing studies in this age group difficult. Fortunately, specialized analytical techniques, such as the use of dried blood spots, scavenged sampling, population pharmacokinetics analyses, and sparse sampling, have helped investigators better define doses that maximize efficacy and safety. Through the use of these methods, successful clinical trials have resulted in recent changes to drug dosing in this population.Pediatric Research (2014); doi:10.1038/pr.2014.143."
What is the underlying cause of PTU?,"BACKGROUND: Propylthiouracil (PTU), an anti-thyroid thioureylene, has been shown to be effective in chronic plaque psoriasis. Involucrin is a precursor protein that is upregulated in psoriasis. OBJECTIVES: This study evaluated the expression of involucrin in the epidermis of skin in psoriatic plaques before and after treatment with PTU. METHODS: This was an open-label, prospective study in which 25 psoriasis patients underwent skin biopsies prior to treatment with oral PTU 100 mg three times per day for 12 weeks. Patients were assessed at 2, 6, and 12 weeks. Skin biopsies were repeated at the same sites at 12 weeks. Pre- and post-treatment specimens were subjected to immunohistochemical staining and real-time polymerase chain reaction for involucrin. RESULTS: Mean +/- standard deviation (SD) scores on the Psoriasis Area and Severity Index reduced significantly from 17.86 +/- 9.9 at baseline to 4.63 +/- 4.1 at week 12 (P < 0.001). Histomorphometric analysis revealed marked decreases in numbers of positively stained cells and intensity of staining. Staining became localized to the upper granular layers after therapy. Immunohistochemical scoring for involucrin reduced from a mean +/- SD of 9.00 +/- 0.67 at baseline to 3.90 +/- 0.88 at week 12 (P < 0.0001). CONCLUSIONS: In psoriasis, there is increased expression of involucrin, which leads to abnormal keratinocyte differentiation and hence to the formation of psoriatic plaques. The therapeutic effect of PTU in psoriasis may be attributable to the downregulation of involucrin. Larger trials should further elucidate the mechanism and therapeutic potential of PTU in psoriasis."
What is the urinary Bladder?,Pseudocarcinomatous Hyperplasia of the Urinary Bladder.
What is the effect of oral supplementation on the respiratory burst function of innate immune,Does oral supplementation of a fermented papaya preparation correct respiratory burst function of innate immune cells in type 2 diabetes mellitus patients?
What is the name of the major Markers of Cardiovascular Risk?,Physical Activity and Cardiorespiratory Fitness as Major Markers of Cardiovascular Risk: Their Independent and Interwoven Importance to Health Status.
What is the CXCL12 G801A polymorphism?,"BACKGROUND: CXCL12 is a small chemotactic cytokine belonging to the CXC chemokine family expressed in various organs. It contributes to the migration, invasion and angiogenesis of cancer cells. Recently, the CXCL12 G801A polymorphism was shown to be associated with an increased risk of various kinds of cancers, but the results were too inconsistent to be conclusive. METHODS: To solve the problem of inadequate statistical power and conflicting results, a meta-analysis of published case-control studies was performed, including 4,435 cancer cases and 6,898 controls. Odds ratios (ORs) and their 95% confidence intervals (CIs) were used to determine the strength of association between CXCL12 G801A polymorphism and cancer risk. RESULTS: A significant association between CXCL12 G801A polymorphism and cancer risk was found under all genetic models. Further, subgroup analysis stratified by ethnicity suggested a significant association between CXCL12 G801A polymorphism and cancer risk in the Asian subgroup under all genetic models. However, in the Caucasian subgroup, a significant association was only found under an additive genetic model and a dominant genetic model. The analysis stratified by cancer type found that CXCL12 G801A polymorphism may increase the risk of breast cancer, lung cancer, and ""other"" cancers. Based on subgroup stratified by source of controls, a significant association was observed in hospital-based studies under all genetic models. CONCLUSIONS: The CXCL12 G801A polymorphism is associated with an increased risk of cancer based on current published data. In the future, large-scale well-designed studies with more information are needed to better estimate possible gene-gene or gene-environment interactions."
What was the effect of saikosaponin-d on the proliferation of,"OBJECTIVE: Saikosaponin-d is a triterpene saponin derived from Bupleurum falcatum. L and has been reported to exhibit a variety of pharmacological activities such as anti-bacterial, anti-virus and anti-cancer. The aim of the present study was to explore the effect of saikosaponin-d on the proliferation and apoptosis of human undifferentiated thyroid carcinoma. MATERIALS AND METHODS: Three human anaplastic thyroid cancers cell lines were cultured in the presence of saikosaponin-d and their proliferation was measured by MTT assay. Cell apoptosis and cell cycle distribution were analyzed with flow cytometry. Western blot was performed to determine the proteins expression. The in vivo effect of saikosaponin-d was measured with an animal model. RESULTS: In vitro, MTT assay showed that saikosaponin-d treatment inhibited cell proliferation in three human anaplastic thyroid cancers cell lines ARO, 8305C and SW1736. In addition, saikosaponin-d promoted cell apoptosis and induced G1-phase cell cycle arrest as shown by flow cytometric analysis. On the molecular level, our results showed that saikosaponin-d treatment increased the expression of p53 and bax, and decreased the expression of Bcl-2. In addition, saikosaponin-d administration led to a significant up-regulation of p21 and down-regulation of CDK2 and cyclin D1. Xenografts tumorigenesis model demonstrated that saikosaponin-d markedly reduced the weight and volume of thyroid tumors in vivo. CONCLUSIONS: The present study suggested that saikosaponin-d might be a new potent chemopreventive drug candidate for human undifferentiated thyroid carcinoma through induction of apoptosis and cell cycle arrest."
What was the primary outcome of the trial?,"Importance: There is debate about benefits of acupuncture for knee pain. Objective: To determine the efficacy of laser and needle acupuncture for chronic knee pain. Design, Setting, and Participants: Zelen-design clinical trial (randomization occurred before informed consent), in Victoria, Australia (February 2010-December 2012). Community volunteers (282 patients aged >/=50 years with chronic knee pain) were treated by family physician acupuncturists. Interventions: No acupuncture (control group, n = 71) and needle (n = 70), laser (n = 71), and sham laser (n = 70) acupuncture. Treatments were delivered for 12 weeks. Participants and acupuncturists were blinded to laser and sham laser acupuncture. Control participants were unaware of the trial. Main Outcomes and Measures: Primary outcomes were average knee pain (numeric rating scale, 0 [no pain] to 10 [worst pain possible]; minimal clinically important difference [MCID], 1.8 units) and physical function (Western Ontario and McMaster Universities Osteoarthritis Index, 0 [no difficulty] to 68 [extreme difficulty]; MCID, 6 units) at 12 weeks. Secondary outcomes included other pain and function measures, quality of life, global change, and 1-year follow-up. Analyses were by intention-to-treat using multiple imputation for missing outcome data. Results: At 12 weeks and 1 year, 26 (9%) and 50 (18%) participants were lost to follow-up, respectively. Analyses showed neither needle nor laser acupuncture significantly improved pain (mean difference; -0.4 units; 95% CI, -1.2 to 0.4, and -0.1; 95% CI, -0.9 to 0.7, respectively) or function (-1.7; 95% CI, -6.1 to 2.6, and 0.5; 95% CI, -3.4 to 4.4, respectively) compared with sham at 12 weeks. Compared with control, needle and laser acupuncture resulted in modest improvements in pain (-1.1; 95% CI, -1.8 to -0.4, and -0.8; 95% CI, -1.5 to -0.1, respectively) at 12 weeks, but not at 1 year. Needle acupuncture resulted in modest improvement in function compared with control at 12 weeks (-3.9; 95% CI, -7.7 to -0.2) but was not significantly different from sham (-1.7; 95% CI, -6.1 to 2.6) and was not maintained at 1 year. There were no differences for most secondary outcomes and no serious adverse events. Conclusions and Relevance: In patients older than 50 years with moderate or severe chronic knee pain, neither laser nor needle acupuncture conferred benefit over sham for pain or function. Our findings do not support acupuncture for these patients. Trial Registration: anzctr.org.au Identifier: ACTRN12609001001280."
What is the utility of Routine Post-Therapy Surveillance Imaging in D,Utility of Routine Post-Therapy Surveillance Imaging in Diffuse Large B-Cell Lymphoma.
What is the pleomorphic form of lobular carcinoma in situ?,"Context.-Lobular neoplasia encompasses a spectrum of disease, including atypical lobular hyperplasia and lobular carcinoma in situ. Although classic forms of lobular neoplasia are predominantly heralded as a risk marker, the pleomorphic form of lobular carcinoma in situ is generally regarded as a more aggressive subtype and a possible cancer precursor, and thus is treated in a manner more similar to ductal carcinoma in situ than classic forms of lobular neoplasia. Objective.-To focus on the morphologic spectrum of lobular neoplasia as highlighted by 3 cases and current management recommendations. Areas of diagnostic challenge and controversy are addressed. Data Sources.-A review of the pertinent published literature and current national guidelines was conducted. Conclusions.-Correct classification of classic lobular neoplasia and pleomorphic lobular carcinoma in situ is critical because of differences in clinical management, with current treatment strategies focused on risk reduction for patients with classic lobular neoplasia and eradication of the lesion for those with pleomorphic lobular carcinoma in situ."
What is the tetratricopeptide repeat domain 7A gene?,"PURPOSE OF REVIEW: To update on the molecular and cellular basis of multiple intestinal atresia (MIA). RECENT FINDINGS: Mutations of the tetratricopeptide repeat domain 7A gene have been identified in patients with MIA and other related disorders, including MIA associated with combined immunodeficiency and very early onset inflammatory bowel disease with apoptotic enterocolitis. Pathological findings in patients with MIA and MIA associated with combined immunodeficiency include abnormalities of enterocyte apicobasal polarity, increased apoptosis of intestinal cells, decreased proliferation of intestinal crypts, and defects of thymic architecture associated with lymphoid depletion. Dysregulated RhoA signaling and defective expression of phosphatidylinositol 4-kinase IIIalpha represent biochemical cellular hallmarks of the disease. SUMMARY: The study of patients with MIA and related disorders has established that tetratricopeptide repeat domain 7A plays a critical role in intestinal and immune homeostasis. Identification of biochemical defects may pave the way to novel pharmacological interventions for this group of severe congenital disorders."
What is the most diverse ABC transporter known in P. falciparum?,"Plasmodium falciparum has the capacity to escape essentially all antimalarial drugs action. ATP-binding cassette (ABC) transporter proteins are known to be causative of multidrug resistance in a large range of organisms, including the Apicomplexa parasites. P. falciparum genome analysis has revealed two genes coding for Multidrug Resistance Protein (MRP) type of ABC transporters: Pfmrp1, previously associated with decreased parasite drug susceptibility, and the poorly studied Pfmrp2. The role of Pfmrp2 polymorphisms in modulating sensitivity to antimalarial drugs has not been established. We herein report a comprehensive account of the Pfmrp2 genetic variability in 46 Thai isolates. A notably high frequency of 2.8 single nucleotide polimorphisms (SNPs)/Kb was identified in this gene, with some SNPs being novel. Additionally, we also report that Pfmrp2 harbours a significant number of micro-indels, some previously not reported. We then investigated the potential association of the identified Pfmrp2 polymorphisms with altered in vitro susceptibility to several antimalarials used in the artemisinin based combination therapy and with the parasite clearance time. Association analysis suggested Pfmrp2 polymorphisms to modulate the parasite in vitro response to quinoline antimalarials, including chloroquine, piperaquine and mefloquine and association with in vivo parasite clearance. In conclusion, our study reveals that the Pfmrp2 gene is the most diverse ABC transporter known in P. falciparum with a potential role in antimalarial drug resistance."
What is the risk factor for Acute Stroke among South Asians?,Risk Factors for Acute Stroke among South Asians Compared to Other Racial/Ethnic Groups.
What is the most common reason for the mortality rate of HCC patients?,"BACKGROUND & AIMS: Official guidelines do not recommend hepatic resection (HR) for patients with hepatocellular carcinoma (HCC) and portal hypertension (PHT). This study aims to investigate the safety and efficacy of HR for patients with HCC and PHT. METHODS: Mortality and survival after HR were analyzed retrospectively in a consecutive sample of 1738 HCC patients with PHT (n = 386) or without it (n = 1352). To assess the robustness of findings, we repeated the analysis using propensity score-matched analysis. We also comprehensively searched the PubMed database for studies evaluating the efficacy and safety of HR for patients with HCC and PHT. RESULTS: The 90-day mortality rate was 6.7% among those with PHT and 2.1% among those without it (P<.001). Patients without PHT had a survival benefit over those with PHT at 1, 3, and 5 years (96% vs 90%, 75% vs 67%, 54% vs 45%, respectively; P = .001). In contrast, PHT was not associated with worse short- or long-term survival when only propensity score-matched pairs of patients and those with early-stage HCC or those who underwent minor hepatectomy were included in the analysis (all P>.05). Moreover, the recurrence rates were similar between the two groups. Consistent with our findings, all 9 studies identified in our literature search reported HR to be safe and effective for patients with HCC and PHT. CONCLUSIONS: HR is safe and effective in HCC patients with PHT and preserved liver function. This is especially true for patients who have early-stage HCC or who undergo minor hepatectomy."
What is the language of Mandarin?,Lexical tone and stuttering loci in Mandarin: Evidence from preschool children who stutter.
What is the term for invasive approaches?,"Brain stimulation, a therapy increasingly used for neurological and psychiatric disease, traditionally is divided into invasive approaches, such as deep brain stimulation (DBS), and noninvasive approaches, such as transcranial magnetic stimulation. The relationship between these approaches is unknown, therapeutic mechanisms remain unclear, and the ideal stimulation site for a given technique is often ambiguous, limiting optimization of the stimulation and its application in further disorders. In this article, we identify diseases treated with both types of stimulation, list the stimulation sites thought to be most effective in each disease, and test the hypothesis that these sites are different nodes within the same brain network as defined by resting-state functional-connectivity MRI. Sites where DBS was effective were functionally connected to sites where noninvasive brain stimulation was effective across diseases including depression, Parkinson's disease, obsessive-compulsive disorder, essential tremor, addiction, pain, minimally conscious states, and Alzheimer's disease. A lack of functional connectivity identified sites where stimulation was ineffective, and the sign of the correlation related to whether excitatory or inhibitory noninvasive stimulation was found clinically effective. These results suggest that resting-state functional connectivity may be useful for translating therapy between stimulation modalities, optimizing treatment, and identifying new stimulation targets. More broadly, this work supports a network perspective toward understanding and treating neuropsychiatric disease, highlighting the therapeutic potential of targeted brain network modulation."
What is the name of the study that examined Naivety of T Cells in In,On Naivety of T Cells in Inflammatory Bowel Disease: A Review.
What is the name of the immunomodulation in Stem Cell Differentiation into Neuron,Immunomodulation in Stem Cell Differentiation into Neurons and Brain Repair.
What is Protective to In Vitro and In Vivo Experimental Diabetic Neuropathy,Neutralization of Schwann Cell-Secreted VEGF Is Protective to In Vitro and In Vivo Experimental Diabetic Neuropathy.
What is the name of the group that produced RV-VLPs?,"Rotavirus virus-like particles (RV-VLPs) are potential alternative non-live vaccine candidates due to their high immunogenicity. They mimic the natural conformation of native viral proteins but cannot replicate because they do not contain genomic material which makes them safe. To date, most RV-VLPs have been derived from cell culture adapted strains or common G1 and G3 rotaviruses that have been circulating in communities for some time. In this study, chimaeric RV-VLPs were generated from the consensus sequences of African rotaviruses (G2, G8, G9 or G12 strains associated with either P[4], P[6] or P[8] genotypes) characterised directly from human stool samples without prior adaptation of the wild type strains to cell culture. Codon-optimised sequences for insect cell expression of genome segments 2 (VP2), 4 (VP4), 6 (VP6) and 9 (VP7) were cloned into a modified pFASTBAC vector, which allowed simultaneous expression of up to four genes using the Bac-to-Bac Baculovirus Expression System (BEVS; Invitrogen). Several combinations of the genome segments originating from different field strains were cloned to produce double-layered RV-VLPs (dRV-VLP; VP2/6), triple-layered RV-VLPs (tRV-VLP; VP2/6/7 or VP2/6/7/4) and chimaeric tRV-VLPs. The RV-VLPs were produced by infecting Spodoptera frugiperda 9 and Trichoplusia ni cells with recombinant baculoviruses using multi-cistronic, dual co-infection and stepwise-infection expression strategies. The size and morphology of the RV-VLPs, as determined by transmission electron microscopy, revealed successful production of RV-VLPs. The novel approach of producing tRV-VLPs, by using the consensus insect cell codon-optimised nucleotide sequence derived from dsRNA extracted directly from clinical specimens, should speed-up vaccine research and development by by-passing the need to adapt rotaviruses to cell culture. Other problems associated with cell culture adaptation, such as possible changes in epitopes, can also be circumvented. Thus, it is now possible to generate tRV-VLPs for evaluation as non-live vaccine candidates for any human or animal field rotavirus strain."
What did changes in drug reimbursement after the Medicare Modernization Act affect?,Did Changes in Drug Reimbursement After the Medicare Modernization Act Affect Chemotherapy Prescribing?
What is the TGF-Beta Downregulation of Distinct Chloride Channels,TGF-Beta Downregulation of Distinct Chloride Channels in Cystic Fibrosis-Affected Epithelia.
What was the most common dermatologic manifestation?,"BACKGROUND: Previous studies have shown that calcium channel blockers can cause cutaneous adverse reactions; however, the amounts of data collected are limited. Recently, there have been new drugs available for which only a few reports have been published with regard to cutaneous adverse reactions. OBJECTIVE: The purpose of our study was to estimate the rate and to study clinical patterns of cutaneous adverse drug reactions to calcium channel blockers. METHODS: Medical records of patients who had cutaneous adverse reactions to calcium channel blockers between January 2004 and December 2010, at the Adverse Drug Reaction Center of Siriraj hospital, Mahidol University, Bangkok, Thailand were reviewed. RESULTS: From 996,583 prescriptions of calcium channel blockers, forty six patients developed cutaneous adverse effects. Diltiazem was the drug that showed the highest rate of cutaneous reactions per million prescriptions. Maculopapular rash was the most common dermatologic manifestation (41.7%), followed by ankle/pedal edema (18.8%). Three patients (6.2%) developed Stevens-Johnson syndrome due to amlodipine and 1 patient (2.1%) developed toxic epidermal necrolysis due to manidipine. Four patients (8.7%) had renal or cardiovascular involvement. CONCLUSIONS: It is important to keep in mind that some patients may develop cutaneous adverse reactions, including severe reactions, from calcium channel blockers."
What is the therapeutic effect of a TM4SF5-specific monoclonal,Therapeutic effect of a TM4SF5-specific monoclonal antibody against colon cancer in a mouse model.
What is VAC therapy?,Vacuum Assisted Closure (VAC) therapyTM as a swiss knife multi-tool for enteric fistula closure: tips and tricks: a pilot study.
What is the main characteristic of nonylphenol and bisphenol A accumulation by fish?,Characteristics of nonylphenol and bisphenol A accumulation by fish and implications for ecological and human health.
What was the median follow-up time of all patients in the study?,"BACKGROUND AND OBJECTIVES: Loss of renal function in patients with primary membranous nephropathy cannot be reliably predicted by laboratory or clinical markers at the time of diagnosis. M-type phospholipase A2 receptor autoantibodies have been shown to be associated with changes in proteinuria. Their eventual effect on renal function, however, is unclear. DESIGN, SETTING, PARTICIPANTS, & MEASUREMENTS: In this prospective, open, multicenter study, the potential role of M-type phospholipase A2 receptor autoantibodies levels on the increase of serum creatinine in 118 consecutive patients with membranous nephropathy and positivity for serum M-type phospholipase A2 receptor autoantibodies was analyzed. Patients were included in the study between April of 2010 and December of 2012 and observed until December of 2013. The clinical end point was defined as an increase of serum creatinine by >/=25% and serum creatinine reaching >/=1.3 mg/dl. RESULTS: Patients were divided into tertiles according to their M-type phospholipase A2 receptor autoantibody levels at the time of inclusion in the study: tertile 1 levels=20-86 units/ml (low), tertile 2 levels=87-201 units/ml (medium), and tertile 3 levels >/=202 units/ml (high). The median follow-up time of all patients in the study was 27 months (interquartile range=18-33 months). The clinical end point was reached in 69% of patients with high M-type phospholipase A2 receptor autoantibodies levels (tertile 3) but only 25% of patients with low M-type phospholipase A2 receptor autoantibodies levels. The average time to reach the study end point was 17.7 months in patients with high M-type phospholipase A2 receptor autoantibodies levels and 30.9 months in patients with low M-type phospholipase A2 receptor autoantibodies levels. A multivariate Cox regression analysis showed that high M-type phospholipase A2 receptor autoantibodies levels-in addition to men and older age-are an independent predictor for progressive loss of renal function. CONCLUSIONS: High M-type phospholipase A2 receptor autoantibodies levels were associated with more rapid loss of renal function in this cohort of patients with primary membranous nephropathy and therefore, could be helpful for treatment decisions."
What was the median PLT count in BC-PC?,"BACKGROUND: Platelet (PLT) concentrates (PC) can be produced via the buffy coat (BC) or platelet-rich plasma (PRP) protocols. The 2 methods have not been compared with canine blood. OBJECTIVES: The aims of the study were to compare the PLT, WBC, and RBC concentrations, in vitro PLT function, and markers of platelet storage lesion (PSL) in canine PC generated by 2 different protocols, and determine microbial growth throughout storage. METHODS: PC from 8 healthy donor dogs were produced using 2 standard protocols, PRP and BC. PLT, WBC, and RBC counts, optical aggregometry assays, and PSL markers (pH, pCO2 , HCO3 , lactate and glucose concentrations, and LDH activity) were determined on storage days 0, 1, 3, 5, and 7. Aerobic and anaerobic bacterial cultures were also performed. RESULTS: Mean PLT counts were comparable between protocols and remained stable throughout storage up to day 7, while median WBC and RBC counts on day 0 were significantly higher in the BC-PC group (17,800 WBCs/muL; 195,000 RBCs/muL) than in the PRP-PC group (200 WBCs/muL; 10,000 RBCs/muL) (P = .012). In PRP-PC aggregometry, the median slope and amplitude in response to gamma-thrombin and convulxin (+ ADP) were significantly decreased, and virtually absent in BC-PC during storage. PSL markers (lactate, LDH activity) were higher in BC-PC. Aerobic bacterial growth was observed in 2 PRP-PC and 1 BC-PC. CONCLUSIONS: This in vitro study suggests that PRP-PC had lesser WBC and RBC contamination and superior PLT function compared with BC-PC. In vivo studies are required to address safety and efficacy of PRP-PC."
What is the LSEPAELTDAVK Peptide?,"Serum Concentrations of Prostate-Specific Antigen Measured Using Immune Extraction, Trypsin Digestion, and Tandem Mass Spectrometry Quantification of LSEPAELTDAVK Peptide."
What is the main barrier to a better understanding of how patients should be evaluated and treated?,"Disorders of sex development (DSD) represent a collection of rare diseases that generate substantial controversy regarding best practices for diagnosis and treatment. A significant barrier preventing a better understanding of how patients with these conditions should be evaluated and treated, especially from a psychological standpoint, is the lack of systematic and standardized approaches to identify cases for study inclusion. Common approaches include ""hand-picked"" subjects already known to the practice, which could introduce bias. We implemented an informatics-based approach to identify patients with DSD from electronic health records (EHRs) at three large, academic children's hospitals. The informatics approach involved comprehensively searching EHRs at each hospital using a combination of structured billing codes as an initial filtering strategy followed by keywords applied to the free text clinical documentation. The informatics approach was implemented to replicate the functionality of an EHR search engine (EMERSE) available at one of the hospitals. At the two hospitals that did not have EMERSE, we compared case ascertainment using the informatics method to traditional approaches employed for identifying subjects. Potential cases identified using all approaches were manually reviewed by experts in DSD to verify eligibility criteria. At the two institutions where both the informatics and traditional approaches were applied, the informatics approach identified substantially higher numbers of potential study subjects. The traditional approaches yielded 14 and 28 patients with DSD, respectively; the informatics approach yielded 226 and 77 patients, respectively. The informatics approach missed only a few cases that the traditional approaches identified, largely because those cases were known to the study team, but patient data were not in the particular children's hospital EHR. The use of informatics approaches to search electronic documentation can result in substantially larger numbers of subjects identified for studies of rare diseases such as DSD, and these approaches can be applied across hospitals."
What is the treatment regime for pulmonary arterial hypertension?,Riociguat as a treatment regime for pulmonary arterial hypertension: a review.
What is the morphokinetic study in the mouse?,Laser-assisted zona pellucida thinning does not facilitate hatching and may disrupt the in vitro hatching process: a morphokinetic study in the mouse.
What is the cause of pulmonary rheumatoid nodules?,Occurrence of pulmonary rheumatoid nodules following biological therapies.
What is the clinical response to ECT?,"OBJECTIVES: This study aimed to compare the effects of propofol, thiopental, and etomidate, which are routinely used in anesthesia for electroconvulsive therapy (ECT), on the cardiovascular system, seizure variables, recovery, cognitive functions, and response to treatment. METHODS: Male patients hospitalized at the Seventh Psychiatry Clinics of the Bakirkoy Teaching Hospital for Psychiatry, Neurology, and Neurosurgery who were treated with ECT were investigated prospectively. The effects on cardiovascular system parameters (heart rate, blood pressure, and blood oxygenation), seizure variables (duration and intensity of seizure), and recovery variables were recorded at every session, on prespecified time points, and the findings of the first session were used in this evaluation. In addition, clinical responses to treatment were evaluated with tests of cognitive functions before and after a course of ECT. Adverse effects were recorded. RESULTS: The sociodemographic characteristics of the 3 treatment groups were similar. There were no significant differences among the groups in terms of effects on cardiovascular system variables, seizure variables, and cognitive functions. The clinical response to ECT was good in all groups, without any significant differences. CONCLUSIONS: Propofol, etomidate, and thiopental are associated with similar safety and efficacy profiles."
What is the tyrphostin called?,"The tyrphostin, NT157, suppresses insulin receptor substrates and augments therapeutic response of prostate cancer."
What is the name of the aortic arch pathology that is becoming the target of,"Chronic and acute diseases of the thoracic aorta, including aortic dissection and aortic aneurysm are attracting increasing attention both in the light of an ageing Western and Oriental population and with the proliferation of modern diagnostic imaging modalities. While classical surgical strategies still dominate the care for acute and chronic pathology of the ascending aorta and the proximal arch region, new endovascular concepts are emerging and are likely to evolve as primary treatment strategies for descending aortic pathology in suitable patients constituting the majority of cases. Additionally, aortic arch pathologies are becoming the target of hybrid approaches combining surgical head-vessel debranching and interventional stent-graft implantation in the attempt to improve outcome by avoiding the high risk of open arch repair or complete replacement. Nonetheless, due to the complexity of the underlying vascular disease, every patient should be discussed in a team consisting of cardiologists, cardiac surgeons, anaesthesiologists and radiologists and an individualized therapeutic strategy should be carried out in a center with experience in both endovascular and surgical procedures."
What is the name of the five new Iridoids from Roots of Salvia digitalo,Five New Iridoids from Roots of Salvia digitaloides.
What is the Associated with a Paradoxical Gain of Muscle Function In Vivo,Alterations at the Cross-Bridge Level Are Associated with a Paradoxical Gain of Muscle Function In Vivo in a Mouse Model of Nemaline Myopathy.
How many patients were recruited in this study?,"OBJECTIVE: The purpose of this study was to investigate frequent disease-causing gene mutations in autosomal recessive retinitis pigmentosa (arRP) in the Japanese population. METHODS: In total, 99 Japanese patients with non-syndromic and unrelated arRP or sporadic RP (spRP) were recruited in this study and ophthalmic examinations were conducted for the diagnosis of RP. Among these patients, whole exome sequencing analysis of 30 RP patients and direct sequencing screening of all CNGA1 exons of the other 69 RP patients were performed. RESULTS: Whole exome sequencing of 30 arRP/spRP patients identified disease-causing gene mutations of CNGA1 (four patients), EYS (three patients) and SAG (one patient) in eight patients and potential disease-causing gene variants of USH2A (two patients), EYS (one patient), TULP1 (one patient) and C2orf71 (one patient) in five patients. Screening of an additional 69 arRP/spRP patients for the CNGA1 gene mutation revealed one patient with a homozygous mutation. CONCLUSIONS: This is the first identification of CNGA1 mutations in arRP Japanese patients. The frequency of CNGA1 gene mutation was 5.1% (5/99 patients). CNGA1 mutations are one of the most frequent arRP-causing mutations in Japanese patients."
What is a complication of cholecystectomy?,"Bile duct injuries are a recognised complication of cholecystectomy and a number of options exist for their evaluation. A 44-year-old woman presented with a suspected biliary leak 11 days following an open cholecystectomy. Her medical history was significant for biliopancreatic diversion 2 years previously. An ultrasound scan demonstrated a perihepatic collection but no dilation of the biliary tree was observed. The patient's surgical history and the lack of biliary dilation precluded an endoscopic retrograde cholangiopancreatography or percutaneous transhepatic cholangiography, and she could not undergo an MR cholangiopancreatography due to claustrophobia. A CT cholangiogram was performed and clarified the location of the injury, facilitating operative identification and repair of the bile duct. CT cholangiography performed as a dynamic procedure is useful as a means of identifying bile duct injuries."
What is the paradigm for understanding brain functioning?,"This article describes an interactive paradigm for understanding brain functioning. This model requires both explicit and implicit learning processes. This paradigm is illustrated through the interpretation of practical examples of behavior. Applications of current neuropsychological tests are presented within this interactive paradigm. The development of new neuropsychological tests is presented, as derived from experimental test paradigms that evaluate implicit learning processes."
STAT3: A Novel Molecular Mediator of Resistance to Chemoradiotherapy,STAT3: A Novel Molecular Mediator of Resistance to Chemoradiotherapy.
What is Wortmannin apoptosis in human ovarian cancer cells?,Wortmannin enhances cisplatin-induced apoptosis in human ovarian cancer cells in vitro.
What is the name of the study that provides an initial proof of concept for online social cognition,"BACKGROUND: Pervasive social cognition deficits are evident early in the course of schizophrenia and are directly linked to functional outcome, making them an important target for intervention. Here, we tested the feasibility of use, and initiated the evaluation of efficacy, of a novel, neuroplasticity-based online training program (SocialVille) in young adults with schizophrenia. METHODS: Schizophrenia patients (n=17) completed 24 hours of online SocialVille game play either from home or at a clinic, over a 6-10 week period. We examined training feasibility, gains on the SocialVille exercises relative to matched healthy controls (n=17), and changes on measures of social cognition, social functioning, global functioning and motivation. RESULTS: Subjects adhered to training requirements, and rated SocialVille in the medium to high range in satisfaction, enjoyment, and ease of use. Subjects demonstrated significant, large improvements on the speeded SocialVille tasks, and small to moderate improvements on the working memory tasks. Post-training performance on the SocialVille tasks were similar to initial performance of the healthy controls. Subjects also showed improvements on standard measures of social cognition, social functioning, and motivation. No improvements were recorded for emotion recognition indices on the MSCEIT, or on quality of life scales. CONCLUSION: This study provides an initial proof of concept for online social cognition training in schizophrenia. This form of training demonstrated feasibility and resulted in within-subject gains in social functioning and motivation. This pilot study represents a first step towards validating this training approach; randomized controlled trials, now underway, are designed to confirm and extend these findings."
What is the only second row transition metal essential for biological systems?,"Molybdenum is the only second row transition metal essential for biological systems, which is biologically available as molybdate ion. In eukarya, bacteria and archaea, molybdenum is bound to either to a tricyclic pyranopterin, thereby forming the molybdenum cofactor (Moco), or in some bacteria to the FeS cluster based iron-molybdenum cofactor (FeMoco), which forms the active site of nitrogenase. To date more than 50 Moco-containing enzymes have been purified and biochemically or structurally characterized. The physiological role of molybdenum in these enzymes is fundamental to organisms, since the reactions include the catalysis of key steps in carbon, nitrogen and sulfur metabolism. The catalyzed reactions are in most cases oxo-transfer reactions or the hydroxylation of carbon centers. The biosynthesis of Moco has been intensively studied, in addition to its insertion into molybdoenzymes. In particular, a link between the biosynthesis and maturation of molybdoenzymes and the biosynthesis and distribution of FeS clusters has been identified in the last years: 1) The synthesis of the first intermediate in Moco biosynthesis requires an FeS-cluster containing protein, 2) The sulfurtransferase for the dithiolene group in Moco is common also for the synthesis of FeS clusters, thiamin and thiolated tRNAs, 3) the modification of the active site with a sulfur atom additionally involves a sulfurtransferase, 4) most molybdoenzymes in bacteria require FeS clusters as additional redox active cofactors. In this review we will focus on the biosynthesis of the molybdenum cofactor in bacteria, its modification and insertion into molybdoenzymes, with an emphasis to its link to FeS cluster biosynthesis and sulfur transfer. This article is part of a Special Issue entitled: Fe/S proteins: Analysis, structure, function, biogenesis and diseases."
What is the relationship between antibiotic consumption and socio-demographic factors?,"Antibiotic consumption in relation to socio-demographic factors, co-morbidity, and accessibility of primary health care."
What was the name of the group 1/CV?,"Objectives: To determine the clinical and laboratory differences between cryoglobulinaemic and hypergammaglobulinaemic purpura in primary Sjogren's syndrome (pSS), in a large Italian multicentre cohort. Method: Patients were selected according to the following criteria: fulfilling the American-European classification criteria for pSS, serum cryoglobulin and gammaglobulin levels evaluated, and lack of hepatitis C virus (HCV) infection. Multinomial analyses were performed by distinguishing three groups of pSS: (i) purpura associated with cryoglobulinaemic vasculitis (CV), (ii) purpura associated with hypergammaglobulinaemic vasculitis (HGV), and (iii) pSS patients without purpura (pSS controls). Patients with purpura but without cryoglobulins or hypergammaglobulinaemia were excluded. Results: A total of 652 patients were enrolled in this study. Group 1/CV comprised 23/652 patients (3.53%), group 2/HGV 40/652 patients (6.13%), and group 3/pSS controls 589/652 (90.34%). The three groups were found to be significantly different from each other (post-estimation test: group 1/CV vs. group 3/pSS controls: p < 0.0001; group 1/CV vs. group 2/HGV: p = 0.0001; group 2/HGV vs. group 3/pSS controls: p = 0.0003), thus confirming the different phenotypes of purpura in pSS.Multivariate analyses revealed that peripheral neuropathy (p < 0.001), low C4 (p < 0.001), leucopaenia (p = 0.01), serum monoclonal component (p = 0.02), and the presence of anti-SSB/La antibodies (p = 0.02) characterized CV whereas rheumatoid factor (p = 0.001), leucopaenia (p = 0.01), serum monoclonal component (p = 0.01), and anti-SSA/Ro antibodies (p = 0.049) were significantly associated with HGV. Lymphoma was associated only with CV. Conclusions: HGV is a cutaneous vasculitis, related to a benign B-cell proliferation, whereas CV is a systemic immune complex-mediated vasculitis with complement activation and a higher risk of lymphoma, thus confirming CV but not HGV as a prelymphomatous condition in pSS."
What method of casting is used to preserve alveolar microstructure?,Lung tissue engineering and preservation of alveolar microstructure using a novel casting method.
What is the cause of widespread concerns in China?,"Hand, foot, and mouth disease (HFMD) affects more than one million children, is responsible for several hundred child deaths every year in China and is the cause of widespread concerns in society. Only a small fraction of HFMD cases will develop further into severe HFMD with neurologic complications. A timely and accurate diagnosis of severe HFMD is essential for assessing the risk of progression and planning the appropriate treatment. Human serum can reflect the physiological or pathological states, which is expected to be an excellent source of disease-specific biomarkers. In the present study, a comparative serological proteome analysis between severe HFMD patients and healthy controls was performed via a two-dimensional difference gel electrophoresis (2D-DIGE) and matrix-assisted laser desorption/ionization time-of-flight mass spectrometry (MALDI-TOF MS) strategy. Fifteen proteins were identified as differentially expressed in the sera of the severe HFMD patients compared with the controls. The identified proteins were classified into different groups according to their molecular functions, biological processes, protein classes and physiological pathways by bioinformatics analysis. The up-regulations of two identified proteins, serum amyloid A (SAA) and clusterin (CLU), were confirmed in the sera of the HFMD patients by ELISA assay. This study not only increases our background knowledge about and scientific insight into the mechanisms of HFMD, but also reveals novel potential biomarkers for the clinical diagnosis of severe HFMD."
What was the mean shear wave velocity for normal testicular tissue?,"PURPOSE: Virtual touch tissue imaging quantification (VTIQ) is a newly developed technique for the sonographic quantification of tissue elasticity. It has been used in the assessment of breast lesions. The purpose of this study was to determine the diagnostic performance of VTIQ in indeterminate testicular lesions. METHODS: Twenty patients with known testicular pathology underwent conventional B-mode sonography with additional VTIQ of the testicular lesions using a Siemens Acuson S2000 and S3000 (Siemens Medical Solutions, Mountain View, CA, USA) system. Tissue mechanical properties were analysed in the VTIQ examination. The pathologic diagnosis was established after surgery or in the follow-up examination for suspected benign lesions. RESULTS: Over 36 months, 22 focal testicular lesions (median lesion size, 18 mm; range, 4-36 mm in 20 patients (median age, 43 years; range, 22-81 years) were examined. Lesions were hyperechoic (n = 1), hypoechoic (n = 14), isoechoic (n = 1), of mixed echogenicity (n = 3) or anechoic (n = 3). Histological examination showed one benign lesion (6.25%) with a mean size of 7 mm and 15 malignant lesions (93.75%) with a mean size of 20 mm. Mean shear wave velocity for normal testicular tissue was 1.17 m/s. No value of the shear wave velocity could be measured in cystic lesions. The rest of the benign lesions showed a mean shear wave velocity of 2.37 m/s. The value of the shear wave velocity in germ cell tumours showed a mean shear wave velocity of 1.94 m/s and for seminoma it showed a mean shear wave velocity of 2.42 m/s. CONCLUSIONS: VTIQ is a reliable new method for measuring qualitative and quantitative stiffness of testis lesions and tissue. The qualitative shear-wave elastography features were highly reproducible and showed good diagnostic performance in unclear testicular lesions. The VTIQ technique is also useful in assessing small testicular nodules and pseudo lesions."
What was the effect of chronic administration of tricyclic antidepressant?,"OBJECTIVES: The present study examined the hypothesis that combined exposure to repeated challenge using low doses of lipopolysaccharide (LPS) and chronic mild stress (CMS) together This combined exposure is thought to expose the animals to more realistic challenges, testable on different levels (behavioral, neurochemical, immunohistochemical and gene expression). The role of glial cells was examined, as well. Additionally, the effects of chronic administration of tricyclic antidepressant, imipramine and anti-TNF-alpha, pentoxyphylline were investigated. METHODS: Wistar rats were exposed to either repeated LPS (50mug/kgi.p.) over 2weeks, CMS protocol for 4weeks or LPS over 2weeks then 4weeks CMS. Two groups of rats were exposed to LPS/CMS protocol and treated with either imipramine or pentoxifylline. Rats were examined for behavioral, neurochemical and gene expression changes. RESULTS: Animals exposed to LPS/CMS elaborated depressive-like symptoms with significant increase in both serum corticosterone and TNF-alpha level compared to saline, LPS or CMS groups. Hippocampal kynurenine/tryptophan ratio and TNF-alpha gene expression showed significant increase in the LPS/CMS model compared to saline, LPS or CMS groups. The immunohistochemical findings, scrutinized the topography of the examined effects. Chronic treatment with imipramine or pentoxifylline significantly ameliorated the behavioral, neurochemical, immunohistochemical and TNF-alpha gene expression changes induced by the LPS/CMS protocol. CONCLUSION: This study gave a clue to the neurobiological processes underlying, at least subtypes of depressive disorders. It highlighted the possible interactions between stress and immune-inflammatory pathways in the pathogenesis of depression and suggested a new animal model of depression that addresses these pathways."
What was the main cause of the inflammatory CD4+ T cells?,"Accumulating evidence indicates that both defects in Treg numbers and/or function as well as resistance of effector T cells to suppression may contribute to the development of human chronic inflammatory diseases. However, which mechanism involved in the progression of atherosclerosis remains unclear. In this study, we evaluated the production and function of CD4+ inflammatory and regulatory T cells in atherosclerosis-prone mice. We found that the hyperactivity and unresponsiveness to Treg-mediated suppression of inflammatory CD4+ T cells occurred in the progression of atherosclerosis, though Treg cells were present in very large numbers and fully functional. We further found that Gr-1+CD11b+ immature myeloid cells were significantly accumulated in atherosclerotic Apo E-/- mice, and they promoted resistance of inflammatory CD4+ T cells to Treg-mediated suppression in vitro and in vivo. we further confirmed that Gr-1+CD11b+ immature myeloid cells produced high level of interleukin 6 which was at least partially responsible for inducing unresponsiveness of inflammatory CD4+ T cells to suppression via activation of Jak/Stat signaling pathway. Taken together, these findings might provide new insights to explore potential targets for immune therapeutic intervention in atherosclerosis."
What is the name of the exercise that prevents Cisplatin-Induced Mus,Voluntary Exercise Prevents Cisplatin-Induced Muscle Wasting during Chemotherapy in Mice.
What is the pulmonary arterial pressure in patients with acute pulmonary thromboembolism,Correlation between the embolism area and pulmonary arterial systolic pressure as an indicator of pulmonary arterial hypertension in patients with acute pulmonary thromboembolism.
How many patients were assigned to the LD group?,"AIM: External ventricular drainage (EVD) and lumbar drainage (LD) are the most widely used procedures for continued bloody cerebrospinal fluid drainage. Each has his own advantages and disadvantages. Here, we compared complications and clinical outcomes in patients with World Federation of Neurosurgical Societies (WFNS) grade III aneurysmal subarachnoid hemorrhage (aSAH) who underwent coil placement followed by EVD or LD. MATERIAL and METHODS: In this prospective, controlled study, all patients with aSAH classified as WFNS grade III who underwent coil placement at our institution were divided randomly into 2 groups: the EVD group and the LD group. The ratios of intracerebral hemorrhage, vasospasm, infection, duration of catheter placement, hydrocephalus, and Glasgow outcome scale (GOS) after 2 months of onset were analyzed between the 2 groups. RESULTS: A total of 148 patients (mean age 56.8 years) were enrolled in this study. Seventy-six patients were assigned to the EVD group, and 72 patients were assigned to the LD group. The average time interval from stroke onset to surgery was 35.1 h. Compared with the EVD group, the LD group had a lower incidence of intracerebral hemorrhage, slightly higher rates of infection and hydrocephalus, and similar vasospasm and chronic hydrocephalus rates, durations of catheter placement, and GOS scores at 2 months after onset. CONCLUSION: In order to improve the clinical outcomes of patients with aSAH, we suggest that LD is better than EVD for patients with WFNS grade III aSAH who underwent coil placement."
Brinzolamide plus brimonidine for treatment of glaucoma: an,Brinzolamide plus brimonidine for the treatment of glaucoma: an update.
What is the last line defense therapy against Multi Drug Resistant Gram-negative bacteria?,"BACKGROUND: Colistin is an old antibiotic that has recently gained a considerable renew of interest as the last line defense therapy against Multi Drug Resistant Gram-negative bacteria. It is administered as colistin methanesulfonate (CMS), an inactive prodrug, and it was shown that due to slow CMS conversion, colistin plasma concentrations increase very slowly after treatment initiation, which constitutes the rational for a loading dose in critically ill patients. Yet faster CMS conversion was observed in healthy volunteers, but using a different CMS brand, which may also have a major impact on colistin pharmacokinetics. METHODS: Seventy-three (73) critically ill patients non under dialysis received multiple dosing of CMS. Concentrations were measured by LC-MS/MS and a pharmacokinetic analysis was conducted using a population approach. RESULTS: We confirmed that CMS renal clearance and colistin concentrations at steady-state are mostly governed by creatinine clearance, but we predict a typical Cmax of colistin close 2 mg/L, occurring 3 hours after an initial 2 MIU CMS dose. Accordingly colistin t1/2 estimate was relatively short (3.1 h) and steady-state rapidly reached. CONCLUSIONS: Our results are only partially consistent with those recently published. We confirm that CMS maintenance dose should be adjusted to renal function in critically ill patients. However much higher than expected colistin concentrations were observed after the initial CMS dose with rapid steady-state achievement. These discrepancies challenge the pharmacokinetic rationale for a loading dose which may still be appropriate for rapid bacteria eradication and improved clinical cure rate."
What is the highest risk of HIV/HCV infection?,"Persons who inject drugs (PWID) are at an elevated risk for human immunodeficiency virus (HIV) and hepatitis C virus (HCV) infection. In many high-income countries, needle and syringe exchange programs (NSPs) have been associated with reductions in blood-borne infections. However, we do not have a good understanding of the effectiveness of NSP in low/middle-income and transitional-economy countries. A systematic literature review based on PRISMA guidelines was utilized to collect primary study data on coverage of NSP programs and changes in HIV and HCV infection over time among PWID in low- and middle-income and transitional countries (LMICs). Included studies reported laboratory measures of either HIV or HCV and at least 50% coverage of the local injecting population (through direct use or through secondary exchange). We also included national reports on newly reported HIV cases for countries that had national level data for PWID in conjunction with NSP scale-up and implementation. Studies of 11 NSPs with high-coverage from Bangladesh, Brazil, China, Estonia, Iran, Lithuania, Taiwan, Thailand, and Vietnam were included in the review. In five studies, HIV prevalence decreased (range -3% to -15%) and in three studies HCV prevalence decreased (range -4.2% to -10.2%). In two studies, HIV prevalence increased (range +5.6% to +14.8%). HCV incidence remained stable in one study. Of the four national reports of newly reported HIV cases, three reported decreases during NSP expansion, ranging from -30% to -93.3%, whereas one national report documented an increase in cases (+37.6%). Estimated incidence among new injectors decreased in three studies, with reductions ranging from -11/100 person years at risk to -16/100 person years at risk. While not fully consistent, the data generally support the effectiveness of NSP in reducing HIV and HCV infection in low/middle-income and transitional-economy countries. If high coverage is achieved, NSP appear to be as effective in LMICs as in high-income countries. Additional monitoring and evaluation research is needed for NSPs where reductions in HIV/HCV infection among PWID are not occurring in order to identify and correct contributing problems."
What is the name of the sphingoid base-dependent local,Renal Sulfatides: Sphingoid Base-Dependent Localization and Region-Specific Compensation of CerS2-Dysfunction.
What is the cost of antibiotic resistance in Escherichia coli?,Lytic phages obscure the cost of antibiotic resistance in Escherichia coli.
What is the Tumor of the Bladder?,Inflammatory Myofibroblastic Tumor of the Bladder.
What is the name of the first human medicine containing a genetically modified organism?,"Abstract Recently, the first human medicine containing a genetically modified organism (GMO medicine) was authorized for use in the European market. Just as any medicinal product, the market authorization for a GMO medicine contains a precise description of the therapeutic use for which the medicinal product is intended. Within this use, the application of the GMO medicine is permitted, without the need for the institution to obtain a specific permit. In practice, however, medicinal products are also frequently prescribed for treatment outside the registered therapeutic use, a practice that is referred to as ""off-label use."" While off-label use of conventional medicines is permitted and has been very useful, the off-label use of GMO medicines is not covered in the European Union (EU) legislation or guidelines and falls under each member state's national environmental legislation. This implies that in the Netherlands and most other EU member states, an environmental permit will be required for any institution that uses the GMO medicine outside the registered application(s). In the Netherlands, this permit is identical to the permits required for the execution of clinical trials involving nonregistered GMOs. The application procedure for such permit is time-consuming. This process can therefore limit the therapeutic options for medical professionals. As a consequence, desired treatment regimens could be withheld for certain patient (groups). To make future off-label use of GMO medicines permissible in a way that is acceptable for all stakeholders, regulators should adopt a proactive attitude and formulate transparent legislative procedures for this. Only then the field can maintain the public acceptance of GMO medicines, while maintaining the freedom to operate of medical professionals."
,
What is the name of the group of trypanosome parasites that comprises T.,"The Trypanosoma cruzi clade is a group of parasites that comprises T. cruzi sensu lato and its closest relatives. Although several species have been confirmed phylogenetically to belong to this clade, it is uncertain how many more species can be expected to belong into this group. Here, we present the results of a survey of trypanosome parasites of the bat Artibeus jamaicensis from the Panama Canal Zone, an important seed disperser. Using a genealogical species delimitation approach, the Poisson tree processes (PTP), we tentatively identified five species of trypanosomes - all belonging to the T. cruzi clade. A small monophyletic group of three putative Trypanosoma species places at the base of the clade phylogeny, providing evidence for at least five independent colonization events of these parasites into the New World. Artibeus jamaicensis presents a high diversity of these blood parasites and is the vertebrate with the highest number of putative trypanosome species reported from a single locality. Our results emphasize the need for continued efforts to survey mammalian trypanosomes."
What is the name of the software used to quantify actin SFs?,"Actin stress fibers (SFs) detect and transmit forces to the extracellular matrix through focal adhesions (FAs), and molecules in this pathway determine cellular behavior. Here, we designed two different computational tools to quantify actin SFs and the distribution of actin cytoskeletal proteins within a normalized cellular morphology. Moreover, a systematic cell response comparison between the control cells and those with impaired actin cytoskeleton polymerization was performed to demonstrate the reliability of the tools. Indeed, a variety of proteins that were present within the string beginning at the focal adhesions (vinculin) up to the actin SFs contraction (non-muscle myosin II (NMMII)) were analyzed. Finally, the software used allows for the quantification of the SFs based on the relative positions of FAs. Therefore, it provides a better insight into the cell mechanics and broadens the knowledge of the nature of SFs."
What is the spectrum of activity and mechanism of resistance of Various Nucleoside Deriv,Spectrum of Activity and Mechanisms of Resistance of Various Nucleoside Derivatives against gamma-herpesviruses.
What was the rate of use/abuse of Schedule II-IV prescription medications in U,"OBJECTIVES: This study establishes rates of use/abuse of Schedule II-IV prescription medications in U.S. active duty military personnel, and characterizes correlates of such use/abuse. METHODS: All active duty personnel serving for 12 months during fiscal year 2010 were included. Data were obtained from medical and pharmacy claims and drug screening results. Logistic regression models were used to examine predictors of drug use, along with bivariate analyses to compare abuse of prescribed and illegal drugs. RESULTS: Nearly one-third of active duty service members received at least one prescription for opioids, central nervous system depressants, or stimulants, with 26.4% having received at least one prescription for opioids. About 0.7%, 1.4%, and 0.6% of the total force received >90-day prescriptions for opioids, central nervous system depressants, or stimulants, respectively. Battlefield injury, receipt of psychotropic medications, and substance abuse adverse events were predictive of >90-day supply of opioids. About 0.7% of the total force had documented known drug abuse for prescribed drugs compared to 0.4% for illegal drug abuse. CONCLUSIONS: We recommend systematic monitoring of prescriptions for controlled substances which may carry serious consequences, evaluation of the impact of controlled substances on military readiness, and examination of the rationale for prescribing controlled drugs."
What is the first study demonstrating that MSCs from human arteries constitutively interact,"Abstract Cells use several mechanisms to transfer information to other cells. In this study, we describe micro/nanotubular connections and exosome-like tubule fragments in multipotent mesenchymal stem cells (MSCs) from human arteries. Scanning and transmission electron microscopy allowed characterization of sinusoidal microtubular projections (700 nm average size, 200 microm average length, with bulging mitochondria and actin microfilaments); short, uniform, variously shaped nanotubular projections (100 nm, bidirectional communication); and tubule fragments (50 nm). This is the first study demonstrating that MSCs from human arteries constitutively interact through an articulate and dynamic tubule network allowing long-range cell to cell communication."
What is the name of the study that focuses on the biological function and clinical use of CD,The Biological Function and Clinical Utilization of CD147 in Human Diseases: A Review of the Current Scientific Literature.
What was the odds ratio for CRC?,"PURPOSE: The Medicare Prescription Drug, Improvement, and Modernization Act of 2003 (MMA) decreased fee-for-service (FFS) payments for outpatient chemotherapy. We assessed how this policy affected chemotherapy in FFS settings versus in integrated health networks (IHNs). PATIENTS AND METHODS: We examined 5,831 chemotherapy regimens for 3,613 patients from 2003 to 2006 with colorectal cancer (CRC) or lung cancers in the Cancer Care Outcomes Research Surveillance Consortium. Patients were from four geographically defined regions, seven large health maintenance organizations, and 15 Veterans Affairs Medical Centers. The outcome of interest was receipt of chemotherapy that included at least one drug for which reimbursement declined after the MMA. RESULTS: The odds of receiving an MMA-affected drug were lower in the post-MMA era: the odds ratio (OR) was 0.73 (95% CI, 0.59 to 0.89). Important differences across cancers were detected: for CRC, the OR was 0.65 (95% CI, 0.46 to 0.92); for non-small-cell lung cancer (NSCLC), the OR was 1.60 (95% CI, 1.09 to 2.35); and for small-cell lung cancer, the OR was 0.63 (95% CI, 0.34 to 1.16). After the MMA, FFS patients were less likely to receive MMA-affected drugs: OR, 0.73 (95% CI, 0.59 to 0.89). No pre- versus post-MMA difference in the use of MMA-affected drugs was detected among IHN patients: OR, 1.01 (95% CI, 0.66 to 1.56). Patients with CRC were less likely to receive an MMA-affected drug in both FFS and IHN settings in the post- versus pre-MMA era, whereas patients with NSCLC were the opposite: OR, 1.60 (95% CI, 1.09 to 2.35) for FFS and 6.33 (95% CI, 2.09 to 19.11) for IHNs post- versus pre-MMA. CONCLUSION: Changes in reimbursement after the passage of MMA appear to have had less of an impact on prescribing patterns in FFS settings than the introduction of new drugs and clinical evidence as well as other factors driving adoption of new practice patterns."
Behcet's syndrome: a critical digest of the 2013-2014 literature.,Behcet's syndrome: a critical digest of the 2013-2014 literature.
What is the OBJECTIVE of early diagnosis?,"OBJECTIVE: Early diagnosis is necessary in order to determine neurological integrity and the potential risk of improper development, and also to undertake possible early intervention. The quantitative assessment consists of observation of motor development, and provides information about whether a child performs an activity (movement) expected at a given life period. The qualitative assessment of motor performance verifies whether a specific activity is performed properly. The papers aims to demonstrate the motor performance assessment sheet for infants at the age of 6 months and assessment of qualitative elements of 3rd month at the age of 6 months. SUBJECTS AND METHODS: 173 infants (76f/97m) were assessed by a neurologist and a physiotherapist at the age of 6 and 9 months. The neurologist set the final diagnosis at the age of 16 months. Additionally, the physiotherapist assessed qualitative elements typical of the 6th month and of the 3rd month. Risk factors possibly affecting motor performance were considered. RESULTS: The assessment performed by the neurologist and the physiotherapist demonstrated high conformity. Infants with varying degrees of developmental delay and with cerebral palsy at the age of 6 months have still not achieved all of the qualitative characteristics typical of the 3rd month of life, nor proper performance for the 6th month. The low Apgar score and the presence of intraventricular haemorrhage affected the motor development at the age of 6 months. CONCLUSIONS: The author's motor development assessment sheet applied at the age of 6 months proves to be a sensitive research tool and demonstrates good predictive value."
What is the clinical effect of Protein and Amino Acid Supplementation on Building Muscle Mass,Clinical Effectiveness of Protein and Amino Acid Supplementation on Building Muscle Mass in Elderly People: A Meta-Analysis.
How many new iridoids were isolated from the roots of Salvia digitaloides?,"Five new iridoids, salvialosides A-E (compounds 1-5), together with fifty known compounds were isolated from the roots of Salvia digitaloides. The structures of the new compounds were completely elucidated using a combination of 2D NMR techniques (COSY, NOESY, HMQC and HMBC) and HR-ESI-MS analyses. The known compounds were identified by comparison of their spectroscopic and physical data with those reported in the literature."
What is the name of the drug interactions between Pharmacokinetic and Pharmacodynamic drugs,Pharmacokinetic and Pharmacodynamic Drug Interactions with Ethanol (Alcohol).
What is the name of the study that focuses on Readmissions after Hospitalization for Heart,"Readmissions after Hospitalization for Heart Failure, Acute Myocardial Infarction, or Pneumonia among Young and Middle-Aged Adults: A Retrospective Observational Cohort Study."
What is the name of the Activation of Neuronal and Astrocytes,Persistent At-Level Thermal Hyperalgesia and Tactile Allodynia Accompany Chronic Neuronal and Astrocyte Activation in Superficial Dorsal Horn following Mouse Cervical Contusion Spinal Cord Injury.
What was the cause of the seizure triggered by hyponatraemia?,"History and clinical findings: A 69-year-old woman with small cell lung cancer presented in the emergency ward because of severe back pain. She had received tolvaptan treatment in hospital for paraneoplastic SIADH but had discontinued the drug after discharge from hospital 3 days ago. Restriction of fluid intake was not tolerated. Investigations: Consistent with SIADH, there were profound hyponatraemia, elevated urine osmolality and urine sodium. Treatment and course: After a generalized seizure triggered by hyponatraemia, tolvaptan was reintroduced in addition to radiochemotherapy. Serum sodium concentration increased and finally returned to normal. Conclusion: If restriction of fluid intake is not tolerated by the patients the vasopressin antagonist tolvaptan provides an alternative symptomatic treatment of paraneoplastic SIADH."
What is the effect of High Intensity Exercise on Disease Activity and Cardiovascular Risk in,Efficacy of High Intensity Exercise on Disease Activity and Cardiovascular Risk in Active Axial Spondyloarthritis: A Randomized Controlled Pilot Study.
What is the LSEPAELTDAVK peptide?,"Context.-Prostate-specific antigen (PSA) is a 34-kDa glycoprotein with chymotrypsin-like enzyme activity that circulates both in free forms and complexed to various enzyme inhibitors including antichymotrypsin and alpha2-macroglobulin. Prostate-specific antigen bound to alpha2-macroglobulin is not detected by commercial PSA immunoassays. Objective.-To develop a mass spectrometry assay that detects the same forms of PSA as the immunoassays, which could serve as a reference for harmonizing PSA immunoassays. Design.-Prostate-specific antigen was immune extracted from serum, trypsin was digested, and the LSEPAELTDAVK peptide was quantitated on an API 5000 spectrometer. Calibrators were made by adding 10% free and 90% antichymotrypsin-bound PSA to female sera. The assay was standardized to the World Health Organization 96/670 reference standard. Validation of clinical utility and comparisons with 2 immunoassays (Roche cobas and Beckman Access) were performed using frozen sera aliquots from 100 men undergoing prostate biopsy (50 negative, 50 with cancer) and 5 serial samples collected over time from 5 men with advanced prostate cancer. Results.-The antibody extraction efficiency was greater than 99%. The assay has an analytic range from 1.2 to 76 ng/mL, with precision ranging from 8.6% at 1.5 ng/mL to 5.4% at 27 ng/mL. The mass spectrometry assay correlated well with 2 immunoassays. All 3 assays showed statistically equivalent separation of prostate cancer from benign disease using receiver operating characteristic curve analysis. Conclusions.-This mass spectrometry assay can reliably measure PSA concentrations in human serum and could serve as a reference standard for harmonizing PSA immunoassays."
What is the name of the association between Blood Lipid Levels and Personality Traits in,Association between Blood Lipid Levels and Personality Traits in Young Korean Women.
What is the main component of the nuclear receptor superfamily?,"Pregnane X receptor (PXR) is an important member of the nuclear receptor superfamily that copes with various endobiotic and xenobiotic stimuli, such as carcinogens by regulating an array of environmental response genes. Low PXR expression has been shown to promote tumor initiation and metastasis. The aim of the current study was to investigate whether the single nucleotide polymorphisms (SNPs) of PXR could alter lung cancer susceptibility in Chinese by affecting the function or expression of PXR. We genotyped three putatively functional SNPs of PXR (i.e., rs3814055C>T, rs3732360C>T, and rs3814058C>T) and analyzed their associations with lung cancer risk in a two-stage case-control study with a total of 1559 lung cancer cases and 1679 controls in the southern and eastern Chinese population. We found that in comparison to the rs3814058CC common genotype, the rs3814058T variants (TC/TT) which is located in the 3'-untranslated region (3'-UTR) of PXR conferred a consistently increased risk of lung cancer in both the southern Chinese (odd ratios (OR) = 1.24, 95% confidence interval (CI) = 1.03-1.49) and the eastern Chinese (OR = 1.33, 95% CI = 1.02-1.75). The variants also significantly interacted with smoking on increasing cancer risk (p = 0.023). Moreover, lung cancer tissues with the rs3814058T variants showed significantly lower PXR expression than those with rs3814058CC genotype in the smokers (p = 0.041). These results suggested that the rs3814058C>T polymorphism of PXR interacts with smoking on increasing lung cancer risk in Chinese smokers, which might be a functional genetic biomarker for lung cancer."
How many patients were enrolled in the phase I clinical trial?,"Background:We completed a phase I clinical trial to test the safety and toxicity of combined treatment with cixutumumab (anti-IGF-1R antibody) and selumetinib (MEK 1/2 inhibitor).Methods:Patients with advanced solid tumours, refractory to standard therapy received selumetinib hydrogen sulphate capsules orally twice daily, and cixutumumab intravenously on days 1 and 15 of each 28-day cycle. The study used a 3+3 design, with a dose-finding cohort followed by an expansion cohort at the maximally tolerated dose that included pharmacokinetic and pharmacodynamic correlative studies.Results:Thirty patients were enrolled, with 16 in the dose-finding cohort and 14 in the expansion cohort. Grade 3 or greater toxicities included nausea and vomiting, anaemia, CVA, hypertension, hyperglycaemia, and ophthalmic symptoms. The maximally tolerated combination dose was 50 mg twice daily of selumetinib and 12 mg kg-1 every 2 weeks of cixutumumab. Two patients achieved a partial response (one unconfirmed), including a patient with BRAF wild-type thyroid carcinoma, and a patient with squamous cell carcinoma of the tongue, and six patients achieved time to progression of >6 months, including patients with thyroid carcinoma, colorectal carcinoma, and basal cell carcinoma. Comparison of pre- and on-treatment biopsies showed significant suppression of pERK and pS6 activity with treatment.Conclusions:Our study of anti-IGF-1R antibody cixutumumab and MEK 1/2 inhibitor selumetinib showed that the combination is safe and well-tolerated at these doses, with preliminary evidence of clinical benefit and pharmacodynamic evidence of target inhibition.British Journal of Cancer advance online publication 30 September 2014; doi:10.1038/bjc.2014.515 www.bjcancer.com."
What is the name of the SUMO system that is a reversible post,"Small Ubiquitin-related MOdifier (SUMO) modification was initially identified as a reversible post-translational modification that affects the regulation of diverse cellular processes, including signal transduction, protein trafficking, chromosome segregation, and DNA repair. Increasing evidence suggests that the SUMO system also plays an important role in regulating chromatin organization and transcription. It is thus not surprising that double-stranded DNA viruses, such as Kaposi's sarcoma-associated herpesvirus (KSHV), have exploited SUMO modification as a means of modulating viral chromatin remodeling during the latent-lytic switch. In addition, SUMO regulation allows the disassembly and assembly of promyelocytic leukemia protein-nuclear bodies (PML-NBs), an intrinsic antiviral host defense, during the viral replication cycle. Overcoming PML-NB-mediated cellular intrinsic immunity is essential to allow the initial transcription and replication of the herpesvirus genome after de novo infection. As a consequence, KSHV has evolved a way as to produce multiple SUMO regulatory viral proteins to modulate the cellular SUMO environment in a dynamic way during its life cycle. Remarkably, KSHV encodes one gene product (K-bZIP) with SUMO-ligase activities and one gene product (K-Rta) that exhibits SUMO-targeting ubiquitin ligase (STUbL) activity. In addition, at least two viral products are sumoylated that have functional importance. Furthermore, sumoylation can be modulated by other viral gene products, such as the viral protein kinase Orf36. Interference with the sumoylation of specific viral targets represents a potential therapeutic strategy when treating KSHV, as well as other oncogenic herpesviruses. Here, we summarize the different ways KSHV exploits and manipulates the cellular SUMO system and explore the multi-faceted functions of SUMO during KSHV's life cycle and pathogenesis."
What is the difference between inner foreskin stratum corneum and outer fore,"Male circumcision provides partial protection against multiple sexually transmitted infections (STIs), including HIV, but the mechanisms are not fully understood. To examine potential vulnerabilities in foreskin epithelial structure, we used Wilcoxon paired tests adjusted using the false discovery rate method to compare inner and outer foreskin samples from 20 healthy, sexually active Peruvian males who have sex with males or transgender females, ages 21-29, at elevated risk of HIV infection. No evidence of epithelial microtrauma was identified, as assessed by keratinocyte activation, fibronectin deposition, or parakeratosis. However, multiple suprabasal tight junction differences were identified: 1) inner foreskin stratum corneum was thinner than outer (p = 0.035); 2) claudin 1 had extended membrane-bound localization throughout inner epidermis stratum spinosum (p = 0.035); 3) membrane-bound claudin 4 was absent from inner foreskin stratum granulosum (p = 0.035); and 4) occludin had increased membrane deposition in inner foreskin stratum granulosum (p = 0.042) versus outer. Together, this suggests subclinical inflammation and paracellular transport modifications to the inner foreskin. A setting of inflammation was further supported by inner foreskin epithelial explant cultures secreting higher levels of GM-CSF (p = 0.029), IP-10 (p = 0.035) and RANTES (p = 0.022) than outer foreskin, and also containing an increased density of CCR5+ and CD4+ CCR5+ cells (p = 0.022). Inner foreskin dermis also secreted more RANTES than outer (p = 0.036), and had increased density of CCR5+ cells (p = 0.022). In conclusion, subclinical changes to the inner foreskin of sexually active males may support an inflammatory state, with availability of target cells for HIV infection and modifications to epidermal barriers, potentially explaining the benefits of circumcision for STI prevention."
What is the name of the tumor cells that are counted in colorectal cancer,Circulating tumor cells count predicts survival in colorectal cancer patients.
What is the leading cause of cancer related death in Europe and the USA?,"Colorectal cancer (CRC) is a leading cause of cancer related death in Europe and the USA. There is no universally accepted effective non-invasive screening test for CRC. Guaiac based faecal occult blood (gFOB) testing has largely been superseded by Faecal Immunochemical testing (FIT), but sensitivity still remains poor. The uptake of population based FOBt testing in the UK is also low at around 50%. The detection of volatile organic compounds (VOCs) signature(s) for many cancer subtypes is receiving increasing interest using a variety of gas phase analytical instruments. One such example is FAIMS (Field Asymmetric Ion Mobility Spectrometer). FAIMS is able to identify Inflammatory Bowel disease (IBD) patients by analysing shifts in VOCs patterns in both urine and faeces. This study extends this concept to determine whether CRC patients can be identified through non-invasive analysis of urine, using FAIMS. 133 patients were recruited; 83 CRC patients and 50 healthy controls. Urine was collected at the time of CRC diagnosis and headspace analysis undertaken using a FAIMS instrument (Owlstone, Lonestar, UK). Data was processed using Fisher Discriminant Analysis (FDA) after feature extraction from the raw data. FAIMS analyses demonstrated that the VOC profiles of CRC patients were tightly clustered and could be distinguished from healthy controls. Sensitivity and specificity for CRC detection with FAIMS were 88% and 60% respectively. This study suggests that VOC signatures emanating from urine can be detected in patients with CRC using ion mobility spectroscopy technology (FAIMS) with potential as a novel screening tool."
What is the name of the case for 166 patients?,Stellate Ganglion Block Used to Treat Symptoms Associated With Combat-Related Post-Traumatic Stress Disorder: A Case Series of 166 Patients.
What is the tertiary care center experience?,Intratumoral pseudoaneurysms in hepatocellular carcinoma: do they occur de novo without any prior intervention? A tertiary care center experience of 6 years.
What is the standard view of the mechanisms underlying learning?,"The standard view of the mechanisms underlying learning is that they involve strengthening or weakening synaptic connections. Learned response timing is thought to combine such plasticity with temporally patterned inputs to the neuron. We show here that a cerebellar Purkinje cell in a ferret can learn to respond to a specific input with a temporal pattern of activity consisting of temporally specific increases and decreases in firing over hundreds of milliseconds without a temporally patterned input. Training Purkinje cells with direct stimulation of immediate afferents, the parallel fibers, and pharmacological blocking of interneurons shows that the timing mechanism is intrinsic to the cell itself. Purkinje cells can learn to respond not only with increased or decreased firing but also with an adaptively timed activity pattern."
What is the term for interventional treatment strategies of thoracic aortic path,Interventional treatment strategies of thoracic aortic pathologies.
What is the average exposure to testosterone associated with?,"PURPOSE: Pubertal dynamics plays an important role in physical and psychological development of children and adolescents. We aim to provide reference ranges of plasma testosterone in a large longitudinal sample. Furthermore, we describe a measure of testosterone trajectories during adolescence that can be used in future investigations of development. METHODS: We carried out longitudinal measurements of plasma testosterone in 2,216 samples obtained from 513 males (9 to 17 years of age) from the Avon Longitudinal Study of Parents and Children. We used integration of a model fitted to each participant's testosterone trajectory to calculate a measure of average exposure to testosterone over adolescence. We pooled these data with corresponding values reported in the literature to provide a reference range of testosterone levels in males between the ages of 6 and 19 years. RESULTS: The average values of total testosterone in the ALSPAC sample range from 0.82 nmol/L (Standard Deviation [SD]: 0.09) at 9 years of age to 16.5 (SD: 2.65) nmol/L at 17 years of age; these values are congruent with other reports in the literature. The average exposure to testosterone is associated with different features of testosterone trajectories such as Peak Testosterone Change, Age at Peak Testosterone Change, and Testosterone at 17 years of age as well as the timing of the growth spurt during puberty. CONCLUSIONS: The average exposure to testosterone is a useful measure for future investigations using testosterone trajectories to examine pubertal dynamics."
What is the peptide register in human subjects with autoimmune diabetes?,Autoreactive T cells specific for insulin B:11-23 recognize a low-affinity peptide register in human subjects with autoimmune diabetes.
What is the name of the group that analyzed 116 CRCs?,"Gender-related differences in colorectal cancer (CRC) are not fully understood. Recent studies have shown that CRC arising in females are significantly associated with CpG island methylator phenotype (CIMP-high). Using array comparative genomic hybridization, we analyzed a cohort of 116 CRCs (57 males, 59 females) for chromosomal copy number aberrations (CNA) and found that CRC in females had significantly higher numbers of gains involving chromosome arms 1q21.2-q21.3, 4q13.2, 6p21.1 and 16p11.2 and copy number losses of chromosome arm 11q25 compared to males. Interestingly, a subset of male CRCs (46%) exhibited a ""feminization"" phenomenon in the form of gains of X chromosomes (or an arm of X) and/or losses of the Y chromosome. Feminization of cancer cells was significantly associated with microsatellite-stable CRCs (p-value 0.003) and wild-type BRAF gene status (p-value 0.009). No significant association with other clinicopathological parameters was identified including disease-free survival. In summary, our data show that some CNAs in CRC may be gender specific and that male cancers characterized by feminization may constitute a specific subset of CRCs that warrants further investigation."
What is the secreted phospholipase A2 (sPLA2),"As is widely recognized, human parvovirus B19 (B19) and human bocavirus (HBoV) are important human pathogens. Obviously, both VP1 unique region (VP1u) of B19 and HBoV exhibit the secreted phospholipase A2 (sPLA2)-like enzymatic activity and are recognized to participate in the pathogenesis of lower respiratory tract illnesses. However, exactly how, both VP1u from B19 and HBoV affect tight junction has seldom been addressed. Therefore, this study investigates how B19-VP1u and HBoV-VP1u may affect the tight junction of the airway epithelial A549 cells by examining phospholipase A2 activity and transepithelial electrical resistance (TEER) as well as performing immunoblotting analyses. Experimental results indicate that TEER is more significantly decreased in A549 cells by treatment with TNF-alpha (10 ng), two dosages of B19-VP1u and BoV-VP1u (400 ng and 4000 ng) or bee venom PLA2 (10 ng) than that of the control. Accordingly, more significantly increased claudin-1 and decreased occludin are detected in A549 cells by treatment with TNF-alpha or both dosages of HBoV-VP1u than that of the control. Additionally, more significantly decreased Na+/K+ ATPase is observed in A549 cells by treatment with TNF-alpha, high dosage of B19-VP1u or both dosages of BoV-VP1u than that of the control. Above findings suggest that HBoV-VP1u rather than B19 VP1u likely plays more important roles in the disruption of tight junction in the airway tract. Meanwhile, this discrepancy appears not to be associated with the secreted phospholipase A2 (sPLA2)-like enzymatic activity."
What is the focus of the current study?,"Catastrophizing and depressed mood are risk factors for poor outcome in treatments for pain and appear to act as mediators for favorable outcome. However, little is known about how catastrophizing and depressed mood co-occur within individuals and how these patterns change during treatment, which is the focus of the current study. The study uses data from a randomized controlled trial about early cognitive behaviorally oriented interventions for patients with nonspecific spinal pain (N = 84). Cluster analyses were used to extract subgroups of individuals with similar scoring patterns on catastrophizing and depressed mood at pretreatment, mid-treatment, posttreatment, and at 6 months' follow-up. To track individual progress, the clusters were linked over time. The analyses revealed four clusters: ""low depression and catastrophizing"", ""high depression and catastrophizing"", ""high depression"", and ""high catastrophizing"". There was little individual transition from one scoring pattern to another across time, not at least for those scoring high on both depressed mood and catastrophizing. Moreover, high stability within this cluster was related to low levels of psychological flexibility at baseline. It is concluded that catastrophizing and depressed mood at the start of treatment were likely to remain high despite a cognitive behavioral intervention and that a lack of psychological flexibility may have a role."
How many human exposures were there between 2005 and 2011?,"Non-native (exotic) snakes are a problematic source of envenomation worldwide. This manuscript describes the current demographics, outcomes and challenges of non-native snakebites in the United States (U.S.). We performed a retrospective case series of the National Poison Data System (NPDS) database between 2005 and 2011. There were 258 human exposures involving at least 61 unique exotic venomous species (average = 37 per year; range = 33-40). Males comprised 79% and females 21%. The average age was 33 years with 16% less than 20 years old. 70% of bites occurred in a private residence and 86% were treated at a healthcare facility. 35% of cases received antivenom and 10% were given antibiotics. This study is compared to our previous study (1994-2004) in which there was a substantial coding error rate. Software modifications significantly reduced coding errors. Identification and acquisition of appropriate antivenoms pose a number of logistical difficulties in the management of these envenomations. In the U.S., poison centers have valuable systems and clinical roles in the provision of expert consultation and in the management of these cases."
What isoform is a locus for inherited spinocerebellar at,"Rapid firing of cerebellar Purkinje neurons is facilitated in part by a voltage-gated Na+ (NaV) 'resurgent' current, which allows renewed Na+ influx during membrane repolarization. Resurgent current results from unbinding of a blocking particle that competes with normal channel inactivation. The underlying molecular components contributing to resurgent current have not been fully identified. Here, we show that the NaV channel auxiliary subunit FGF14 'b' isoform, a locus for inherited spinocerebellar ataxias, controls resurgent current and repetitive firing in Purkinje neurons. FGF14 knockdown biased NaV channels towards the inactivated state by decreasing channel availability, diminishing the 'late' NaV current, and accelerating channel inactivation rate, thereby reducing resurgent current and repetitive spiking. Critical for these effects was both the alternatively spliced FGF14b N-terminus and direct interaction between FGF14b and the NaV C-terminus. Together, these data suggest that the FGF14b N-terminus is a potent regulator of resurgent NaV current in cerebellar Purkinje neurons."
How many spermatozoa were graded into four groups?,"The objective of this study was to evaluate whether 'motile sperm organelle morphology examination' (MSOME) is correlated with the outcome of ICSI. A total of 14400 spermatozoa from 72 couples undergoing ICSI were analysed by MSOME (x6600) and graded into four groups: grade I, normal form and no vacuoles; grade II, normal form and lesser than or equal to 2 small vacuoles; grade III, normal form greater than 2 small vacuoles or at least one large vacuole and grade IV, large vacuole and abnormal head shapes or other abnormalities. The correlations between the proportion of morphologically normal spermatozoa (grade I + II) and ICSI outcomes were assessed. The proportion of grade I+ II spermatozoa was lower in patients with oligoasthenoteratozoospermia (OAT) compared to patients with other types of semen alterations (10.6% vs. 17.0%, p = 0.001). The proportion of grade I+ II spermatozoa was positively correlated with blastocyst formation (S = 8.31, R2:13.5%, p = 0.014) and implantation rates (S = 8.32, R2: 7.9%, p = 0.030). The proportion of grade I + II spermatozoa was higher in patients with ongoing pregnancy in comparison with those who had a miscarriage (23.2% vs. 10.8%, p = 0.007). Sperm morphological normality was lower in oligoasthenoteratozoospermia patients but correlated with blastocyst formation, implantation and miscarriage rates in couples undergoing ICSI. MSOME may be valuable in predicting ICSI outcomes."
What was the goal of the study?,"AIM: The goal was to evaluate the effects of exercise on the clogginess of blood as well as the effect of increased blood cell count and hematocrit levels after exercise. We also investigated the mechanisms underlying the clogginess of blood. METHODS: The time required for blood to pass through microchannels was measured. We focused on assessing the consecutive passage times for serial 20 muL volumes. We used heparinized peripheral blood obtained from subjects after exercise conducted at three intensity levels. Blood samples were also adjusted to achieve specific hematocrit levels or supplemented by addition of adenosine diphosphate (ADP). RESULTS: The sequential blood passage times of consecutive 20 muL volumes increased with platelet aggregation and adhesion of white blood cells (WBC). We also observed an increase with blood cell counts and hematocrit levels. These changes occurred after high intensity exercise but not after low or medium intensity exercise. Furthermore, the sequential blood passage times of 20 muL volumes increased with platelet aggregation and adhesion of WBC at an ADP concentration at the threshold of aggregation but not at higher levels of hematocrit. CONCLUSIONS: These findings suggested that high intensity exercise might induce the clogginess of blood by enhanced platelet aggregation and adhesion of WBC."
What was the difference in error between the WBB and AMTI force plate?,"The Nintendo Wii balance board (WBB) has generated significant interest in its application as a postural control measurement device in both the clinical and (basic, clinical, and rehabilitation) research domains. Although the WBB has been proposed as an alternative to the ""gold standard"" laboratory-grade force plate, additional research is necessary before the WBB can be considered a valid and reliable center of pressure (CoP) measurement device. In this study, we used the WBB and a laboratory-grade AMTI force plate (AFP) to simultaneously measure the CoP displacement of a controlled dynamic load, which has not been done before. A one-dimensional inverted pendulum was displaced at several different displacement angles and load heights to simulate a variety of postural sway amplitudes and frequencies (<1 Hz). Twelve WBBs were tested to address the issue of inter-device variability. There was a significant effect of sway amplitude, frequency, and direction on the WBB's CoP measurement error, with an increase in error as both sway amplitude and frequency increased and a significantly greater error in the mediolateral (ML) (compared to the anteroposterior (AP)) sway direction. There was no difference in error across the 12 WBB's, supporting low inter-device variability. A linear calibration procedure was then implemented to correct the WBB's CoP signals and reduce measurement error. There was a significant effect of calibration on the WBB's CoP signal accuracy, with a significant reduction in CoP measurement error (quantified by root-mean-squared error) from 2-6 mm (before calibration) to 0.5-2 mm (after calibration). WBB-based CoP signal calibration also significantly reduced the percent error in derived (time-domain) CoP sway measures, from -10.5% (before calibration) to -0.05% (after calibration) (percent errors averaged across all sway measures and in both sway directions). In this study, we characterized the WBB's CoP measurement error under controlled, dynamic conditions and implemented a linear calibration procedure for WBB CoP signals that is recommended to reduce CoP measurement error and provide more reliable estimates of time-domain CoP measures. Despite our promising results, additional work is necessary to understand how our findings translate to the clinical and rehabilitation research domains. Once the WBB's CoP measurement error is fully characterized in human postural sway (which differs from our simulated postural sway in both amplitude and frequency content), it may be used to measure CoP displacement in situations where lower accuracy and precision is acceptable."
What is the effect of dietary advice on adults without existing CVD or increased CVD risk,"INTRODUCTION: Diet is important in the cause of many chronic diseases. Individual change in dietary behaviour has the potential to decrease the burden of chronic disease, particularly cardiovascular disease (CVD). METHODS AND OUTCOMES: We conducted a systematic review and aimed to answer the following clinical question: What are the effects of dietary advice in generally healthy adults without existing CVD or increased CVD risk factors to improve cardiovascular outcomes (mortality, cardiovascular events, and cardiovascular risk factors)? We searched: Medline, Embase, The Cochrane Library, and other important databases up to March 2014 (Clinical Evidence reviews are updated periodically; please check our website for the most up-to-date version of this review). We included harms alerts from relevant organisations such as the US Food and Drug Administration (FDA) and the UK Medicines and Healthcare products Regulatory Agency (MHRA). RESULTS: We found 14 studies that met our inclusion criteria. We performed a GRADE evaluation of the quality of evidence for interventions. CONCLUSIONS: In this systematic review, we present information relating to the effectiveness and safety of the following interventions: advice to increase fibre intake alone, advice to increase fruit and vegetable intake alone, advice to reduce and/or modify fat intake alone, and advice to reduce sodium intake alone."
What is the name of the APA?,"AIM: Autologous pericardium annuloplasty (APA) is an alternative to prosthetic ring implantation for mitral valve (MV) repair, avoiding the use of foreign material and preserving the mitral annulus' physiological motion. However, data on durability are questionable. Therefore, we analyzed long-term outcomes of treating degenerative mitral regurgitation (MR) with APA. METHODS: Four hundred ninety patients (mean age, 54.3+/-11.3 years, [15-77 years]; N.=360 men [74.1%]) who had undergone APA and neochordae implantation between July 1988 and December 2006 were retrospectively studied. RESULTS: MR was purely degenerative in 434 (89.3%) patients; endocarditis was present in 44 (9.1%) patients; an anterior, posterior, or bileaflet prolapse was present in 32 (6.6%), 241 (49.6%), and 213 (43.8%) patients, respectively. Clinical follow-up was 100% complete at a median of 6.5 years (5th percentile, 0.9; 95th percentile, 14.9) with an echocardiographic study in 92% of patients. In-hospital mortality was 1% (5 deaths); overall and late cardiac mortality were 7.6% and 3.9% (37 and 19 deaths), respectively. Kaplan-Meier curves for overall survival, late cardiac survival, and freedom from reoperation at 15 years (20 cases) were 86% (95%CI 80-91), 93% (95%CI 88-96), and 93% (95%CI 88-96), respectively. At 15 years, freedom from recurrent MR (28 patients) and endocarditis (6 events) were 86% (95%CI 76-91) and 97% (95%CI 92-99). Dehiscence, significant calcification of APA, and hemolysis never occurred. At reoperations, annular pericardium appeared covered by a smooth layer of tissue. CONCLUSION: APA is feasible, safe, and cost-effective, providing long-term durability, high survival, and a low rate of valve-related complications."
What is the mean score of the questionnaire?,"AIM: There is discussion whether medicines can be authorized on the market based on evidence from surrogate endpoints. We assessed opinions of different stakeholders on this topic. METHODS: We conducted an online questionnaire that targeted various stakeholder groups (regulatory agencies, pharmaceutical industry, academia, relevant public sector organisations) and medical specialties (cardiology or nephrology vs. other). Participants were enrolled through purposeful sampling. We inquired for conditions under which surrogate endpoints can be used, the validity of various cardio-renal biomarkers and new approaches for biomarker use. RESULTS: Participants agreed that surrogate endpoints can be used when the surrogate is scientifically valid (5-point Likert response format, mean score: 4.3, SD: 0.9) or when there is an unmet clinical need (mean score: 3.8, SD: 1.2). Industry participants agreed to a greater extent than regulators and academics. However, out of four proposed surrogates (blood pressure (BP), HbA1c, albuminuria, CRP) for cardiovascular outcomes or end-stage renal disease, only use of BP for cardiovascular outcomes was deemed moderately accurate (mean: 3.6, SD: 1.1). Specialists in cardiology or nephrology tended to be more positive about the use of surrogate endpoints. CONCLUSION: Stakeholders in drug development do not oppose to the use of surrogate endpoints in drug marketing authorization, but most surrogates are not considered valid. To solve this impasse, increased efforts are required to validate surrogate endpoints and to explore alternative ways to use them."
What is the relationship between Functional Competence and Real World Functional Performance in Schizophrenia,A Longitudinal Examination of the Moderating Effects of Symptoms on the Relationship between Functional Competence and Real World Functional Performance in Schizophrenia.
What does Aortic Valve Replacement reduce?,Aortic Valve Replacement Reduces Valvuloarterial Impedance but Does Not Affect Systemic Arterial Compliance in Elderly Men with Degenerative Calcific Trileaflet Aortic Valve Stenosis.
What is Magnesium's protection?,Magnesium Protects Cognitive Functions and Synaptic Plasticity in Streptozotocin-Induced Sporadic Alzheimer's Model.
What was the risk of bias assessed using the Cochrane risk of bias tool?,"BACKGROUND: In May 2014, the updated guidelines for the management of acute gastroenteritis (AGE) were published. The use of yogurt in the nutritional management of AGE was not addressed, although it is frequently used in many countries for this purpose. We aimed to systematically evaluate the efficacy of yogurt consumption for the management of AGE in children. DESIGN: In this systematic review, a number of databases, including MEDLINE, EMBASE, and the Cochrane Library, with no language restrictions, were searched up to July 2014 for randomized controlled trials (RCTs) evaluating the effect of yogurt consumption in children with AGE. The risk of bias was assessed using the Cochrane risk of bias tool. RESULTS: Four RCTs (n = 448) that were generally low in methodological quality, all performed in hospital setting, were included. Compared with placebo/no intervention, yogurt consumption had no significant effect on stool volume. The data on the effect of yogurt consumption on the duration of diarrhea and stool frequency were not consistent. The chance of treatment success (or failure) was similar in both groups. Compared with placebo, the duration of hospitalization was shorter in children who received yogurt, but the difference was of a borderline significance. Total weight gain increased for those treated with yogurt. CONCLUSIONS: The consumption of yogurt had a positive effect on weight gain, but no consistent effect on AGE outcomes in hospitalized children. Given the limited data and the methodological limitations of the included trials, the evidence should be viewed with caution. The effect of yogurt consumption in the ambulatory setting is unknown."
What is the most important disease gene?,"The Hirschsprung disease (HSCR) is a complex congenital disorder, arising from abnormalities in enteric nervous system (ENS) development. There is a gender disparity among the patients, with the male to female ratio as high as 5:1. Loss-of-function mutations of HSCR genes and haploinsufficiency of their gene products are the primary pathogenic mechanisms for disease development. Recent studies identified over half of the HSCR disease susceptibility genes as targets for the sex-determining factor SRY, suggesting that this Y-encoded transcription factor could be involved in sexual dimorphism in HSCR. Among the SRY targets, the tyrosine kinase receptor RET represents the most important disease gene, whose mutations account for half of the familial and up to one-third of the sporadic forms of HSCR. RET is regulated by a distal and a proximal enhancer at its promoter, in which PAX3 and NKX2-1 are the resident transcription factors respectively. We show that the SRY-box 10 (SOX10) co-activator interacts and forms transcriptional complexes with PAX3 and NKX2-1 in a sequence-independent manner and exacerbates their respective transactivation activities on the RET promoter. SRY competitively displaces SOX10 in such transcription complexes and represses their regulatory functions on RET. Hence SRY could be a Y-located negative modifier of RET expression; and if it is ectopically expressed during ENS development, such SRY repression could result in RET protein haploinsufficiency and promotion of HSCR development, thereby contributing to sexual dimorphism in HSCR."
What is the name of the drug used in the study?,Rhodiola Rosea for Mental and Physical Fatigue in Nursing Students: A Randomized Controlled Trial.
What is the mechanism of immunoevasion?,Prostate Tumor-Derived Exosomes Down-Regulate NKG2D Expression on Natural Killer Cells and CD8+ T Cells: Mechanism of Immune Evasion.
What is the name of the disease that is not a relapsing-re,Progression of Relapsing-Remitting Demyelinating Disease Does Not Require Increased TCR Affinity or Epitope Spread.
What is the most common mutation in pleomorphic xanthoastro,"PURPOSE OF REVIEW: To summarize the current knowledge on v-RAF murine sarcoma viral oncogene homologue B1 (BRAF) aberrations in tumours of the central nervous system. RECENT FINDINGS: BRAF alterations are found in variable frequencies across a wide spectrum of diverse central nervous system neoplasms. BRAF V600 point mutations (most commonly of the V600E type) are most common in pleomorphic xanthoastrocytoma (approximately 60% of cases), gangliogliomas (50%), dysembryoplastic neuroepithelial tumours (30%), Langerhans cell histiocytosis (50%), melanoma brain metastases (50%) and papillary craniopharyngiomas (96%) and are also detectable in a fraction of glioblastomas (overall mutation rate of 2-12%, with a higher rate of approximately 50% in epithelioid glioblastomas). BRAF fusions (most commonly KIAA1549: BRAF) are typical for pilocytic astrocytomas and are almost absent from other tumour types. Clinical trials have established tyrosine-kinase inhibitors of BRAF as feasible treatment option in selected patients with mutation-bearing brain metastases of melanoma. Preclinical studies, some case reports and small patient series have documented tumour responses of primary brain tumours with BRAF aberrations to BRAF inhibition. SUMMARY: Molecular testing for BRAF alterations in brain tumours may be of clinical relevance for differential diagnostic considerations in some situations or to guide selection of patients for targeted therapy with specific inhibitors. Prospective clinical trials evaluating the efficacy of BRAF inhibitors in central nervous system tumours are strongly supported by the available evidence."
What is the risk of developing cardiovascular disease?,"STUDY QUESTION: Is there any association between ovarian reserve status and lipid profile changes? SUMMARY ANSWER: Women with lower ovarian reserve might be susceptible to higher cardiovascular risks, especially lipid disturbances, even during their reproductive life span. WHAT IS KNOWN ALREADY: The risk of developing cardiovascular disease (CVD) in women increases after menopause, but the association between ovarian reserve status and CVD is not known. STUDY DESIGN, SIZE AND DURATION: This longitudinal study was conducted on 1015 participants of Tehran Lipid and Glucose Study, an ongoing population based cohort study with 12 years follow-up. PARTICIPANTS/MATERIALS, SETTING, METHODS: There were 1015 women who were aged 20-50 years and met our eligibility criteria. Their ovarian reserve status was identified according to their age-specific AMH levels, calculated using the exponential-normal 3-parameter model. At the time of recruitment, 268, 233, 256 and 258 subjects were in the first, second, third and fourth quartiles of age-specific AMH, respectively. The cardiovascular risk factors of these groups were compared. MAIN RESULTS AND THE ROLE OF CHANCE: Anthropometric measurements, lipid profiles and mean systolic and diastolic blood pressures in the first and fourth AMH quartiles did not differ at the initiation of the study. Total cholesterol (TC) net changes per year were incremental in the first AMH quartile but not in the fourth quartile (P < 0.001). According to the generalized estimating equation (GEE), after adjustment for age, BMI, time interaction and menopause status, the changes across time in TC, LDL and HDL were varied according to the age-specific AMH status. LIMITATIONS, REASONS FOR CAUTION: A potential limitation is that development of cardiovascular risk is a major long-term event that needs decades of follow-up from birth to death; hence further studies with longer follow-up times are needed. WIDER IMPLICATIONS OF THE FINDINGS: We provide the insight that women with lower ovarian reserve might be susceptible to developing cardiovascular risk factors, particularly lipid disturbances, even during their reproductive life span. STUDY FUNDING/COMPETING INTERESTS: This study was funded by Research Institute for Endocrine Sciences, Shahid Beheshti University of Medical Sciences. The authors report no conflict of interest. TRIAL REGISTRATION NUMBER: Not applicable."
What is the main reason for the loss of mobility in elderly people?,"OBJECTIVE: A major reason for the loss of mobility in elderly people is the gradual loss of lean body mass known as sarcopenia. Sarcopenia is associated with a lower quality of life and higher healthcare costs. The benefit of strategies that include nutritional intervention, timing of intervention, and physical exercise to improve muscle loss unclear as finding from studies investigating this issue have been inconsistent. We have performed a systematic review and meta-analysis to assess the ability of protein or amino acid supplementation to augment lean body mass or strength of leg muscles in elderly patients. METHODS: Nine studies met the inclusion criteria of being a prospective comparative study or randomized controlled trial (RCT) that compared the efficacy of an amino acid or protein supplement intervention with that of a placebo in elderly people (>/=65 years) for the improvement of lean body mass (LBM), leg muscle strength or reduction associated with sarcopenia. RESULTS: The overall difference in mean change from baseline to the end of study in LBM between the treatment and placebo groups was 0.34 kg which was not significant (P = 0.386). The overall differences in mean change from baseline in double leg press and leg extension were 2.14 kg (P = 0.748) and 2.28 kg (P = 0.265), respectively, between the treatment group and the placebo group. CONCLUSIONS: These results indicate that amino acid/protein supplements did not increase lean body mass gain and muscle strength significantly more than placebo in a diverse elderly population."
What was the NP test outcome of the study?,"PURPOSE: This report examines cognitive complaints and neuropsychological (NP) testing outcomes in patients with early-stage breast cancer after the initiation of endocrine therapy (ET) to determine whether this therapy plays any role in post-treatment cognitive complaints. PATIENTS AND METHODS: One hundred seventy-three participants from the Mind Body Study (MBS) observational cohort provided data from self-report questionnaires and NP testing obtained at enrollment (T1, before initiation of ET), and 6 months later (T2). Bivariate analyses compared demographic and treatment variables, cognitive complaints, depressive symptoms, quality of life, and NP functioning between those who received ET versus not. Multivariable linear regression models examined predictors of cognitive complaints at T2, including selected demographic variables, depressive symptoms, ET use, and other medical variables, along with NP domains that were identified in bivariate analyses. RESULTS: Seventy percent of the 173 MBS participants initiated ET, evenly distributed between tamoxifen or aromatase inhibitors. ET-treated participants reported significantly increased language and communication (LC) cognitive complaints at T2 (P = .003), but no significant differences in NP test performance. Multivariable regression on LC at T2 found higher LC complaints significantly associated with T1 LC score (P < .001), ET at T2 (P = .004), interaction between ET and past hormone therapy (HT) (P < .001), and diminished improvement in NP psychomotor function (P = .05). Depressive symptoms were not significant (P = .10). CONCLUSION: Higher LC complaints are significantly associated with ET 6 months after starting treatment and reflect diminished improvements in some NP tests. Past HT is a significant predictor of higher LC complaints after initiation of ET."
What is the name of the major driving force behind the advancement of nanomedicine?,"For more than 2 billion years, microbes have reigned on our planet, evolving or outlasting many obstacles they have encountered. In the 20th century, this trend took a dramatic turn with the introduction of antibiotics and vaccines. Nevertheless, since then, microbes have progressively eroded the effectiveness of previously successful antibiotics by developing resistance, and many infections have eluded conventional vaccine design approaches. Moreover, the emergence of resistant and more virulent strains of bacteria has outpaced the development of new antibiotics over the last few decades. These trends have had major economic and health impacts at all levels of the socioeconomic spectrum - we need breakthrough innovations that could effectively manage microbial infections and deliver solutions that stand the test of time. The application of nanotechnologies to medicine, or nanomedicine, which has already demonstrated its tremendous impact on the pharmaceutical and biotechnology industries, is rapidly becoming a major driving force behind ongoing changes in the antimicrobial field. Here we provide an overview on the current progress of nanomedicine in the management of microbial infection, including diagnosis, antimicrobial therapy, drug delivery, medical devices, and vaccines, as well as perspectives on the opportunities and challenges in antimicrobial nanomedicine."
What is the key event in the development of many central nervous system diseases?,"Blood-brain barrier (BBB) dysfunction is a key event in the development of many central nervous system (CNS) diseases, such as septic encephalopathy and stroke. 4,4'-Diaminodiphenylsulfone (DDS, Dapsone) has displayed neuroprotective effect, but whether DDS has protective role on BBB integrity is not clear. This study was designed to examine the effect of DDS on lipopolysaccharide (LPS)-induced BBB disruption and oxidative stress in brain vessels. Using in vivo multiphoton imaging, we found that DDS administration significantly restored BBB integrity compromised by LPS. DDS also increased the expression of tight junction proteins occludin, zona occludens-1 (ZO-1) and claudin-5 in brain vessels. Level of reactive oxygen species (ROS) was reduced by DDS treatment, which may due to decreased nicotinamide adenine dinucleotide phosphate (NADPH) oxidase activity and NOX2 expression. Our results showed that LPS-induced BBB dysfunction could be attenuated by DDS, indicated that DDS has a therapeutic potential for treating CNS infection and other BBB related diseases."
What is the cause of the onset of unconsciousness?,"Pituitary apoplexy followed by cerebral infarction is rare. In this report, we present a 42-year-old man who had been diagnosed of pituitary adenoma presented with a sudden onset of unconsciousness, left hemiplegia and right ptosis. Investigations revealed the development of pituitary apoplexy. The extension of tumor mass compressed the supraclinoid portion of the right internal carotid artery, resulting in the cerebral infarction in the right anterior and middle cerebral artery territory. Left anterior cerebral artery territory infarction was also found, which could be caused by vasospasm provoked by pituitary apoplexy. The patient underwent decompression surgery via transsphenoidal approach after four weeks' conservative treatment, and pathological examination revealed hemorrhage and necrosis of the pituitary adenoma. His symptoms improved within five months' follow-up. Since pituitary apoplexy producing cerebral infarction is rare, clinicians should be alert to that possibility, and delayed transsphenoidal surgery following conservative management with steroids is the appropriate management of such an occurrence."
What is the entorhinal cortex induced by maternal immune activation?,Alteration of imprinted Dlk1-Dio3 miRNA cluster expression in the entorhinal cortex induced by maternal immune activation and adolescent cannabinoid exposure.
What is a cirrhotic cardiomyopathy?,"Hyperdynamic circulation, systolic and diastolic left ventricular dysfunction and certain electrophysiological abnormalities have been associated with cirrhosis and known for a long time. These clinical features have been introduced as cirrhotic cardiomyopathy (CCM), which is characterized by blunted myocardial contractile responsiveness to physical, physiological and pharmacological stress. Importantly, cardiac dysfunction can be reversible and can improve due to effective medical treatment and also after liver transplantation. Echocardiography and electrocardiography are essential tools for recognizing the characteristic changes in the myocardial function and also the alterations in the electrophysiological properties of the heart. Laboratory markers are auxiliary modalities further aiding the establishment of the correct diagnosis. In this review, we aimed to collect the pathophysiological background and clinical characteristics of CCM with the intention of summarizing the current possibilities for the diagnosis establishment and treatment of this cardio-hepatic disorder."
What is the Host-Targeted Antimicrobial Agent?,Sensitization of Intracellular Salmonella to Aminoglycosides in vitro and in vivo by a Host-Targeted Antimicrobial Agent.
What is the dmPFC BDNF infusion?,"Cocaine self-administration disturbs intracellular signaling in prefrontal cortical neurons that regulate neurotransmission in the nucleus accumbens. The deficits in dorsomedial prefrontal cortex (dmPFC) signaling change over time, resulting in different neuroadaptations during early withdrawal from cocaine self-administration than after one or more weeks of abstinence. Within the first few hours of withdrawal, there is a marked decrease in tyrosine phosphorylation of critical intracellular and membrane-bound proteins in the dmPFC that include ERK/MAP kinase and the NMDA receptor subunits, GluN1 and GluN2B. These changes are accompanied by a marked increase in STEP tyrosine phosphatase activation. Simultaneously, ERK and PKA-dependent synapsin phosphorylation in presynaptic terminals of the nucleus accumbens is increased that may have a destabilizing impact on glutamatergic transmission. Infusion of brain-derived neurotrophic factor (BDNF) into the dmPFC immediately following a final session of cocaine self-administration blocks the cocaine-induced changes in phosphorylation and attenuates relapse to cocaine seeking for as long as three weeks. The intra-dmPFC BDNF infusion also prevents cocaine-induced deficits in prefronto-accumbens glutamatergic transmission that are implicated in cocaine seeking. Thus, intervention with BDNF in the dmPFC during early withdrawal has local and distal effects in target areas that are critical to mediating cocaine-induced neuroadaptations that lead to cocaine seeking."
What is the most rapid and effective therapy for depression?,"Considerable evidence suggests that depression is related to interhemispheric functional coordination deficits. For depression, electroconvulsive therapy (ECT) is the most rapid and effective therapy, but its underlying mechanism remains unknown. The aim of this study was to explore the impact of ECT on the interhemispheric functional coordination in depression patients. We used resting-state functional magnetic resonance imaging to observe the change of interhemispheric functional coordination with the method of voxel-mirrored homotopic connectivity (VMHC) in 11 depressed patients before and after ECT, compared with 15 healthy controls. The results showed that, compared with depression patients before ECT, VMHC was significantly increased in superior frontal gyri (BA 8), middle frontal gyri (two clusters: BA 8/9 and BA 10) and angular gyri (BA 39) in depression patients after ECT. Compared with healthy controls, VMHC in those areas was significantly lower in the middle frontal gyri (BA 8/9) and angular gyri (BA 39) in depression patients before ECT, but no significant difference was observed in the superior frontal gyri (BA 8) and middle frontal gyri (BA 10). There was no significant correlation between the changes of Hamilton Depression Rating Scale scores and changed VMHC values in those four areas in depression patients. The results suggest that ECT selectively modulated interhemispheric functional coordination in depression patients. Such may play an important mechanistic role in the treatment of depression, and may afford a useful avenue for optimizing treatment."
What is the name of the ICAM-IONP probe?,"Triple negative breast cancers (TNBCs) have a high mortality rate owing to aggressive proliferation and metastasis and a lack of effective therapeutic options. Herein, we describe the overexpression of intercellular adhesion molecule-1 (ICAM-1) in human TNBC cell lines and tissues, and demonstrate that ICAM-1 is a potential molecular target and biomarker for TNBC therapy and diagnosis. We synthesized ICAM-1 antibody-conjugated iron oxide nanoparticles (ICAM-IONPs) as a magnetic resonance imaging (MRI) probe to evaluate tumor targeting. Quantitative analysis of ICAM-1 surface expression predicted the targeting capability of ICAM-IONPs to TNBC cells. MRI of the TNBC xenograft tumor after systemic administration of ICAM-IONPs, coupled with iron quantification and histology, demonstrated a significant and sustained MRI contrast enhancement and probe accumulation in tumors with ICAM-1 overexpression relative to control. Identification of ICAM-1 as a TNBC target and biomarker may lead to the development of a new strategy and platform for addressing a critical gap in TNBC patient care."
What is the name of the bio-nanomachine that is used for FRET,Nanoblinker: Brownian Motion Powered Bio-Nanomachine for FRET Detection of Phagocytic Phase of Apoptosis.
What was the sensitivity of CT for diagnosis of pseudotumor?,"Background and purpose - Metal artifact reduction sequence (MARS) MRI is widely advocated for surveillance of metal-on-metal hip arthroplasties (MOM-HAs). However, its use is limited by susceptibility artifact at the prosthesis-bone interface, local availability, patient compliance, and cost (Hayter et al. 2011a). We wanted to determine whether CT is a suitable substitute for MARS MRI in evaluation of the painful MOM-HA. Patients and methods - 50 MOM-HA patients (30 female) with unexplained painful prostheses underwent MARS MRI and CT imaging. 2 observers who were blind regarding the clinical data objectively reported the following outcomes: soft tissue lesions (pseudotumors), muscle atrophy, and acetabular and femoral osteolysis. Diagnostic test characteristics were calculated. Results - Pseudotumor was diagnosed in 25 of 50 hips by MARS MRI and in 11 of 50 by CT. Pseudotumors were classified as type 1 (n = 2), type 2A (n = 17), type 2B (n = 4), and type 3 (n = 2) by MARS MRI. CT did not permit pseudotumor classification. The sensitivity of CT for diagnosis of pseudotumor was 44% (95% CI: 25-65). CT had ""slight"" agreement with MARS MRI for quantification of muscle atrophy (kappa = 0.23, CI: 0.16-0.29; p < 0.01). Osteolysis was identified in 15 of 50 patients by CT. 4 of these lesions were identified by MARS MRI. Interpretation - CT was found to be superior to MRI for detection of osteolysis adjacent to MOM-HA, and should be incorporated into diagnostic algorithms. CT was unable to classify and failed to detect many pseudotumors, and it was unreliable for assessment of muscle atrophy. Where MARS MRI is contraindicated or unavailable, CT would be an unsuitable substitute and other modalities such as ultrasound should be considered."
What is the name of the lobular Neoplasia?,Lobular Neoplasia: Morphology and Management.
What can Continuous Subcutaneous Insulin Infusion improve health-relative quality of life in,Can Continuous Subcutaneous Insulin Infusion Improve Health-Related Quality of Life in Patients with Shwachman-Bodian-Diamond Syndrome and Diabetes?
What is the platelet-rich plasma protocol for preparation of canine platelet concentrates?,Comparison of the platelet-rich plasma and buffy coat protocols for preparation of canine platelet concentrates.
What is the ACTIVITY of ENDOTHELIN-1 SYTEM?,ENDOTHELIN-1 SYTEM ACTIVITY IN ADULTS WITH BORDERLINE HIGH LDL-CHOLESTEROL.
What is the name of the disease that preceded Behcet's syndrome and pregnancy?,Behcet's syndrome and pregnancy: course of the disease and pregnancy outcome.
What is the primary cause of Carotid Intima-Media Thickness?,Carotid Intima-Media Thickness Is Predicted by Combined Eotaxin Levels and Severity of Hepatic Steatosis at Ultrasonography in Obese Patients with Nonalcoholic Fatty Liver Disease.
What is the FCIA assay?,"BACKGROUND: Autoantibodies against platelet glycoproteins (GPs) play an important role in immune thrombocytopenic purpura (ITP). This study was to develop an improved flow cytometric immunobead array (FCIA) assay to detect platelet autoantibodies in ITP patient plasma. METHODS: Plasma samples were isolated from 71 ITP patients and 136 non-ITP controls and incubated with platelets from normal individuals. After washing, platelets were lysed and the platelet lysates were incubated with polystyrene microbeads coupled with monoclonal antibodies against human GPs IX (SZ1), Ib (SZ2), IIIa (SZ21), IIb (SZ22), and P-selectin (SZ51). Platelet GP-autoantibody complexes were detected by flow cytometry using a FITC-labeled secondary antibody. RESULT: Autoantibodies against platelet GPIb, GPIIb, GPIIIa, GPIX and P-selectin were detected in plasma from ITP patients, as indicated by high mean fluorescent intensity values when microbeads with antibodies SZ1, SZ2, SZ21, SZ22, and SZ51 were used. In ROC analysis, values of the area under the curve were 0.74, 0.83, 0.80, 0.79 and 0.87, respectively. Compared with the previously reported assays, this new FCIA eliminated the need of isolating platelets from ITP patients without compromising assay sensitivity and accuracy in predicting ITP. CONCLUSION: This simplified FICA assay may be more suitable for ITP diagnosis in clinical laboratory settings."
What was the first study that showed increased A-A8 expression associated with?,"OBJECTIVES: We investigated whether annexin A8 (A-A8), a Ca-binding protein overexpressed in pancreatic cancer, plays a role in cell growth and migration and investigated its association with pancreatic cancer prognosis. METHODS: Clinicopathological features and associations between increased A-A8 expression (determined by immunohistochemistry) and histologic grade were studied in a tissue microarray of 90 patients with resected stage I/II pancreatic cancer. We investigated A-A8's effect on cell migration, proliferation, and colony formation in 2 pancreatic cancer cells (BXPC-3 and Panc-1). Statistical analyses included Fisher exact test, t test, analysis of variance, and survival analysis. RESULTS: Western blot showed increased A-A8 expression in human pancreatic cancer cells, with A-A8 knockdown in BXPC-3 and Panc-1 cells demonstrating decreased cell viability (P = 0.017 and P = 0.001), migration (2.5 vs 0.9 mm and 1.6 vs 1 mm at 96 hours; P = 0.048 and P = 0.004), and colony formation (approximately 75% and 40% from scramble; P </= 0.01), respectively. In our tissue microarray, A-A8 expression increased 5.9-fold (r = 0.31; P = 0.019) from low- to high-grade tumors, correlating with tumor grade (r = 0.23; P = 0.027). In addition, high A-A8 expression was associated with a decreased 5-year survival (P = 0.042). CONCLUSIONS: Our study is the first showing that increased A-A8 expression is associated with poor prognosis in early-stage pancreatic cancer, thus supporting its further investigation as a future therapeutic target and prognostic marker."
What is the Harmonized Protocol for manual hippocampal segmentation on magnetic resonance?,The EADC-ADNI Harmonized Protocol for manual hippocampal segmentation on magnetic resonance: Evidence of validity.
How many patients were treated in Sweden?,"PURPOSE: To present data on long-term functional and cosmetic results after hypospadias surgery. MATERIAL AND METHODS: Men > 18 years of age with hypospadias treated in Sweden were asked to participate in the study as well as age-matched controls and circumcised men. All participants answered questionnaires and a subgroup was examined during an outpatient visit. Relationships with outcome were analysed using analysis of variance and regression analysis. RESULTS: 167 patients (mean age: 34 years, 63% distal, 24% mid and 13% proximal hypospadias) and 169 controls (mean age: 33 years), answered the questionnaire and 46 patients and 49 controls came for physical examinations. Patients were significantly less satisfied with the penile cosmetic outcome regarding all parameters in the Penile Perception Score (PPS). There was a difference in penile length between the two groups, 9.7 cm and 11.6 cm, respectively (p < 0.001). More patients than controls reported voiding dysfunction symptoms (p = 0.003). Patients had a lower maximum urinary flow rate (ml/sec) (p=0.001) than controls. These differences were most prominent between patients with proximal hypospadias and controls. CONCLUSIONS: Men operated on for hypospadias were less satisfied with the cosmetic result than controls. Their penile length was shorter. They presented with more symptoms of voiding dysfunction and displayed a lower maximum urinary flow rate. Patients with proximal hypospadias were more affected than those with milder hypospadias. Our results indicate that hypospadias could be sub grouped and that the severe phenotypes should be followed more during childhood as well as later in adulthood."
What was the risk of death decreased by 18%?,"Chemotherapy is a cornerstone in treatments of gastric cancer, but despite its benefit, less than 60% of patients receive salvage therapy in clinical practice. We performed a systematic review and meta-analysis based on trial data on the role of second-line treatment of advanced gastric cancer. MEDLINE/PubMed and Cochrane Library were searched for randomized phase III trials that compared active therapy to best supportive care in advanced gastric cancer. Data extraction was conducted according to the PRISMA statement. Summary HR for OS was calculated using a hierarchical Bayesian model and subgroup analysis was performed based on baseline Eastern Cooperative Oncology Group Performance Status (ECOG) performance status (0 vs. 1 or more). A total of 1,407 patients were evaluable for efficacy, 908 were treated in the experimental arms, with chemotherapy (231 pts) or with targeted therapies (677 pts). The risk of death was decreased by 18% (HR = 0.82; 95% CI, 0.79-0.85; posterior probability HR>/=1: <0.00001) with active therapies. Chemotherapy and ramucirumab were able to decrease this risk by 27% and 22%, respectively. No differences were found between chemotherapy and ramucirumab. In patients with ECOG = 0 a greater benefit was found for chemotherapy with a reduction of the risk of death by 43% and no benefits were found for ramucirumab or everolimus. In patients with ECOG = 1 or more a significant reduction of the risk of death by 32% was reported in patients treated with ramucirumab, even if no significant difference was reported between chemotherapy and ramucirumab. This analysis reports that active and available therapies are able to prolong survival in patients with advanced gastric cancer with a different outcome based on initial patient's performance status. New trials based on a better patient stratification are awaited."
What is the main cause of schizophrenia?,"A significant feature of the cortical neuropathology of schizophrenia is a disturbance in the biogenesis of short non-coding microRNA (miRNA) that regulate translation and stability of mRNA. While the biological origin of this phenomenon has not been defined, it is plausible that it relates to major environmental risk factors associated with the disorder such as exposure to maternal immune activation (MIA) and adolescent cannabis use. To explore this hypothesis, we administered the viral mimic poly I:C to pregnant rats and further exposed some of their maturing offsprings to daily injections of the synthetic cannabinoid HU210 for 14 days starting on postnatal day 35. Whole-genome miRNA expression analysis was then performed on the left and right hemispheres of the entorhinal cortex (EC), a region strongly associated with schizophrenia. Animals exposed to either treatment alone or in combination exhibited significant differences in the expression of miRNA in the left hemisphere, whereas the right hemisphere was less responsive. Hemisphere-associated differences in miRNA expression were greatest in the combined treatment and highly over-represented in a single imprinted locus on chromosome 6q32. This observation was significant as the syntenic 14q32 locus in humans encodes a large proportion of miRNAs differentially expressed in peripheral blood lymphocytes from patients with schizophrenia, suggesting that interaction of early and late environmental insults may affect miRNA expression, in a manner that is relevant to schizophrenia."
How many adult patients received related allografts?,"PURPOSE: The clinical safety and efficacy of intravenous busulfan and fludarabine (IV Bu/Flu) myeloablative conditioning as well as graft-versus-host disease (GVHD) prophylaxis with high-dose, post-transplantation cyclophosphamide (PTCy) have been demonstrated independently in several single-institutional studies. We hypothesized that combining these two promising approaches in a multi-institutional study of human leukocyte antigen (HLA) -matched bone marrow transplantation would provide low rates of severe acute and chronic GVHD, low toxicity, and effective disease control. PATIENTS AND METHODS: Ninety-two adult patients (median age, 49 years; range, 21 to 65 years) with high-risk hematologic malignancies were enrolled at three centers (clinical trial No. NCT00809276). Forty-five patients received related allografts, and 47 received unrelated allografts. GVHD prophylaxis was solely with PTCy at 50 mg/kg/day on post-transplantation days +3 and +4. RESULTS: The cumulative incidences of grades 2 to 4 acute, grades 3 to 4 acute, and chronic GVHD were 51%, 15%, and 14%, respectively. Nonrelapse mortality (NRM) at 100 days and 1 year were 9% and 16%, respectively. With a median follow-up period of 2.2 years, the 2-year disease-free survival (DFS) and overall survival (OS) rates were 62% and 67%, respectively. Donor relatedness did not affect NRM, DFS, or OS. Patients in complete remission (CR) without evidence of minimal residual disease (MRD) had markedly better DFS (80%) and OS (80%) than patients in CR with MRD or with active disease at the time of transplantation (DFS, P = .0005; OS, P = .019). CONCLUSION: This multi-institutional study demonstrates that PTCy can be safely and effectively combined with IV Bu/Flu myeloablative conditioning and confirms PTCy's efficacy as single-agent, short-course GVHD prophylaxis for both acute and chronic GVHD after bone marrow transplantation from HLA-matched donors."
What is the primary care experience of Veterans Affairs Primary Care Patients?,Insomnia Treatment Experience and Preferences Among Veterans Affairs Primary Care Patients.
What is the postoperative Morbidity Index?,"Establishing a Quantitative Benchmark for Morbidity in Pancreatoduodenectomy Using ACS-NSQIP, the Accordion Severity Grading System, and the Postoperative Morbidity Index."
What is the effect of Oral Tigecycline Treatment on Clostridium difficile In,A Beneficial Effect of Oral Tigecycline Treatment on Clostridium difficile Infection in Gnotobiotic Piglets.
What is the most common cause of pertussis?,"BACKGROUND: The incidence of pertussis has been increasing worldwide. In the Netherlands, the seroprevalence has risen higher than the reported cases, suggesting that laboratory tests for pertussis are considered infrequently and that even more pertussis cases are missed. The objective of our study was to determine the frequency of pertussis in clinically unsuspect cases compared to suspect cases with the intention of finding clinical predictors. METHODS: The present prospective cohort study was part of a controlled clinical trial evaluating the impact of molecular diagnostics on clinical decision making in pediatric respiratory infections, performed during 2 winter seasons. For this study, in the first season pertussis was only tested in case of clinical suspicion, in the second season, pertussis was also tested without clinical suspicion. Multivariate and univariate analysis were performed using SPSS 18 and Statistical software 'R'. RESULTS: In the two seasons respectively 22/209 (10,5%) and 49/373 (13,1%) cases were clinically suspected of pertussis. Bordetella pertussis was detected by real time RT-PCR in respectively 2/22 (9,1%) and 7/49 (14,3%) cases. In the second season an additional 7 cases of pertussis were found in clinically unsuspected cases (7/257 = 2,7%). These additional cases didn't differ in clinical presentation from children without a positive test for pertussis with respect to respiratory symptoms. CONCLUSIONS: Pertussis in children sometimes mimics viral respiratory tract infections. If pertussis diagnostics are based on clinical suspicion alone, about 1 in 5 cases (19%) is missed. Despite widely accepted clinical criteria, paroxysmal cough is not a good predictor of pertussis. To prevent spreading, physicians should include B. pertussis in routine diagnostics in respiratory tract infections."
What was the average FFS rate for patients with subset-one low-risk embryon,"PURPOSE: Intergroup Rhabdomyosarcoma Study Group (IRSG) studies III and IV showed improved failure-free survival (FFS) rates with vincristine, dactinomycin, and cyclophosphamide (VAC; total cumulative cyclophosphamide dose, 26.4 g/m2) compared with vincristine and dactinomycin (VA) for patients with subset-one low-risk embryonal rhabdomyosarcoma (ERMS; stage 1/2 group I/II ERMS or stage 1 group III orbit ERMS). The objective of Children's Oncology Group ARST0331 was to reduce the length of therapy without compromising FFS for this subset of low-risk patients by using VA in combination with lower-dose cyclophosphamide (total cumulative dose, 4.8 g/m2) plus radiotherapy (RT). PATIENTS AND METHODS: This noninferiority prospective clinical trial enrolled newly diagnosed patients with subset-one clinical features. Therapy included four cycles of VAC followed by four cycles of VA over 22 weeks. Patients with microscopic or gross residual disease at study entry received RT. RESULTS: With a median follow-up of 4.3 years, we observed 35 failures among 271 eligible patients versus 48.4 expected failures, calculated using a fixed outcome based on the FFS expected for similar patients treated on the IRSG D9602 protocol. The estimated 3-year FFS rate was 89% (95% CI, 85% to 92%), and the overall survival rate was 98% (95% CI, 95% to 99%). Patients with paratesticular tumors had the most favorable outcome. Three-year cumulative incidence rates for any local, regional, or distant failures were 7.6%, 1.5%, and 3.4%, respectively. CONCLUSION: Shorter-duration therapy that included lower-dose cyclophosphamide and RT did not compromise FFS for patients with subset-one low-risk ERMS."
What is the Algorithmic Approach to a Heterogeneous Group of Disorder,Neutrophilic Panniculitis: Algorithmic Approach to a Heterogeneous Group of Disorders.
What is the name of the BACTERIA IDENTIFICATION?,ACOUSTIC TRAPPING FOR BACTERIA IDENTIFICATION IN POSITIVE BLOOD CULTURES WITH MALDI-TOF MS.
What is Bordetella pertussis?,"Bordetella pertussis: an underreported pathogen in pediatric respiratory infections, a prospective cohort study."
What is the relative contribution of nebivolol to the blood pressure-,"Nebivolol, unlike other selective beta1-receptor blockers, induces vasodilation attributable to increased NO bioavailability. The relative contribution of this mechanism to the blood pressure (BP)-lowering effects of nebivolol is unclear because it is normally masked by baroreflex buffering. Autonomic failure provides a unique model of hypertension devoid of autonomic modulation but sensitive to the hypotensive effects of NO potentiation. We tested the hypothesis that nebivolol would decrease BP in these patients through a mechanism independent of beta-blockade. We randomized 20 autonomic failure patients with supine hypertension (14 men; 69+/-2 years) to receive a single oral dose of placebo, nebivolol 5 mg, metoprolol 50 mg (negative control), and sildenafil 25 mg (positive control) on separate nights in a double-blind, crossover study. Supine BP was monitored every 2 hours from 8:00 pm to 8:00 am. Compared with placebo, sildenafil and nebivolol decreased systolic BP during the night (P<0.001 and P=0.036, by mixed-effects model, maximal systolic BP reduction 8-hour postdrug of -20+/-6 and -24+/-9 mm Hg, respectively), whereas metoprolol had no effect. In a subanalysis, we divided patients into sildenafil responders (BP fall >20 mm Hg at 4:00 am) and nonresponders. Nebivolol significantly lowered systolic BP in sildenafil responders (-44+/-13 mm Hg) but not in nonresponders (1+/-11 mm Hg). Despite lowering nighttime BP, nebivolol did not worsen morning orthostatic tolerance compared with placebo. In conclusion, nebivolol effectively lowered supine hypertension in autonomic failure, independent of beta1-blockade. These results are consistent with the hypothesis that NO potentiation contributes significantly to the antihypertensive effect of nebivolol."
What is the population-based IBD Cohort?,"Anemia in a Population-based IBD Cohort (ICURE): Still High Prevalence After 1 Year, Especially Among Pediatric Patients."
What was the average age of a patient in a central London hospital?,"Background:Significant toxicity in chemotherapy trials is usually defined as grade 3. In clinical practice, however, multiple lower grade toxicities are often considered meaningful. The purpose of this observational cohort study was to identify which level of toxicity triggers treatment modification and early discontinuation of chemotherapy in older people.Methods:Patients aged 65+ were recruited in a central London hospital. A total of 108 patients were recruited at the start of new chemotherapy treatment between October 2010 and July 2012.Results:Mean age was 72.1+/-5 years, median 72 and range 65-86 years. Of the patients, 50.9% (55) were male with gastrointestinal (49), gynaecological (18), lung (15) and other cancers (26). Chemotherapy was palliative in 59.3% (64/108), curative/ neoadjuvant/adjuvant in the others. Mean number of cycles completed was 4.2+/-3. Treatment modifications due to toxicity occurred in 60 (55.6%) patients, 35% (21/60) of whom had no greater than grade 2 toxicity. Early treatment discontinuation because of toxicity occurred in 23 patients (21.3%), 39.1% (9/23) of whom had no greater than grade 2 toxicity.Conclusions:Many older patients did not complete treatment as planned. Treatment was modified/discontinued even for one or two low-grade toxicities. Further work is required to clarify whether low-grade toxicity has a greater clinical impact in older people, or whether clinicians have a lower threshold for modifying/discontinuing treatment in older people.British Journal of Cancer advance online publication, 30 September 2014; doi:10.1038/bjc.2014.496 www.bjcancer.com."
"What effect of fluorescent dyes on in-vitro differentiated, late-stage Pla","Effect of fluorescent dyes on in-vitro differentiated, late-stage Plasmodium falciparum gametocytes."
What was the response rate for the intention-to-treat population?,"PURPOSE: For patients with relapsed or refractory aggressive lymphoma, we hypothesized that gemcitabine-based therapy before autologous stem-cell transplantation (ASCT) is as effective as and less toxic than standard treatment. PATIENTS AND METHODS: We randomly assigned 619 patients with relapsed/refractory aggressive lymphoma to treatment with gemcitabine, dexamethasone, and cisplatin (GDP) or to dexamethasone, cytarabine, and cisplatin (DHAP). Patients with B-cell lymphoma also received rituximab. Responding patients proceeded to stem-cell collection and ASCT. Coprimary end points were response rate after two treatment cycles and transplantation rate. The noninferiority margin for the response rate to GDP relative to DHAP was set at 10%. Secondary end points included event-free and overall survival, treatment toxicity, and quality of life. RESULTS: For the intention-to-treat population, the response rate with GDP was 45.2%; with DHAP the response rate was 44.0% (95% CI for difference, -9.0% to 6.7%), meeting protocol-defined criteria for noninferiority of GDP (P = .005). Similar results were obtained in a per-protocol analysis. The transplantation rates were 52.1% with GDP and 49.3% with DHAP (P = .44). At a median follow-up of 53 months, no differences were detected in event-free survival (HR, 0.99; stratified log-rank P = .95) or overall survival (HR, 1.03; P = .78) between GDP and DHAP. Treatment with GDP was associated with less toxicity (P < .001) and need for hospitalization (P < .001), and preserved quality of life (P = .04). CONCLUSION: For patients with relapsed or refractory aggressive lymphoma, in comparison with DHAP, treatment with GDP is associated with a noninferior response rate, similar transplantation rate, event-free survival, and overall survival, less toxicity and hospitalization, and superior quality of life."
What is the Human Mesenchymal Stem Cell Tubule Communication Network?,Exploring the Human Mesenchymal Stem Cell Tubule Communication Network through Electron Microscopy.
What is the most effective method to confer sterile protection against malaria?,"Understanding protective immunity against malaria is essential for the design of an effective vaccine to prevent the large number of infections and deaths caused by this parasitic disease. To date, whole parasite immunization with attenuated parasites is the most effective method to confer sterile protection against malaria infection in clinical trials. Mouse model studies have highlighted the essential role that CD8+ T cells play in protection against pre-erythrocytic stages of malaria; however there is mounting evidence that antibodies are also important in this stage. Herein, we show that experimental immunization of mice with Pyfabb/f-, a genetically attenuated rodent malaria parasite that arrests late in the liver stage, induced functional antibodies that inhibited hepatocyte invasion in vitro and reduced liver stage burden in vivo. These antibodies were sufficient to induce sterile protection from challenge by P. yoelii sporozoites in the absence of T cells in 50% of mice when sporozoites were administered by mosquito bite, but not by intravenous injection. Moreover, among mice challenged by mosquito bite, a higher proportion of BALB/c mice than C57BL/6 mice developed sterile protection (62.5% and 37.5%, respectively). Analysis of the antibody isotypes induced by immunization with Pyfabb/f- showed that overall, BALB/c mice developed an IgG1 biased response, whereas C57BL/6 mice developed an IgG2b/c biased response. Our data demonstrate for the first time that antibodies induced by experimental immunization of mice with a genetically attenuated rodent parasite play a protective role during the pre-erythrocytic stages of malaria. Furthermore, they highlight the importance of considering both the route of challenge and the genetic background of the mouse strains used when interpreting vaccine efficacy studies in animal models of malaria infection."
What is the term for Corneal blindness?,Corneal blindness and xenotransplantation.
What is the use of Surrogate Endpoints in Regulating Medicines for Cardio,The Use of Surrogate Endpoints in Regulating Medicines for Cardio-Renal Disease: Opinions of Stakeholders.
What is a promising method for HIV-1 gene therapy?,"CCR5 disruption by zinc finger nucleases (ZFNs) is a promising method for HIV-1 gene therapy. However, successful clinical translation of this strategy necessitates the development of a safe and effective method for delivery into relevant cells. We used non-integrating lentivirus (NILV) for transient expression of ZFNs and pseudotyped the virus with HIV-envelope for targeted delivery to CD4+ T cells. Both activated and resting primary CD4+ T cells transduced with CCR5-ZFNs NILV showed resistance to HIV-1 infection in vitro. Furthermore, NILV transduced resting CD4+ T cells from HIV-1 seronegative individuals were resistant to HIV-1 challenge when reconstituted into NOD-scid IL2rgammac null (NSG) mice. Likewise, endogenous virus replication was suppressed in NSG mice reconstituted with CCR5-ZFN-transduced resting CD4+ T cells from treatment naive as well as ART-treated HIV-1 seropositive patients. Taken together, NILV pseudotyped with HIV envelope provides a simple and clinically viable strategy for HIV-1 gene therapy."
What is the PLS zone maintained in?,"Directional migration requires robust front/back polarity. We find that fibroblasts treated with platelet-derived growth factor (PDGF) and prepolarized by plating on a fibronectin line substrate exhibit persistent migration for hours. This does not occur in the absence of PDGF or on uniformly coated fibronectin substrates. Persistent migration arises from establishment of two functional modules at cell front and back. At the front, formation of a zone containing podosome-like structures (PLS) dynamically correlates with low RhoA and myosin activity and absence of a contractile lamella. At the back, myosin contractility specifically controls tail retraction with minimal crosstalk to the front module. The PLS zone is maintained in a dynamic steady state that preserves size and position relative to the cell front, allowing for long-term coordination of front and back modules. We propose that front/back uncoupling achieved by the PLS zone is crucial for persistent migration in the absence of directional cues."
What is the name of the method that is used to identify bacteria for the diagnosis of bloodstream,"Matrix assisted laser desorption/ionization time-of-flight mass spectrometry (MALDI-TOF MS) is current-ly changing the clinical routine for identification of microbial pathogens. One important application is the rap-id identification of bacteria for the diagnosis of bloodstream infections (BSI). A novel approach based on acoustic trapping and an integrated selective enrichment target (ISET) microchip that improves the sample preparation step for this type of analysis is presented. The method is evaluated on clinically relevant samples in the form of Escherichia coli infected blood-cultures. It is shown that non-contact acoustic trapping enables capture, enrichment and washing of bacteria directly from the complex background of crude blood cultures. The technology replaces centrifugation-based separation with a faster and highly automated sample prepara-tion method that minimizes manual handling of hazardous pathogens. The presented method includes a solid phase extraction step that was optimized for enrichment of the bacterial proteins and peptides that are used for bacterial identification. The acoustic trapping-based assay provided correct identification in 12 out 12 cases of E. coli positive blood cultures with an average score of 2.19+/-0.09 compared to 1.98+/-0.08 when using the standard assay. This new technology opens up for the possibility to automate and speed up an important and widely used diagnostic assay for bloodstream infections."
What is the relationship between stuttering loci and lexical tone in Mandarin,"Abstract The purpose of this study was to examine the relationship between stuttering loci and lexical tone in Mandarin-speaking preschoolers. Conversational samples from 20 Taiwanese children who stutter (CWS; M = 4:9; range = 3:2-6:4) were analysed for frequency and type of speech disfluency and lexical tone associated with stuttering-like disfluencies (SLDs). Results indicated that SLDs were significantly more likely to be produced on Mandarin syllables carrying Tone 3 and Tone 4 syllables compared to syllables carrying either Tone 1 or Tone 2. Post-hoc analyses revealed: (1) no significant differences in the stuttering frequencies between Tone 1 and Tone 2, or between Tone 3 and Tone 4, and (2) a higher incidence of stuttering on syllables carrying Tone 3 and Tone 4 embedded in conflicting (as opposed to compatible) tonal contexts. Results suggest that the higher incidence of stuttering on Mandarin syllables carrying either Tone 3 or 4 may be attributed to the increased level of speech motor demand underlying rapid F0 change both within and across syllables."
What is the name of the off-label prescription of genetically modified organism medicine in,Off-Label Prescription of Genetically Modified Organism Medicines in Europe: Emerging Conflicts of Interest?
What is the most common sexual complaint reported by men to healthcare providers?,"Erectile dysfunction (ED) is considered a common medical disorder and it is the most common sexual complaint reported by men to healthcare providers. The epidemiology of this condition in active component U.S. service members has been unclear. This report describes the counts and rates of newly diagnosed ED in active component servicemen during 2004-2013. There were 100,248 incident cases of ED (rate: 8.4 per 1,000 person-years) during that period. ED cases classified as psychogenic comprised almost half of all ED cases. Annual incidence rates more than doubled between 2004 and 2013. Higher incidence rates were associated with advancing age; black, non-Hispanic ethnicity; marital status of separated, divorced, and widowed; higher level of education; and never having deployed. The editorial comments discuss comparisons with findings in the published literature, the limitations of this study, and possible additional analyses."
What was the CTC count?,"BACKGROUND AND AIMS: Data on the potential of circulating tumor cells (CTC) count in predicting overall survival (OS) in patients with colorectal cancer are timely and worthy of interest. This study aimed to evaluate the prognostic role of CTC count in both localized and metastatic colorectal cancer patients. METHODS: Consecutive patients with histological diagnosis of colorectal cancer were enrolled. CTC count was performed, by using a quantitative immunofluorescence method, at baseline (T0) and 1 month following start of chemotherapy (T1). A CTC count <2 was considered negative, whilst a CTC level >/= 2 was positive. Overall survival was calculated accordingly. RESULTS: A total of 75 colorectal cancer patients were enrolled, including 54 stages I-III and 21 stage IV patients. Overall, 21 (28%) patients had a positive CTC count at baseline, and it was significantly associated with a worse prognosis as compared to a negative status (OS: 36.2 vs. 61.6 months; P = 0.002). CTC count remained positive after chemotherapy in 22.4% of the patients and it was an independent prognostic factor of OS (P = 0.03; Hazard Ratio: 3.55; 95% CI: 1.1-11.5). CONCLUSIONS: This study found that the presence of CTCs is associated with a reduced survival in colorectal cancer patients. Further studies aimed at testing such a predictive value in early stage colorectal cancer are awaited."
What is the main model of health care?,"Abstract Interprofessional collaborative practice is increasingly recognized as an essential model in health care. This study lends preliminary support to the notion that medical students (including residents) and social work students develop a broader understanding of one another's roles and contributions to enhancing community-dwelling geriatric patients' health, and develop a more thorough understanding of the inherent complexities and unique aspects of geriatric health care. Wilcoxon Signed Rank Tests of participants' scores on the Index of Interdisciplinary Collaboration (IIC) indicated the training made significant changes to the students' perception of interprofessional collaboration. Qualitative analysis of participants' statements illustrated (1) benefits of the IPE experience, including complementary roles in holistic interventions; and (2) challenges to collaboration. The findings suggest that interprofessional educational experiences have a positive impact upon students' learning and strategies for enhanced care of geriatric patients."
What is the effect of a postdischarge Virtual Ward on Readmission or Death for,Effect of a Postdischarge Virtual Ward on Readmission or Death for High-Risk Patients: A Randomized Clinical Trial.
What is the main hypothesis for idiopathic scoliosis?,"Scoliosis refers to curves exceeding 10 degrees observed through posterioanterior direct radiography. In fact, the diagnosis for idiopathic scoliosis is accepted to exclude already available causes. The aim of this paper was to review the etiopathogenesis, classification systems and the treatment management of idiopathic scoliosis. A search in the National Library of Medicine (Pubmed) database using the key words 'idiopathic' and 'scoliosis' was performed. For the literature review, papers concerning the etiopathogenesis, classification and treatment were selected among these articles. A search in the National Library of Medicine (Pubmed) database using the key words 'idiopathic' and 'scoliosis' yielded 4518 articles published between 1947 and 2013. The main hypothesis put forward included genetic factors, hormonal factors, bone and connective tissue anomalies. King, Lenke, Coonrad and Peking Union Medical College (PUMC) classifications were the main classification systems for idiopathic scoliosis. Exercise, bracing and anterior, posterior or combined surgery when indicated are the choices for the treatment. Every idiopathic scoliosis case has to be managed to its own characteristics. It is the post-operative appearance that the surgeons are perhaps the least interested but the adolescent patients the most interested in. The aim of scoliosis surgery is to restore the spine without neurological deficit."
What is the name of the tumor suppressor gene in TSCC?,"BACKGROUND: miR-34a is an important tumor suppressor gene in various cancer types. But little is known about the dysregulation of miR-34a in tongue squamous cell carcinoma (TSCC). In this study, we investigate the expression and potential role of miR-34a in TSCC. METHODS: We evaluated miR-34a expression and its relationship with clinicopathological characters in 75 pairs of TSCC samples, and confirmed the role of miR-34a for predicting lymph node metastases from a further 15 pairs of paraffin-embedded TSCC specimens with stringent clinicopathological recruitment criteria using quantitative reverse transcription polymerase chain reaction (qRT-PCR). The effects of miR-34a on cell proliferation, migration and invasion were examined in TSCC cell lines using Cell Counting Kit-8 assay, wound healing assay and transwell assay, respectively. The effects of miR-34a on the expression of matrix metalloproteinase (MMP) 9 and 14 were detected by luciferase reporter assays and Western blot analysis. The expression of miR-34a, MMP9 and MMP14 were also confirmed in TSCC samples by in situ hybridization and immunohistochemistry. RESULTS: miR-34a expression in tumor tissues from TSCC patients with positive lymph node metastases was significantly lower than that with negative lymph node metastases. Overexpression of miR-34a significantly suppressed migration and invasion in TSCC cells and simultaneously inhibited the expression of MMP9 and MMP14 through targeting the coding region and the 3'untranslated region, respectively. Moreover, miR-34a expression in TSCC was inversely correlated with protein expression of MMP9 and MMP14 in the TSCC samples. CONCLUSIONS: miR-34a plays an important role in lymph node metastases of TSCC through targeting MMP9 and MMP14 and may have potential applications in prognosis prediction and gene therapy for lymph node metastases of TSCC patients."
What is the name of the Superoxide Dismutase that protects against Brain,Overexpression of Extracellular Superoxide Dismutase Protects against Brain Injury Induced by Chronic Hypoxia.
What is the effect of EAAT1 on the synaptic glutamate concentration?,"Excitatory amino acid transporter 1 (EAAT1) plays an important role in keeping the synaptic glutamate concentration below neurotoxic levels by translocating this neurotransmitter into the cell. Both reentrant hairpin loops, HP 1 and 2, have been shown to take part in binding the substrate and the more deeply buried sodium ion, and might therefore be a part of the intra- or extracellular gate of the transporter. However, the shape of the motion of either loop relative to transmembrane domain (TM) 4 during the transport cycle has not yet been fully resolved. Using Copper(II) (1,10-Phenanthroline)3 for crosslinking cysteine pairs, we found strong inhibition of transport when A243C (TM4) was combined with S366C (HP1), I453C (HP2) or T456C (HP2). These findings were reinforced by the impact of cadmium on transport activity, and both approaches consistently showed that proximity was exclusively intra-monomeric. Under conditions that promote the inward-facing state, inhibition by CuPh in A243C/S366C was reduced, while the opposite was seen when the outward-facing one was stabilized suggesting that the two positions are farther apart in the former conformation than in the latter. Surprisingly, maximal crosslinking of A243C with I453C or T456C was not observed under conditions that promote the inward-facing state. Altogether, our data suggest that the transporter may undergo complex relative movement between these positions on TM4 and HP1/HP2 during the transport cycle."
What is Clostridium difficile and Pediatric Inflammatory Bowel Disease?,"Clostridium difficile and Pediatric Inflammatory Bowel Disease: A Prospective, Comparative, Multicenter, ESPGHAN Study."
What is the difference between high antigen affinity and antigen dose?,"Cumulative T-cell receptor signal strength and ensuing T-cell responses are affected by both antigen affinity and antigen dose. Here we examined the distinct contributions of these parameters to CD4 T-cell differentiation during infection. We found that high antigen affinity positively correlates with T helper (Th)1 differentiation at both high and low doses of antigen. In contrast, follicular helper T cell (TFH) effectors are generated after priming with high, intermediate, and low affinity ligand. Unexpectedly, memory T cells generated after priming with very low affinity antigen remain impaired in their ability to generate secondary Th1 effectors, despite being recalled with high affinity antigen. These data challenge the view that only strongly stimulated CD4 T cells are capable of differentiating into the TFH and memory T-cell compartments and reveal that differential strength of stimulation during primary T-cell activation imprints unique and long lasting T-cell differentiation programs."
What is the case-control study of young adult Singaporean males?,Factors Associated With Obesity: A Case-Control Study of Young Adult Singaporean Males.
What is the effect of a contraceptive containing drospirenone and,"Effects of a contraceptive containing drospirenone and ethinylestradiol on blood pressure, metabolic profile and neurohumoral axis in hypertensive women at reproductive age."
What is the smallest B-Cell Lymphoma of the Prostate?,Diffuse Large B-Cell Lymphoma of the Prostate.
How many mothers were born at term?,"OBJECTIVE: To determine levels of athero-protective IgM antibodies against phosphorylcholine in mothers and term-born normal or low birth weight infants. APPROACH: Twenty three mother-infant pairs were studied, of whom 16 infants were within the normal weight range for gestational age (NGA; 3652[504] g) and 7 were small for gestational age (SGA; birth weight: 2715[255] g), the latter <2SD below the Swedish reference data mean for normal fetal growth. All infants were born at term (mean+/-SD 40.5+/-1.1 weeks). Serum was available from 6 mothers with SGA and 14 with NGA infants. Participating mothers were aged 34.0+/-3.9 years (no difference between groups). Fourteen neonates were boys and seven were girls. Levels of anti-PC IgM were determined by ELISA. RESULTS: Neonatal IgM anti-PC levels were low (undetectable in 8 infants out of which 3 were SGA) with a median of 76[range 0-2.51] U/ml. Maternal IgM anti-PC levels were significantly higher (median 7198[range: 25.32-656.0]) U/ml) and the proportion of mothers in highest quartile (>75th percentile) was larger in mothers of NGA-infants (43%) vs. those of SGA-infants (0%, p = 0.032). CONCLUSIONS: IgM anti-PC levels are low at birth, which suggests that these antibodies do not play a ""housekeeping"" role in immune function during fetal life/development, but arise predominately on exposure to external antigens after birth. Furthermore, low maternal IgM anti-PC levels may play a role in placental insufficiency, contributing to poor fetal growth and a small-for-date baby. This preliminary observation may have implications for the future risk of atherosclerosis/cardiovascular disease development in pregnant women and their offspring."
What is a key component of the Enhanced Recovery After Surgery protocols?,"Nonsteroidal anti-inflammatory drug (NSAID) use is recognized as a key component of the Enhanced Recovery After Surgery protocols and is systematically recommended in colorectal surgery to optimize perioperative care. However, a red flag about this practice has been raised because clinical studies have recently pointed out an increased risk of anastomotic leak after colorectal surgery following NSAID administration. Therefore, we used the Bradford Hill criteria to examine this potential relationship and concluded that use of perioperative NSAIDs in colorectal surgery should be evaluated carefully and on an individual basis considering the potentially increased risk of anastomotic leak and its consequences."
What was the name of the patient who was referred to our clinic?,"A 63-year-old retired man presented to our clinic reporting a severely painful, localised knee pain present for around 30 years and associated with a spontaneous palpable lump. He was prompted to seek medical advice at this point because his symptoms were exacerbated when his young grandchildren bumped into the knee. While radiographs were unhelpful, ultrasonography revealed a well-defined, subcutaneous soft tissue mass at the anterior aspect of the knee. Surgical excision was performed as a day case. Histological examination of the mass showed a glomus tumour. This patient had suffered for many years as a result of this painful mass but full resolution of his pain occurred immediately after excision."
What is the pathway for innate inflammation?,Innate Inflammation Induced by the 8-Oxoguanine DNA Glycosylase-1-KRAS-NF-kappaB Pathway.
What is the name of the treatment that has been approved for PAH and CTEPH?,"Abstract Pulmonary arterial hypertension (PAH) and chronic thromboembolic pulmonary hypertension (CTEPH) is a life-threatening condition distinguished by elevated pressure of pulmonary arteries and increased vascular resistance. The management of patients with PAH and CTEPH has advanced rapidly over last decade but despite the progress in the treatment, the survival of suffering patients remain unsatisfactory and there is no cure for the diseases. However, surgery is not a first choice for patients. Furthermore, some patients who undergo surgery have persistent pulmonary hypertension (HTN) as a side effect after surgery. Therefore, the search for an ""ideal"" therapy still goes on and it lead to the approval of riociguat as a potential agent for the treatment. It acts directly on soluble guanylate cyclase, exciting the enzyme, and elevating sensitivity to lower levels of NO. Riociguat, therefore, has potential as a novel therapy for PAH and CTEPH. This review is focused on various aspects of the recently approved ""riociguat"" including its efficacy and safety profiles with the clinical data highlighting its importance in the present scenario."
What is the protective effect of U-II on apoptosis?,"BACKGROUND AND PURPOSE: Regulation of the homeostasis of vascular endothelium is critical for the processes of vascular remodeling and angiogenesis under physiological and pathological conditions. Urotensin II (U-II), a potent vasoactive peptide, participates in vascular and myocardial remodeling after injury. We investigated the protective effect of U-II on doxorubicin (DOX)-induced apoptosis in cultured human umbilical vein endothelial cells (HUVECs) and the potential mechanisms involved in this process. EXPERIMENTAL APPROACH: Cultured HUVECs were treated with vehicle, DOX (1 microM), U-II, or U-II plus DOX. Apoptosis was evaluated by DNA strand break level with TdT-mediated dUTP nick-end labeling (TUNEL) staining. Western blot analysis was employed to determine the related protein expression and flow cytometry assay was used to determine the TUNEL positive cells. KEY RESULTS: U-II reduced the quantity of cleaved caspase-3 and cytosol cytochrome c and increased Bcl-2 expression, which results in protecting HUVECs from DOX-induced apoptosis. U-II induced Activating transcription factor 3 (ATF3) at both mRNA and protein levels in U-II-treated cells. Knockdown of ATF3 with ATF3 siRNA significantly reduced ATF3 protein levels and U-II protective effect under DOX-treated condition. U-II downregulated p53 expression in DOX-induced HUVECs apoptosis, and it rapidly activated extracellular signal-regulated protein kinase (ERK) and Akt. The DOX induced change of p53 was not affected by U-II antagonist (urantide) under ATF-3 knockdown. The inhibitory effect of U-II on DOX-increased apoptosis was attenuated by inhibitors of ERK (U0126) and PI3K/Akt (LY294002). CONCLUSION AND IMPLICATIONS: Our observations provide evidence that U-II protects HUVECs from DOX-induced apoptosis. ERK-Akt phosphorylation, ATF3 activation, and p53 downregulation may play a signal-transduction role in this process."
How many patients were treated with TA?,"AIM: Most dural arteriovenous fistulas (DAVFs) can be treated safely and effectively with endovascular Onyx embolization. Balloon-assisted endovascular Onyx embolization of intracranial DAVFs is especially suitable for arterial protection and arterial flow reduction in complicated DAVFs. We systemically report our experience in the use of arterial balloon for Onyx embolization of DAVF and evaluate the clinical outcomes. MATERIAL and METHODS: Clinical records of 12 consecutive DAVFs patients (five women, seven men) treated with arterial balloon-assisted endovascular Onyx embolization were retrospectively collected to analysis their presenting symptoms, angiographic features, endovascular treatments, and clinical outcomes. RESULTS: Six patients presented with cortical venous reflux (CVR). Nine patients underwent transarterial (TA) and 3 patients underwent transvenous (TV) embolization. The balloons were used in 3 types of approach: arterial protection in TA embolization, arterial flow reduction in TA embolization and arterial protection in TV approach. Angiograms demonstrated complete obliteration of the fistula in 11 patients and partial occlusion in one. One patient had Onyx embolization-related complication of transient hemi-facial hypoesthesia. CONCLUSION: The Arterial balloon provides protection of intracranial artery and reduction of arterial flow in Onyx embolization of DAVF. This complementary method brought high cure rate."
What is the menstrual cycle regularization following d-chiro-inosi,The menstrual cycle regularization following d-chiro-inositol treatment in PCOS women: a retrospective study.
What is the name of the steroidal glycoalkaloids found in Lilium species?,"Several Lilium species are nephrotoxic in cats (Felis silvestris catus), among them Easter lilies (Lilium longiflorum). Although clinical trials have been carried out, the causative toxic phytochemicals have not yet been identified. We thus aimed to determine the toxic constituents of Easter lily flowers applying a bioassay-guided approach based on a feline kidney cell line model. The bioassay-guided fractionation traced the observed cytotoxicity to a complex mixture of compounds that were tentatively identified as steroidal glycoalkaloids of the solasodine-type, based on multiple-fragmentation ion trap and high-resolution mass spectrometry. The glycoalkaloids in the active fraction possessed trisaccharide chains, and at least 16 different congeners could be separated using liquid chromatography-mass spectrometry. The two principal compounds were solasodine trisaccharides containing two hexose and one deoxy-hexose unit. In the remaining 14 analogues, one or two of the hydroxyl groups of the second hexose from the aglycone were acetylated. In addition, some of the analogues appeared to be carbonate esters. Esterification of steroidal glycoalkaloids in plants has only been reported once and was in accordance with higher antifungal activity of the acetylated versus the parent congener. Our pilot study shows that esterification of steroidal glycoalkaloids in Lilium species might be common resulting in an array of different analogues with largely unexplored structural variability and bioactivity."
What is the case of goal-directed dysfunction in psychiatry?,"Obsessive-compulsive disorder (OCD) has become a paradigmatic case of goal-directed dysfunction in psychiatry. In this article, we review the neurobiological evidence, historical and recent, that originally led to this supposition and continues to support a habit hypothesis of OCD. We will then discuss a number of recent studies that have directly tested this hypothesis, using behavioural experiments in patient populations. Based on this research evidence, which suggests that rather than goal-directed avoidance behaviours, compulsions in OCD may derive from manifestations of excessive habit formation, we present the details of a novel account of the functional relationship between these habits and the full symptom profile of the disorder. Borrowing from a cognitive dissonance framework, we propose that the irrational threat beliefs (obsessions) characteristic of OCD may be a consequence, rather than an instigator, of compulsive behaviour in these patients. This lays the foundation for a potential shift in both clinical and neuropsychological conceptualization of OCD and related disorders. This model may also prove relevant to other putative disorders of compulsivity, such as substance dependence, where the experience of 'wanting' drugs may be better understood as post hoc rationalizations of otherwise goal-insensitive, stimulus-driven behaviour."
What is the endocannabinoid system mediated control of synaptic,"Excessive glutamate-mediated synaptic transmission and secondary excitotoxicity have been proposed as key determinants of neurodegeneration in many neurological diseases. Soluble mediators of inflammation have recently gained attention owing to their ability to enhance glutamate transmission and affect synaptic sensitivity to neurotransmitters. In the complex crosstalk between soluble immunoactive molecules and synapses, the endocannabinoid system (ECS) plays a central role, exerting an indirect neuroprotective action by inhibiting cytokine-dependent synaptic alterations, and a direct neuroprotective effect by limiting glutamate transmission and excitotoxic damage. On the other hand, the endocannabinoid (eCB)-mediated control of synaptic transmission is altered by proinflammatory cytokines with consequent effects in central nervous system (CNS) disorders. In this review, we summarize the interactions, at the pre- and postsynaptic level, between major inflammatory cytokines and the ECS. In addition, the behavioral and clinical consequences of the modulation of synaptic transmission during neuroinflammation are discussed."
What is the safety profile of two therapeutic classes widely used in the treatment of psori,Safety remains paramount to the clinical utility of a therapy. Evaluation of safety is an ongoing process that does not end when a therapy becomes commercially available. This article reviews recent data pertaining to the safety profile of two therapeutic classes widely used in the treatment of psoriasis: inhibitors of tumor necrosis factor-alpha and agents that target interleukin-12/23.
What is the name of the article that was published in the Editors' Summary?,Thomas Hwang and Salmaan Keshavjee argue that a market-based strategy combined with long-term in-country technical assistance should be used to scale-up access to the treatment of multi-drug resistant tuberculosis Please see later in the article for the Editors' Summary.
What is the key feature of the vertebrate immune system?,"PURPOSE OF REVIEW: To summarize our understanding of the biology of T follicular helper (Tfh) cells and how insights into this are being provided by the study of human monogenic immunological diseases. RECENT FINDINGS: Antibody production is a key feature of the vertebrate immune system. Antibodies neutralize and clear pathogens, thereby protecting against infectious diseases. Long-lived humoral immunity depends on help provided by Tfh cells, which support the differentiation of antigen-specific B cells into memory and plasma cells. Tfh cells are generated from naive CD4 T cells following the receipt of inputs from various cell surface receptors. Although genetically modified mice have provided a great understanding of the requirements for generating Tfh cells, it is critical that the requirements for human Tfh cells are also established. This is being achieved by the systematic analysis of humans with monogenic mutations that cause primary immunodeficiencies characterized by impaired humoral immunity following infection or vaccination. SUMMARY: The elucidation of the mechanisms that regulate Tfh cell generation, differentiation and function should reveal targets for novel therapeutics that may offer opportunities to manipulate these cells to not only improve humoral immunity in the setting of primary immunodeficiencies but also temper their dysregulation in conditions of antibody-mediated autoimmunity."
"What is the expression of fibroblastic growth factor, syndecan 1 and tumour nec","Mucosal expression of basic fibroblastic growth factor, syndecan 1 and tumour necrosis factor-alpha in Crohn's disease in deep remission under treatment with anti-TNFalpha antibodies."
Correlation of axial blood velocity to venular and arteriolar diameter in,Correlation of axial blood velocity to venular and arteriolar diameter in the human eye in vivo.
What was the lead with the highest amplitude of J wave?,"INTRODUCTION: Several reports illustrate an inverse correlation between the Osborn wave (J wave) amplitude and core body temperature. We attempted to study the strength of this correlation. METHODS: We reviewed all articles reporting hypothermic J waves from 1950-2014 for patient demographics, core body temperature in Celsius ( degrees C), amplitude of the J wave in millimeters (mm), lead with the highest amplitude of J wave, presence of acidosis, PO2, electrolytes and outcome. In cases with more than one electrocardiogram (ECG), the respective core body temperature and J wave amplitude of each ECG were recorded. The main study outcome is to evaluate the correlation between the J wave amplitude and core body temperature in the admission ECG. We have also examined the strength of this relationship in cases with more than one ECG. We attempted to find the most frequent lead that recorded the highest amplitude of the J wave in addition to the correlation between the amplitude of J wave and pH. RESULTS: We found 64 articles comprising a total of 68 cases. When analyzing only cases with more than one reported ECG, there was a strong inverse correlation (r= - 0.682, p<0.001) between J wave amplitude and body temperature: however, when analyzing admission ECG of all cases, the correlation was only moderate (r= - 0.410, p<0.001). The lead with the highest amplitude of the J wave was V4 (44% of the cases, p<0.001) followed by V3 (23.7% of the cases, p<0.001). CONCLUSION: The amplitude of the J wave in the admission ECG of hypothermic patients may not accurately predict the core body temperature."
What was the most common type of infection in pediatric patients?,"BACKGROUND:: Clostridium difficile (C. difficile) infection is associated with pediatric inflammatory bowel disease (IBD) in several ways. We sought to investigate C. difficile infection in pediatric patients with IBD in comparison with a group of children with celiac disease and to evaluate IBD disease course of C. difficile infected patients. METHODS:: In this prospective, comparative, multicenter study, 211 pediatric patients with IBD were enrolled from October 2010 to October 2011 and tested for the presence of C. difficile toxins A and B in their stools at 0, 6, and 12 months. During the same study period, stool specimens for C. difficile toxins analysis were collected from 112 children with celiac disease as controls. RESULTS:: Clostridium difficile occurrence was significantly higher in patients with IBD compared with patients with celiac disease (7.5% versus 0.8%; P = 0.008). Clostridium difficile was associated with active disease in 71.4% of patients with IBD (P = 0.01). Colonic involvement was found in 85.7% of patients with C. difficile. Antibiotics, proton pump inhibitors, hospitalization, and IBD therapies were not associated with increased C. difficile detection. At 12 months, a higher number of C. difficile-positive patients at the enrollment started immunosuppressant/biological therapy compared with patients without C. difficile (P = 0.01). At 6 and 12 months, patients with C. difficile were more frequently in active disease than patients without C. difficile (P = 0.04; P = 0.08, respectively). Hospitalizations were higher at 6 months in C. difficile group (P = 0.05). CONCLUSIONS:: In conclusion, this study demonstrates that pediatric IBD is associated with increased C. difficile detection. Patients with C. difficile tend to have active colonic disease and a more severe disease course."
What is a potent immunosuppressive agent used for allogeneic solid organ,"OBJECTIVE: Tacrolimus is a potent immunosuppressive agent mainly used for allogeneic solid organ transplantation. Although usage of tacrolimus led to a significant increase in short-term allograft survival, the long-term morbidity remains high. Endothelin-1 (ET-1) is reported to be associated with increased vascular resistance, CNI-induced nephrotoxicity and chronic rejection. MATERIALS AND METHODS: In the present study, we first detected the serum and renal ET-1 level of rats treated by tacrolimus and found strong positive correlations were existed between the ET-1 level and the tacrolimus dosage and treated time. Furthermore, we studied the protective effect of ambrisentan in liver transplantation rats when co-administrated with tacrolimus. Healthy inbred male Wistar and Sprague-Dawley (SD) rats were used in this study. The post-operative general condition, transplantation survival time, hepatic aminotransferase, serum IFN-gamma and level kidney injury biochemical index were recorded and compared to evaluate the immune response and outcomes in the recipient rats after liver transplantation. RESULTS: Our results indicate that ambrisentan prevents the changes of ET-1 content in rats of non-operative treatment group and reduced the nephrotoxicity in the rats with liver transplantation. Rats from ambrisentan co-administration group exhibited good postoperative condition and prolonged survival. CONCLUSIONS: Ambrisentan reverted some effects induced by tacrolimus in the kidney and indicated a positive potential for therapeutic benefit."
What is the primary cause of extracapsular spread?,SERPINE1 and SMA expression at the invasive front predict extracapsular spread and survival in oral squamous cell carcinoma.
What is the name of the tumor that recurred along the trigeminal nerve,"A 42-year-old woman presented with right oculomotor, abducens, and trigeminal palsy. Neuroimaging revealed a small lesion in the right cavernous sinus mimicking meningioma. Because the symptoms gradually worsened, the patient underwent an endoscopic endonasal transsphenoidal surgery for tumor biopsy. Histological examination of the surgical specimen revealed adenoid cystic carcinoma (ACC). Before and after the operation, no evidence of other primary lesions could be detected. The patient was treated with stereotactic radiosurgery (SRS). ACC in the cavernous sinus can be difficult to diagnosis before histological confirmation, because it is extremely rare as a primary lesion and resembles a cavernous sinus meningioma on neuroimaging studies. Two years after the first SRS, the tumor recurred along the trigeminal nerve and SRS was performed again. Our study illustrates that in case in which a lesion in the cavernous sinus progresses on neurological and neuroimaging studies, a biopsy should be taken to provide most accurate diagnosis and treatment."
What was the expression of Bcl-2 in BMSCs + oxiracet,"This study aimed to investigate the combination effects of bone marrow stromal cells (BMSCs) and oxiracetam for ischemic stroke. Forty Sprague Dawley female rats (220 +/- 20 g) were subjected to a 2-hour ischemic middle cerebral artery occlusion (MCAO)-24 hours reperfusion model. The rats were randomly divided into 4 groups. Rats from BMSCs group, oxiracetam group, and BMSCs + oxiracetam group accepted injection of BMSCs (3 x 106 cells), oxiracetam (800 mg/kg), and BMSCs + oxiracetam, respectively. Rats from control group did not receive any interventions after ischemia reperfusion. The neurologic function was examined by modified neurological severity scores (mNSS). B-cell lymphoma 2 (Bcl-2) expression and apoptosis were detected by immunohistochemistry and terminal deoxynucleotidyl transferase-mediated dUTP nick-end labeling (TUNEL) staining. The mNSS was decreased in all treatment groups and that in BMSCs + oxiracetam group was lower than BMSCs group and oxiracetam group (P < .05). The expression of Bcl-2 was unregulated in all treatment groups (P < .05), and similarly, the expression of Bcl-2 in BMSCs + oxiracetam group was higher than BMSCs group and oxiracetam group (P < .05). Control group displayed more TUNEL-positive cells than the treatment groups, and BMSCs + oxiracetam group displayed less apoptotic cells than BMSCs group or oxiracetam group (P < .05). Transplantation of BMSCs can promote the recovery of neurologic function in MCAO rats, and the effect of BMSCs combined with oxiracetam was better than the either one. Upregulation of Bcl-2 resulting in a decrease of apoptosis may be one of the mechanisms of BMSCs treatment for cerebral ischemic stroke."
What was the target of dys-regulated miRNAs?,"Aim: To explore the pattern of expression of circulating miRNAs in patients with polycystic ovary syndrome (PCOS). Materials and methods: Microarray and qRT-PCR were used to investigate circulating miRNAs in PCOS during clinical diagnosis. The targets of dys-regulated miRNAs were predicted using bioinformatics, followed by function and pathway analysis using the databases of Gene Ontology and the KEGG pathway. Results: BMI, triglyceride, HOMA-IR, Testosterone and CRP levels were significantly higher, while estradiol was significantly lower in PCOS than in control groups. After SAM analysis, 5 circulating miRNAs were significantly up-regulated (let-7i-3pm, miR-5706, miR-4463, miR-3665, miR-638) and 4 (miR-124-3p, miR-128, miR-29a-3p, let-7c) were down-regulated in PCOS patients. Hierarchical clustering showed a general distinction between PCOS and control samples in a heat map. After joint prediction by different statistical methods, 34 and 41 genes targeted were up-and down-regulated miRNAs, in PCOS and controls, respectively. Further, GO and KEGG analyses revealed the involvement of the immune system, ATP binding, MAPK signaling, apoptosis, angiogenesis, response to reactive oxygen species and p53 signaling pathways in PCOS. Conclusions: We report a novel non-invasive miRNA profile which distinguishes PCOS patients from healthy controls. The miRNA-target database may provide a novel understanding of PCOS and potential therapeutic targets."
What is the cause of sleep apnoea syndrome?,What non-alcoholic fatty liver disease has got to do with obstructive sleep apnoea syndrome and viceversa?
What was the probable secondary transmission rate in the 2012 outbreak?,"SUMMARY Two related outbreaks (in 2009 and 2012) of cryptosporidiosis in Norwegian schoolchildren during a stay at a remote holiday farm provided us with a natural experiment to investigate possible secondary transmission of Cryptosporidium parvum IIa A19G1R1. After the children had returned home, clinical data and stool samples were obtained from their household contacts. Samples were investigated for the presence of Cryptosporidium oocysts by immunofluorescence antibody test. We found both asymptomatic and symptomatic infections, which are likely to have been secondary transmission. Laboratory-confirmed transmission rate was 17% [4/23, 95% confidence interval (CI) 7.0-37.1] in the 2009 outbreak, and 0% (95% CI 0-16.8) in the 2012 outbreak. Using a clinical definition, the probable secondary transmission rate in the 2012 outbreak was 8% (7/83, 95% CI 4.1-16.4). These findings highlight the importance of hygienic and public health measures during outbreaks or individual cases of cryptosporidiosis. We discuss our findings in light of previous studies reporting varying secondary transmission rates of Cryptosporidium spp."
What is the SIBDQ score?,Rapid fecal calprotectin level assessment and the SIBDQ score can accurately detect active mucosal inflammation in IBD patients in clinical remission: a prospective study.
What is the cycloaddition of azide?,"L-Proline catalyzed one-step synthesis of 4,5-diaryl-2-1,2,3-triazoles from heteroaryl cyanostilbenes via [3+2] cycloaddition of azide."
What is the high resolution profile of single CKpos/CD45neg Flow,Genomic High-Resolution Profiling of Single CKpos/CD45neg Flow-Sorting Purified Circulating Tumor Cells from Patients with Metastatic Breast Cancer.
What is the primary function of a single-agent Graft-Versus-,Multi-Institutional Study of Post-Transplantation Cyclophosphamide As Single-Agent Graft-Versus-Host Disease Prophylaxis After Allogeneic Bone Marrow Transplantation Using Myeloablative Busulfan and Fludarabine Conditioning.
What is the role of free triiodothyronine in patho,The role of free triiodothyronine in pathogenesis of infertility in levothyroxine-treated women with thyroid autoimmunity - a preliminary observational study.
What is the corrective effect of Age-Related Changes in the Face?,Correcting Age-Related Changes in the Face by Use of Injectable Fillers and Neurotoxins.
What is the molecule that can tether to the channel?,"The present study examined the binding of the individual N- and C-lobes of calmodulin (CaM) to Cav1.2 at different Ca2+ concentration ([Ca2+]) from approximately free to 2 mM, and found that they may bind to Cav1.2 Ca2+-dependently. In particular, using the patch-clamp technique, we confirmed that the N- or C-lobes can rescue the basal activity of Cav1.2 from run-down, demonstrating the functional relevance of the individual lobes. The data imply that at resting [Ca2+], CaM may tether to the channel with its single lobe, leading to multiple CaM molecule binding to increase the grade of Ca2+-dependent regulation of Cav1.2."
,
What is the fidelity of miRNA-378a-5p?,Excess of miRNA-378a-5p perturbs mitotic fidelity and correlates with breast cancer tumourigenesis in vivo.
What is the susceptibility of gamma-herpesviruses?,"The susceptibility of gamma-herpesviruses, including Epstein-Barr virus (EBV), Kaposi's sarcoma-associated herpesvirus (KSHV) and animal rhadinoviruses, to various nucleoside analogs was investigated in this report. Besides examining the antiviral activity and mode of action of antivirals currently marketed for the treatment of alpha- and/or beta-herpesvirus infections (including acyclovir, ganciclovir, penciclovir, foscarnet, brivudin), we also investigated the structure-activity relationship of various 5-substituted uridine and cytidine molecules. The antiviral efficacy of nucleoside derivatives bearing substitutions at the 5-position was decreased if the bromovinyl was replaced by chlorovinyl. BVaraU, a nucleoside with an arabinose configuration of the sugar ring, exhibited no inhibitory effect against rhadinoviruses, but was active against EBV. On the other hand, the fluoroarabinose cytidine analog FIAC showed high selectivity indices against gamma-herpesviruses that were comparable to those of brivudin. Additionally, we selected brivudin- and acyclovir-resistant rhadinoviruses in vitro and characterized them by phenotypic and genotypic (i.e. sequencing of the viral thymidine kinase, protein kinase and DNA polymerase) analysis. Here, we reveal key amino acids in these enzymes that play an important role in substrate's recognition. Our data on drug-susceptibility profiles of the different animal gamma-herpesvirus mutants highlighted cross-resistance patterns and indicated that pyrimidine nucleoside derivatives are phosphorylated by the viral thymidine kinase and purine nucleosides are preferentially activated by the gamma-herpesvirus protein kinase."
What is an anti-IGF-1R antibody?,"A phase I trial of vertical inhibition of IGF signalling using cixutumumab, an anti-IGF-1R antibody, and selumetinib, an MEK 1/2 inhibitor, in advanced solid tumours."
What is the best luteal phase support for each IVF stimulation protocol?,Which luteal phase support is better for each IVF stimulation protocol to achieve the highest pregnancy rate? A superiority randomized clinical trial.
What was the goal of the study?,"BACKGROUND: Elevations in soluble markers of inflammation and changes in leukocyte subset distribution are frequently reported in patients with coronary artery disease (CAD). Lately, the neutrophil/lymphocyte ratio has emerged as a potential marker of both CAD severity and cardiovascular prognosis. OBJECTIVES: The aim of the study was to investigate whether neutrophil/lymphocyte ratio and other immune-inflammatory markers were related to plaque burden, as assessed by coronary computed tomography angiography (CCTA), in patients with CAD. METHODS: Twenty patients with non-ST-elevation acute coronary syndrome (NSTE-ACS) and 30 patients with stable angina (SA) underwent CCTA at two occasions, immediately prior to coronary angiography and after three months. Atherosclerotic plaques were classified as calcified, mixed and non-calcified. Blood samples were drawn at both occasions. Leukocyte subsets were analyzed by white blood cell differential counts and flow cytometry. Levels of C-reactive protein (CRP) and interleukin(IL)-6 were measured in plasma. Blood analyses were also performed in 37 healthy controls. RESULTS: Plaque variables did not change over 3 months, total plaque burden being similar in NSTE-ACS and SA. However, non-calcified/total plaque ratio was higher in NSTE-ACS, 0.25(0.09-0.44) vs 0.11(0.00-0.25), p<0.05. At admission, levels of monocytes, neutrophils, neutrophil/lymphocyte ratios, CD4+ T cells, CRP and IL-6 were significantly elevated, while levels of NK cells were reduced, in both patient groups as compared to controls. After 3 months, levels of monocytes, neutrophils, neutrophil/lymphocyte ratios and CD4+ T cells remained elevated in patients. Neutrophil/lymphocyte ratios and neutrophil counts correlated significantly with numbers of non-calcified plaques and also with non-calcified/total plaque ratio (r = 0.403, p = 0.010 and r = 0.382, p = 0.024, respectively), but not with total plaque burden. CONCLUSIONS: Among immune-inflammatory markers in NSTE-ACS and SA patients, neutrophil counts and neutrophil/lymphocyte ratios were significantly correlated with non-calcified plaques. Data suggest that these easily measured biomarkers reflect the burden of vulnerable plaques in CAD."
What is the effect of a differential medication effect on alcohol dependence?,"Previous research on alcohol dependent patients has shown that variations in eyeblink startle response can be used as an indicator of their emotional responses to alcohol-related stimuli. Postulating that reactions on substance associated stimuli are controlled by either a negative or a positive affective processing system, we expect that abstinent alcoholics react differently (within-group) in the emotional evaluation of alcohol cues. Furthermore, we assumed the startle response to covary with medication response to acamprosate and naltrexone. We measured 74 detoxified inpatients' acoustic startle responses while they were being presented with alcohol-related images as well as affectively negative, neutral, and positive pictures before they were randomized to pharmacotherapy. Group-mean startle peak amplitudes were lowest for alcohol-related cues. The relative startle response (alcohol cues set in relation to the other stimulus categories) did not correlate with craving for alcohol (OCDS) or alcohol cue induced self-ratings of arousal, valence and craving. Patients with a lower percentage of abstinent days in the 90days prior to the last drinking day showed a lower (""more appetitive"") startle response to alcohol cues. A survival analysis using the time to first heavy drinking day as the survival criterion revealed a significant interaction between alcohol-cue startle responses and medication type. The results indicate that the psycho-physiological measure of emotional evaluation of alcohol cues includes unconscious processing not reflected by conscious self-ratings. Furthermore, our result of a differential medication effect may encourage further studies to use biological characteristics to stratify patients as a step towards individualized treatment for alcohol dependence."
What is the Cognitive Function After Initiation of Adjuvant Endocrine Therapy in,Cognitive Function After the Initiation of Adjuvant Endocrine Therapy in Early-Stage Breast Cancer: An Observational Cohort Study.
What is the new technique for quantifying magnetic susceptibility?,"Quantitative susceptibility mapping (QSM) is a new technique for quantifying magnetic susceptibility. It has already found various applications in quantifying in vivo iron content, calcifications and changes in venous oxygen saturation. The accuracy of susceptibility mapping is dependent on several factors. In this review, we evaluate the entire process of QSM from data acquisition to individual data processing steps. We also show preliminary results of several new concepts introduced in this review in an attempt to improve the quality and accuracy for certain steps. The uncertainties in estimating susceptibility differences using susceptibility maps, phase images, and T2* maps are analyzed and compared. Finally, example clinical applications are presented. We conclude that QSM holds great promise in quantifying iron and becoming a standard clinical tool."
What was the primary approach at cesarean delivery?,"OBJECTIVE: To estimate the incidence of incisional hernias requiring surgical repair after cesarean delivery over a 10-year period. METHODS: This population- and register-based cohort study identified all women in Denmark with no history of previous abdominal surgery who had a cesarean delivery between 1991 and 2000. The cohort was followed from their first until 10 years after their last cesarean delivery within the inclusion period or until the first of the following events: hernia repair, death, emigration, abdominal surgery, or cesarean delivery after the inclusion period. For women who had a hernia repair, hospital records regarding the surgery and previous cesarean deliveries were tracked and manually analyzed to validate the relationship between hernia repair and cesarean delivery. Data were analyzed with a competing risk analysis that included each cesarean delivery. RESULTS: We identified 57,564 women who had had 68,271 cesarean deliveries during the inclusion period. During follow-up, 134 of these women had a hernia requiring repair. Of these 68 (51% [95% CI 42-60%]) were in a midline incision although the transverse incision was the primary approach at cesarean delivery during the inclusion period. The cumulated incidence of a hernia repair within 10 years after a cesarean delivery was 0.197% (95% CI 0.164-0.234%). The risk of a hernia repair was higher during the first 3 years after a cesarean delivery, with an incidence after 3 years of 0.157% (95% CI 0.127-0.187%). CONCLUSIONS: The overall risk of an incisional hernia requiring surgical repair within 10 years after a cesarean delivery was 2 per 1000 deliveries in a population in which the transverse incision was the primary approach at cesarean delivery."
What was the hepatic expression of VDR protein assessed by western blot?,"Background/aims: Low 25-Hydroxyvitamin D serum levels have been associated with the severity of liver fibrosis in genotype 1 chronic hepatitis C patients (G1CHC), and experimental evidence suggested a hepatoprotective role of vitamin D via interaction with hepatic vitamin D receptor (VDR). We assessed the hepatic expression of VDR protein and its association with liver disease severity. Methods: Ninety-one consecutive patients with biopsy-proven G1CHC and available frozen liver tissue were evaluated. Ten subjects without chronic liver diseases and nine patients with autoimmune hepatitis served as controls. The hepatic expression of VDR protein was assessed by western blot for quantification, and by immunohistochemistry for morphological distribution. Results: Liver VDR protein was mainly localized in hepatocytes and cholangiocytes, and its expression by western blot was similar in CHC and controls (1.83+/-0.97 vs. 2.18+/-0.62, p=0.14), but lower in autoimmune hepatitis (0.84+/-0.14, p<0.001). The expression was lower in CHC with severe necroinflammatory activity (1.44+/-0.87) vs. both controls and CHC with grade 1-2 inflammation (1.94+/-0.97)(p=0.01 and p=0.03, respectively), but higher compared to autoimmune hepatitis (p=0.007). A similar difference was observed in CHC patients with F3-F4 fibrosis, whose VDR expression (1.51+/-1.07) was also lower compared with controls and CHC with F0-F2 fibrosis (1.98+/-0.89)(p=0.02 and p=0.04, respectively), but higher vs. autoimmune hepatitis (p=0.003). At multivariate logistic regression analysis, low VDR protein expression remained associated with severe necroinflammatory activity and severe fibrosis (OR 0.543,95%CI, 0.288-0.989, p=0.04; and OR 0.484,95%CI 0.268-0.877, p=0.01, respectively) in CHC after correction for clinical, biochemical and histological features. Conclusion: In a cohort of G1CHC patients, the hepatic expression of VDR protein is associated with the severity of both liver fibrosis and inflammation."
What is the sternum characterized by?,"Pectus Excavatum is an anatomical deformation characterized by a depression of the anterior chest wall. Nuss technique (representing the current clinical golden standard) consists in the introduction of a corrective metal bar, in order to raise the sternum in its anatomic natural position. Nowadays, the bar plays purely a mechanical/corrective action and is kept implanted for about three years, supporting up to a maximum force of 250 N. Our study aims at optimizing the procedure of correction, in terms of monitoring the bar effect, minimizing the body response, and facilitating the bar removal. The sensorized Nuss bar prototype inserted in a platform for telemedicine described in this article is able to monitor in vitro pressure data variations, with more than 150 discrete measurements during the operating period. This behavior is promising for future clinical applications, in which the device could be exploited to monitor the forces at work, thus, providing a customized therapeutic protocol, which in turn may optimize the period of implant. The sensorized bar was also provided with a polymeric coating, able to influence human dermal fibroblast behavior in vitro. This highlights the possibility to minimize, in future in vivo applications, tissue fibrotic responses."
What was the lipid-shell and polymer-core hybrid nanoparticles modified by,"In the current study, the lipid-shell and polymer-core hybrid nanoparticles (lpNPs) modified by Arg-Gly-Asp(RGD) peptide, loaded with curcumin (Cur), were developed by emulsification-solvent volatilization method. The RGD-modified hybrid nanoparticles (RGD-lpNPs) could overcome the poor water solubility of Cur to meet the requirement of intravenous administration and tumor active targeting. The obtained optimal RGD-lpNPs, composed of PLGA (poly(lactic-co-glycolic acid))-mPEG (methoxyl poly(ethylene- glycol)), RGD-polyethylene glycol (PEG)-cholesterol (Chol) copolymers and lipids, had good entrapment efficiency, submicron size and negatively neutral surface charge. The core-shell structure of RGD-lpNPs was verified by TEM. Cytotoxicity analysis demonstrated that the RGD-lpNPs encapsulated Cur retained potent anti-tumor effects. Flow cytometry analysis revealed the cellular uptake of Cur encapsulated in the RGD-lpNPs was increased for human umbilical vein endothelial cells (HUVEC). Furthermore, Cur loaded RGD-lpNPs were more effective in inhibiting tumor growth in a subcutaneous B16 melanoma tumor model. The results of immunofluorescent and immunohistochemical studies by Cur loaded RGD-lpNPs therapies indicated that more apoptotic cells, fewer microvessels, and fewer proliferation-positive cells were observed. In conclusion, RGD-lpNPs encapsulating Cur were developed with enhanced anti-tumor activity in melanoma, and Cur loaded RGD-lpNPs represent an excellent tumor targeted formulation of Cur which might be an attractive candidate for cancer therapy."
What did the change in Catastrophizing and Depressed Mood During and,Changes in Catastrophizing and Depressed Mood During and After Early Cognitive Behaviorally Oriented Interventions for Pain.
What is the name of the trial in Burkina Faso?,Efficacy and safety of triple combination therapy with artesunate-amodiaquine-methylene blue for falciparum malaria in children: a randomised controlled trial in Burkina Faso.
What is Picropodophyllin responsible for?,Picropodophyllin causes mitotic arrest and catastrophe by depolymerizing microtubules via Insulin-like growth factor-1 receptor-independent mechanism.
What is the mean total run-time for the EMRAI shorter than that required to administer,"OBJECTIVES: The disease activity of Behcet's disease is inadequately defined, and there is no consensus on how it should be measured. The aim of this study was to verify the usefulness of a simplified electronic medical record (EMR)-based activity index (EMRAI) for Behcet's disease. METHODS: A total of 73 Korean patients with Behcet's disease participated in this study. Two dermatologists interviewed each participant independently using two activity scoring systems: the EMRAI and the Behcet's Disease Current Activity Form (BDCAF). Overall agreement between raters, correlation between activity scoring indices, and total interview run-time were evaluated. RESULTS: The EMRAI significantly correlated with the BDCAF (Spearman's correlation coefficient, r=0.835), physician-assessed overall activity score (r=0.782), erythrocyte sedimentation rate (r=0.520) and C-reactive protein level (r=0.422). The weighted kappa score for inter-rater agreement of EMRAI showed very good reliability compared with that of BDCAF (0.894 and 0.693, respectively). The mean total run-time for the EMRAI was shorter than that required to administer the BDCAF (95 s and 115 s, respectively). CONCLUSIONS: The EMRAI, an EMR-based simplified activity index of Behcet's disease, facilitates rapid and simple gathering of disease activity data and clinical information."
What is the self-criticism in Behcet's disease?,Self-criticism in Behcet's disease and other autoinflammatory conditions.
What is the CHC model of intelligence?,"Cognitive outcomes are frequently implemented as endpoints in nutrition research. To reduce the number of statistical comparisons it is commonplace for nutrition researchers to combine cognitive test results into a smaller number of broad cognitive abilities. However, there is a clear lack of understanding and consensus as to how best execute this practice. The present paper reviews contemporary models of human cognition and proposes a standardised, evidence-based method for grouping cognitive test data into broader cognitive abilities. Both Carroll's model of human cognitive ability and the Cattell-Horn-Carroll (CHC) model of intelligence provide empirically based taxonomies of human cognition. These models provide a cognitive 'map' that can be used to guide the handling and analysis of cognitive outcomes in nutrition research. Making use of a valid cognitive nomenclature can provide the field of clinical nutrition with a common cognitive language enabling efficient comparisons of cognitive outcomes across studies. This will make it easier for researchers, policymakers and readers to interpret and compare cognitive outcomes for different interventions. Using an empirically derived cognitive nomenclature to guide the creation of cognitive composite scores will ensure that cognitive endpoints are theoretically valid and meaningful. This will increase the generalisability of trial results to the general population. The present review also discusses how the CHC model of cognition can also guide the synthesis of cognitive outcomes in systematic reviews and meta-analysis."
Campylobacter jejuni Activated Inflammasome Activation?,Inflammasome Activation by Campylobacter jejuni.
What is Langerhans Cell Histiocytosis?,Langerhans Cell Histiocytosis Involving the Gastrointestinal Tract.
What was the primary endpoint of AMI?,"BACKGROUND: Several randomized controlled trials (RCTs) have evaluated the effect of intra-aortic balloon counterpulsation pump(IABP) on the mortality of acute myocardial infarction (AMI). OBJECTIVES: To analyze the relevant RCT data on the effect of IABP on mortality and the occurrence of bleeding in AMI. DATA SOURCES: Published RCTs on the treatment of AMI by IABP were retrieved in searches of Medline, EMBASE, Cochrane and other related databases. The last search was conducted on July 20, 2014. STUDY ELIGIBILITY CRITERIA: Randomized clinical trials comparing IABP to controls as treatment for AMI. PARTICIPANTS: Patients with AMI. SYNTHESIS METHODS: The primary endpoint was mortality, and the secondary endpoint was bleeding events. To account for to heterogeneity, a random-effects model was used to analyze the study data. RESULTS: Ten trials with a total population of 973 patients that were included in the analysis showed no significant difference in 2-month mortality between the IABP and the control groups. The 6-month mortality in the IABP group was not significantly lower than in the control group in the four RCTs that enrolled 59 AMI patients with CS. But in the four that enrolled AMI 66 patients without CS, the data showed opposite conclusion. CONCLUSIONS: IABP cannot reduce within 2 months and 6-12 months mortality of AMI patients with CS as well as within 2 months mortality of AMI patients without CS, but can reduce 6-12 months mortality of AMI patients without CS. In addition, IABP can increase the risk of bleeding."
What is the name of the symptoms of gastroesophageal and extraesoph,Gastroesophageal and extraesophageal reflux symptoms: Similarities and differences.
"What was the JOA score at 3, 12, and 24 months after surgery?","AIM: This study aimed to evaluate the short- to medium-term outcomes of the second-generation Wallis interspinous dynamic stabilization device for treatment of lumbar degenerative disease. MATERIAL and METHODS: Fifty patients with lumbar degenerative disease treated from August 2007 to September 2009 were included in this retrospective study. The Japanese Orthopedic Association (JOA) score and the Oswestry Disability Index (ODI) were used for therapeutic efficacy evaluation. Odom's criteria were used to evaluate postoperative outcome with regard to symptoms. Anteroposterior X-rays were obtained after surgery. All patients were followed up for 2 years. RESULTS: Based on Odom's criteria, 22, 24 and 4 patients had excellent, good, and fair results respectively. The JOA score at 3, 12, and 24 months after surgery was significantly higher than before surgery (all p < 0.001), and the ODI score at 3, 12, and 24 months after surgery was significantly lower than before surgery (all p < 0.001). The posterior intervertebral disc height and the neural foramina height at 12 and 24 months after surgery was significantly higher than before surgery (both p < 0.001). CONCLUSION: Implantation of the second-generation Wallis interspinous dynamic stabilization device produced satisfactory clinical outcome at short- and medium-term follow-up in patients with lumbar degenerative disease."
What is the therapeutic development in Psoriasis?,Therapeutic Development in Psoriasis.
What is a multilevel approach to Oxidative Stress?,Oxidative Stress Is Associated with an Increased Antioxidant Defense in Elderly Subjects: A Multilevel Approach.
What is the fibrocartilage variation in human anterior cruciate ligament insertion,Regional fibrocartilage variations in human anterior cruciate ligament tibial insertion: a histological three-dimensional reconstruction.
What is the patented Shensong Yangxin capsule?,Shensong Yangxin capsule prevents diabetic myocardial fibrosis by inhibiting TGF-beta1/Smad signaling.
What is the effect of highly active antiretroviral therapy on HCV infection?,"The effect of highly active antiretroviral therapy (HAART) on hepatitis C virus (HCV) infection remains unclear. Spontaneous HCV clearance with initiation of HAART in non-cirrhotic HCV patients co-infected with human immunodeficiency virus (HIV) has been reported. We describe an HIV/HCV patient with decompensated cirrhosis, who had spontaneous HCV clearance after an episode of elevated liver enzymes and a change in HAART regimen. His HCV RNA level remained undetectable for six months by quantitative and qualitative polymerase chain reaction (PCR) tests. The disappearance of HCV RNA may be due to a combination of host immune recovery, genetic polymorphism and direct effect of HAART against HCV."
What is Safe and Effective for Patients with Hepatocellular Carcinoma and Portal Hyper,Hepatic Resection Is Safe and Effective for Patients with Hepatocellular Carcinoma and Portal Hypertension.
What is the result of a vincristine blockade of posterior crico,Vocal fold paralysis: Improved adductor recovery by vincristine blockade of posterior cricoarytenoid.
What was the median concentration of chromium in drinking water?,"An epidemiological cross-sectional study was conducted in Greece to investigate health outcomes associated with long-term exposure to chromium via drinking water. The study population consisted of 304 participants. Socio-demographics, lifestyle, drinking water intake, dietary habits, occupational and medical history data were recorded through a personal interview. Physical examination and a motor test were carried out on the individuals. Total chromium concentrations were measured in blood and hair of the study subjects. Hematological, biochemical and inflammatory parameters were determined in blood. Chromium in drinking water ranged from <0.5 to 90 mug.L-1 in all samples but one (220 mug.L-1), with a median concentration of 21.2 mug.L-1. Chromium levels in blood (median 0.32 mug.L-1, range <0.18-0.92 mug.L-1) and hair (median 0.22 mug.g-1, range 0.03-1.26 mug.g-1) were found within ""normal range"" according to the literature. Personal lifetime chromium exposure dose via drinking water, calculated from the results of the water analyses and the questionnaire data, showed associations with blood and hair chromium levels and certain hematological and biochemical parameters. Groups of subjects whose hematological or biochemical parameters were outside the normal range were not correlated with chromium exposure dose, except for groups of subjects with high triglycerides or low sodium. Motor impairment score was not associated with exposure to chromium."
Dominant Cystoid Macular Dystrophy,Dominant Cystoid Macular Dystrophy.
What is the negative regulation of GYF Protein 2 on Insulin-Like Growth Fact,Negative Regulation of Grb10 Interacting GYF Protein 2 on Insulin-Like Growth Factor-1 Receptor Signaling Pathway Caused Diabetic Mice Cognitive Impairment.
What is the complete mitochondrial genome of the spinner shark Carcharhinus brevi,The complete mitochondrial genome of the spinner shark Carcharhinus brevipinna.
What is the effect of Growth Hormone Replacement on Cognitive Function in Rats with Traumatic,The Effect and Mechanism of Growth Hormone Replacement on Cognitive Function in Rats with Traumatic Brain Injury.
What is the average serum concentration of cystatin C?,"Abstract Background: Residual renal function (RRF) plays a key role in the follow-up of the patients undergoing chronic ambulatory peritoneal dialysis (CAPD). Available methods for measurement of RRF are cumbersome and rarely used, and alternatively, cystatin C-derived equations have been proposed. Methods: Seventy-six adult CAPD patients were recruited. RRF was measured using the 24-hour urea-creatinine clearance method. Serum concentrations of cystatin C were determined. Glomerular filtration rate (GFR) was estimated using the two published equations of Hoek and colleagues, and Yang and colleagues. GFR was also estimated from serum creatinine using the Chronic Kidney Disease Epidemiology Collaboration (CKD-EPI) formula. Results: Patients (age range 18-86 years) were on CAPD for a median of 24 months. Average serum concentrations of cystatin C was 5 +/- 1.2 mg/L. Average RRF was 0.7 +/- 1.6 mL/min/1.73 m2. All three methods significantly overestimated the measured RRF values (Hoek: 4 +/- 1.4; Yang: 4.5 +/- 1.5; 7.4 +/- 4 mL/min/1.73 m2). Based on Bland-Altman plots, all three methods yielded poor agreement with RRF (p < 0.001 for all tests), with Hoek's equation providing the narrowest limits of agreement [mean difference (limits of agreement): 3.4 (2.9-3.9)] and CKD-EPI the widest [6.7 (5.9-7.5)]. Although the Hoek's method outperformed CKD-EPI, the within 30 and 50% accuracy rates were unsatisfactory (10.5 and19.7 %, respectively). Conclusions: Cystatin C-derived equations outperform the CKD-EPI formula in approximating the RRF values. Yet, these methods still significantly overestimate the measured RRF and their routine application in clinical practice is not advised."
What is the influenza season?,"Each year, 5% to 20% of the U.S. population is infected with the influenza virus. The influenza season occurs annually between the months of October and May, with 3,000 to 49,000 influenza-related deaths each year. Since complications delay recuperation, those in high-risk groups need to be monitored carefully. High-risk groups are more vulnerable to severe illness and complications of the disease and include: people older than 65 years of age, children under 2 years of age, pregnant women, obese patients, and patients with other serious comorbid conditions. This article provides home healthcare clinicians with important information on influenza, how it is transmitted, influenza virus types and changes in the virus, signs and symptoms of complications, and measures to prevent the occurrence and transmission of influenza."
What is the DAPK1 promoter gene?,"BACKGROUND: Death-associated protein kinase1 (DAPK1) is an important tumor suppressor gene. DNA methylation can inactivate genes, which has often been observed in the carcinogenesis of cervical cancer. During the past several decades, many studies have explored the association between DAPK1 promoter methylation and cervical cancer. However, many studies were limited by the small samples size and the findings were inconsistent among them. Thus, we conducted a meta-analysis to assess the association between DAPK1 promoter methylation and cervical cancer. METHODS: We systematically searched eligible studies in the PubMed, Web of Science, EMBASE and CNKI databases. Using meta-regression, subgroup analysis and sensitivity analysis, we explored the potential sources of heterogeneity. The odds ratio (OR) and 95% confidence interval (95% CI) were calculated by Meta-Analysis in R. RESULTS: A total of 15 studies from 2001 to 2012, comprising 818 tumor tissues samples and 671 normal tissues samples, were analyzed in this meta-analysis. The frequencies of DAPK1 promoter methylation ranged from 30.0% to 78.6% (median, 59.3%) in cervical cancer tissue and 0.0% to 46.7% (median, 7.8%) in normal cervical tissue. The pooled OR was 19.66 (95%CI = 8.72-44.31) with the random effects model, and heterogeneity was found through the sensitivity analysis. The I2 = 60% (P = 0.002) decreased to I2 = 29.2% (P = 0.144) when one heterogeneous study was excluded, and the pooled OR increased to 21.80 (95%CI = 13.44-35.36) with the fixed effects model. CONCLUSION: The results suggested a strong association between DAPK1 promoter methylation and cervical cancer. This study also indicated that DAPK1 promoter methylation may be a biomarker during cervical carcinogenesis that might serve as an early indication of cervical cancer."
What is the only opportunity to obtain diagnostic tissue to diagnose and subclassify RCC?,"Fine-needle aspiration has assumed an increasingly important role in the diagnosis and management of patients with advanced stage cancer. Given its predilection for metastases to distant sites and organs at the time of presentation, metastatic renal cell carcinoma (RCC) is not infrequently encountered in the setting of fine-needle aspiration for initial diagnosis. In some instances, fine-needle aspiration may be the only opportunity to obtain diagnostic tissue to diagnose and subclassify RCC. Therefore, cytopathologists and cytotechnologists should be familiar with and recognize the cytomorphology of RCC and the ancillary studies that can be used to confirm and subclassify RCC. Herein, we describe a case of metastatic RCC initially diagnosed on fine-needle aspiration, discuss the cytomorphologic features of RCC subtypes, and review pertinent ancillary immunohistochemical and cytogenetic adjuncts."
What was the effect of the pan-aurora kinase inhibitor tozas,"Aurora kinase inhibitors displayed activity in pre-clinical neuroblastoma models. Here, we studied the effects of the pan-aurora kinase inhibitor tozasertib (VX680, MK-0457) and the aurora kinase inhibitor alisertib (MLN8237) that shows some specificity for aurora kinase A over aurora kinase B in a panel of neuroblastoma cell lines with acquired drug resistance. Both compounds displayed anti-neuroblastoma activity in the nanomolar range. The anti-neuroblastoma mechanism included inhibition of aurora kinase signalling as indicated by decreased phosphorylation of the aurora kinase substrate histone H3, cell cycle inhibition in G2/M phase, and induction of apoptosis. The activity of alisertib but not of tozasertib was affected by ABCB1 expression. Aurora kinase inhibitors induced a p53 response and their activity was enhanced in combination with the MDM2 inhibitor and p53 activator nutlin-3 in p53 wild-type cells. In conclusion, aurora kinases are potential drug targets in therapy-refractory neuroblastoma, in particular for the vast majority of p53 wild-type cases."
What is a Counter-Selection Marker?,A Suitable Streptomycin-Resistant Mutant for Constructing Unmarked In-Frame Gene Deletions Using rpsL as a Counter-Selection Marker.
What is the second-line treatment of Advanced Gastric Cancer?,Chemotherapy or Targeted Therapy as Second-Line Treatment of Advanced Gastric Cancer. A Systematic Review and Meta-Analysis of Published Studies.
What is the name of the other name of the name of the name of the name of the,"AS, DISH or something else?"
What is the cause of the huntingtin protein to aggregate?,"Huntington's disease (HD) is neurodegenerative disorder for which the mutation results in an extra-long tract of glutamines that causes the huntingtin protein to aggregate. It is characterized by neurological symptoms and brain pathology that is associated with nuclear and cytoplasmic aggregates and with transcriptional deregulation. Despite the fact that HD has been recognized principally as a neurological disease, there are multiple epidemiological studies showing that HD patients exhibit a high rate of cardiovascular events leading to heart failure. To unravel the mechanistic basis of cardiac dysfunction in HD, we employed a wide range of molecular techniques using the well-established genetic R6/2 mouse model that develop a considerable degree of the cardiac atrophy at end stage disease. We found that chronic treatment with isoproterenol, a potent beta-adrenoreceptor agonist, did not change the overall gross morphology of the HD murine hearts. However, there was a partial response to the beta-adrenergenic stimulation by the further re-expression of foetal genes. In addition we have profiled the expression level of Hdacs in the R6/2 murine hearts and found that the isoproterenol stimulation of Hdac expression was partially blocked. For the first time we established the Hdac transcriptional profile under hypertrophic conditions and found 10 out of 18 Hdacs to be markedly deregulated. Therefore, we conclude that R6/2 murine hearts are not able to respond to the chronic isoproterenol treatment to the same degree as wild type hearts and some of the hypertrophic signals are likely attenuated in the symptomatic HD animals."
What is a Novel DPP-4 Inhibitor?,"Combining MK626, a Novel DPP-4 Inhibitor, and Low-Dose Monoclonal CD3 Antibody for Stable Remission of New-Onset Diabetes in Mice."
What is the name of the Virus-Like Particles derived from?,Chimaeric Virus-Like Particles Derived from Consensus Genome Sequences of Human Rotavirus Strains Co-Circulating in Africa.
What is the highest level of Ig?,"BACKGROUND: Immunoglobulins (Ig) are essential for combating infectious disease. However, high levels are associated with a range of diseases and/or poor health behaviours, such as autoimmune diseases, chronic infection, HIV and excessive alcohol consumption. In the present analyses, we extend this body of work by examining whether higher levels of serum Ig G, A and M are associated with increased mortality risk. METHODS: Participants were 4255 Vietnam-era, former US army personnel (the Vietnam Experience Study). From military service files, telephone interviews in 1983 and a medical examination in 1986, sociodemographic, and health data were collected. Contemporary morning fasted blood samples were taken from which IgG, IgA and IgM concentrations were determined. Mortality surveillance over 15 years gave rise to deaths ascribed to all-causes, cardiovascular disease mortality, all cancers combined mortality, external cause and 'other' causes (predominantly comprising deaths due to infectious disease). Cox proportional hazard models were utilised to compute HRs per SD increase in Ig which were first adjusted for age and then additionally adjusting for a range of candidate confounders. RESULTS: In multiply adjusted analyses, in general, the higher the immunoglobulin concentration, the greater the risk of death. Thus, IgA (HR=2.0 95% CI 1.47 to 2.73), IgM (HR=1.5 95% CI 1.11 to 1.91) and IgG (HR=5.8 95% CI 3.38 to 9.95) were positively related to all-cause mortality. Corresponding results for 'other' causes of mortality were 4.7 (2.64 to 8.19), 3.5 (2.29 to 5.45) and 33.4 (15.13 to 73.64). CONCLUSIONS: In the present study, high levels of Ig are associated with an elevated risk of death from total and 'other' causes, mainly infectious disease. High levels of Ig, particularly IgG, may signal subclinical disease."
What is the Diagnosis?,Transient Abnormal Myelopoiesis in Neonates: GATA Get the Diagnosis.
What is the Onset of Arthritis in a Mouse Model?,Psoriatic Inflammation Facilitates the Onset of Arthritis in a Mouse Model.
What is the Validity of Job Exposure Matrix for Psychosocial Factors at,Evaluation of the Validity of Job Exposure Matrix for Psychosocial Factors at Work.
What was the PCR assay for?,"BACKGROUND: Circulating tumor cells (CTCs) are promising surrogate markers for systemic disease, and their molecular characterization might be relevant to guide more individualized cancer therapies. To enable fast and efficient purification of individual CTCs, we developed a work flow from CellSearch(TM) cartridges enabling high-resolution genomic profiling on the single-cell level. METHODS: Single CTCs were sorted from 40 CellSearch samples from patients with metastatic breast cancer using a MoFlo XDP cell sorter. Genomes of sorted single cells were amplified using an adapter-linker PCR. Amplification products were analyzed by array-based comparative genomic hybridization, a gene-specific quantitative PCR (qPCR) assay for cyclin D1 (CCND1) locus amplification, and genomic sequencing to screen for mutations in exons 1, 9, and 20 of the phosphatidylinositol-4,5-bisphosphate 3-kinase, catalytic subunit alpha (PIK3CA) gene and exons 5, 7, and 8 of the tumor protein p53 (TP53) gene. RESULTS: One common flow-sorting protocol was appropriate for 90% of the analyzed CellSearch cartridges, and the detected CTC numbers correlated positively with those originally detected with the CellSearch system (R(2) = 0.9257). Whole genome amplification was successful in 72.9% of the sorted single CTCs. Over 95% of the cells displayed chromosomal aberrations typical for metastatic breast cancers, and amplifications at the CCND1 locus were validated by qPCR. Aberrant CTCs from 2 patients harbored mutations in exon 20 of the PIK3CA gene. CONCLUSIONS: This work flow enabled effective CTC isolation and provided insights into genomic alterations of CTCs in metastatic breast cancer. This approach might facilitate further molecular characterization of rare CTCs to increase understanding of their biology and as a basis for their molecular screening in the clinical setting."
What is the province of Brescia?,Prevalence of Behcet's disease in the province of Brescia in northern Italy.
What is the rHSP70?,"Th1 Stimulatory Proteins of Leishmania donovani: Comparative Cellular and Protective Responses of rTriose Phosphate Isomerase, rProtein Disulfide Isomerase and rElongation Factor-2 in Combination with rHSP70 against Visceral Leishmaniasis."
What was the cause of cyclooxygenase-1 ubiquitination,Serum ubiquitin via CXC chemokine receptor 4 triggered cyclooxygenase-1 ubiquitination possibly involved in the pathogenesis of aspirin resistance.
What was the primary aim of the study?,"Abstract Objective: Current radiation therapy capacities in Serbia and most of Eastern Europe are heavily lagging behind population needs. Primary study aim was assessment of direct costs of cancer medical care for patients suffering from cancer with assigned radiotherapy based treatment protocols. Identification of key cost drivers and trends during 2010-2013 comparing brachytherapy and teleradiotherapy was secondary objective of the study. Methods: Retrospective, bottom-up database analysis was conducted on electronic discharge invoices. Payer's perspective has been adopted and one year long time horizon. Total sample size was 2544 patients during four years long observation period (2010-2013). Sample consisted of all patients with confirmed malignancy disorder receiving inpatient radiation therapy in a large university hospital. Results: Diagnostics and treatment cost of cancer in the largest Western Balkans market of Serbia were heavily dominated by radiation therapy related direct medical costs. Total costs of care as well as mean cost per patient were steadily decreasing due to budget cuts caused by global recession. Paradox is that at the same time budget share of radiotherapy increased for almost 15% and in value based terms for euro 109 per patient (in total euro 109,330). Second ranked cost drivers were nursing care and imaging diagnostics. Costs of high-tech visualising examinations were heavily dominated by nuclear medicine tests. Conclusion: Budget impact of radiation oncology to the large tertiary care university clinics of the Balkans is likely to remain significant in future. Brachytherapy exhibited slow growth pattern while teleradiotherapy remained stable in terms of value based turnover of medical services. Upcoming heavy investment into national network of radiotherapy facilities will emphasize the unsatisfied needs. Huge contemporary budget share of radiotherapy coupled with rising cancer prevalence brings this issue into the hot spot of the ongoing cost containment efforts by local governments."
What is the aim of mathematical modelling?,There is both medical and political drive to centralise secondary services in larger hospitals throughout the National Health Service. High-volume services in some areas of care have been shown to achieve better outcomes and efficiencies arising from economies of scale. We sought to produce a mathematical model using the historical critical care demand in two District General Hospitals to determine objectively the requisite critical care capacity in a newly built hospital. We also sought to determine how well the new single unit would be able to meet changes in demand. The intention is that the model should be generic and transferable for those looking to merge and rationalise services on to one site. One of the advantages of mathematical modelling is the ability to interrogate the model to investigate any number of different scenarios; some of these are presented.
What is the Small-World Organization of Large-Scale Brain Systems and Relationships,The Small-World Organization of Large-Scale Brain Systems and Relationships With Subcortical Structures.
What is the name of the removing of Bloody Cerebrospinal Fluid in,Choice for the Removal of Bloody Cerebrospinal Fluid in Postcoiling Aneurysmal Subarachnoid Hemorrhage: External Ventricular Drainage or Lumbar Drainage?
What is the potential treatment for non-alcoholic fatty liver disease?,A potential treatment of non-alcoholic fatty liver disease with SIRT1 activators.
What is the name of the study that focuses on the study of the drug-,[Drug-related Anaphylactic Shocks: Under-reporting and PMSI.]
What was the MIC of the two derivatives?,"A compound containing an imidazole moiety and a 2,4-dienone motif with significant activity toward several fungi was discovered in a screen for new antifungal compounds. Then, a total of 26 derivatives of this compound were designed, synthesized and evaluated through in vitro and in vivo antifungal activity assays. Several compounds exhibited improved antifungal activities compared to the lead compound. Of the derivatives, compounds 31 and 42 exhibited strong, broad-spectrum inhibitory effects toward Candida spp. In particular, the two derivatives exhibited potent antifungal activities toward the fluconazole-resistant isolate C. albicans 64110, with both having MIC values of 8 microg/mL. In addition, they had significant inhibitory effects toward two Gram-positive bacteria, Staphylococcus aureus UA1758 (compound 31: MIC = 8 microg/mL; compound 42: MIC = 4 microg/mL) and Staphylococcus epidermidis UF843 (compound 31: MIC = 8 microg/mL; compound 42: MIC = 8 microg/mL). The results of an animal experiment indicated that both compounds could improve the survival rate of model mice infected with ATCC 90028 (fluconazole-susceptible isolate). More importantly, the two compounds exhibited notable in vivo effects toward the fluconazole-resistant C. albicans isolate, which is promising with regard to the clinical problem posed by fluconazole-resistant Candida species."
What was the difference between axial blood velocity and microvessel diameter?,"The axial blood velocity (Vax) association with microvessel diameter (D) was studied at 104 different postcapillary venules (4 mum < D < 24 mum) and 30 different precapillary arterioles (6 mum </= D </= 12 mum) in the human conjunctiva of normal healthy humans. Venular diameter sizes were classified as ""very small"" (Group 1, 4.4 mum </= D < 8.9 mum), ""small"" (Group 2, 8.9 mum </= D < 13.8 mum), ""medium"" (Group 3, 13.8 mum </= D < 19.1 mum) and ""large"" (Group 4, 19.1 mum </= D </= 23.5). The Spearman's correlation coefficient (rs) in all 4 venular groups was less than 0.36 and not statistically significant (n = 26, p >/= 0.08). Similar correlation results were observed for the arteriolar group (rs) approximately 0) for the peak systolic, the average and the end systolic axial velocities. Vax was significantly (p < 0.001) lower in Group 1 in comparison to that in Group 2 and significantly (p < 0.01) lower in Group 2 in comparison to that in Group 3. However, Vax was not significantly lower in Group 3 in comparison to that in Group 4. Average Vax and standard deviation was 0.48 +/- 0.13, 0.64 +/- 0.16, 0.82 +/- 0.25 and 0.88 +/- 0.32 mm/s for Groups 1, 2, 3 and 4 respectively. The above results reinforce the importance of measuring D in microvascular hemodynamics. Higher diameters suggest higher axial velocities but Vax does not change significantly within the limits of each of the aforementioned groups."
What is the name of the Activated Subgroup of Regulatory T Cells Enrich,CD4+ T Cells Expressing Latency-Associated Peptide and Foxp3 Are an Activated Subgroup of Regulatory T Cells Enriched in Patients with Colorectal Cancer.
What is the heart's most vital organ?,"The heart is not only our most vital, but also our most complex organ: Precisely controlled by the interplay of electrical and mechanical fields, it consists of four chambers and four valves, which act in concert to regulate its filling, ejection, and overall pump function. While numerous computational models exist to study either the electrical or the mechanical response of its individual chambers, the integrative electro-mechanical response of the whole heart remains poorly understood. Here we present a proof-of-concept simulator for a four-chamber human heart model created from computer topography and magnetic resonance images. We illustrate the governing equations of excitation-contraction coupling and discretize them using a single, unified finite element environment. To illustrate the basic features of our model, we visualize the electrical potential and the mechanical deformation across the human heart throughout its cardiac cycle. To compare our simulation against common metrics of cardiac function, we extract the pressure-volume relationship and show that it agrees well with clinical observations. Our prototype model allows us to explore and understand the key features, physics, and technologies to create an integrative, predictive model of the living human heart. Ultimately, our simulator will open opportunities to probe landscapes of clinical parameters, and guide device design and treatment planning in cardiac diseases such as stenosis, regurgitation, or prolapse of the aortic, pulmonary, tricuspid, or mitral valve."
What is the stent for endoscopic ultrasound-guided drainage of pancreatic fluid,A novel lumen-apposing metal stent for endoscopic ultrasound-guided drainage of pancreatic fluid collections: a prospective cohort study.
What is the pathogenic mechanism of vitamin D signaling associated with?,"AIM: Altered vitamin D signaling is associated with cardiac dysfunction, but the pathogenic mechanism is not clearly understood. We examine the mechanism and the role of vitamin D signaling in the development of cardiac dysfunction. METHODS AND RESULTS: We analyzed 1alpha-hydroxylase (1alpha-OHase) knockout (1alpha-OHase-/-) mice, which lack 1alpha-OH enzymes that convert the inactive form to hormonally active form of vitamin D. 1alpha-OHase-/- mice showed modest cardiac hypertrophy at baseline. Induction of pressure overload by transverse aortic constriction (TAC) demonstrated exaggerated cardiac dysfunction in 1alpha-OHase-/- mice compared to their WT littermates with a significant increase in fibrosis and expression of inflammatory cytokines. Analysis of calcium (Ca2+) transient demonstrated profound Ca2+ handling abnormalities in 1alpha-OHase-/- mouse cardiomyocytes (CMs), and treatment with paricalcitol (PC), an activated vitamin D3 analog, significantly attenuated defective Ca2+ handling in 1alpha-OHase-/- CMs. We further delineated the effect of vitamin D deficiency condition to TAC by first correcting the vitamin D deficiency in 1alpha-OHase-/- mice, followed then by either a daily maintenance dose of vitamin D or vehicle (to achieve vitamin D deficiency) at the time of sham or TAC. In mice treated with vitamin D, there was a significant attenuation of TAC-induced cardiac hypertrophy, interstitial fibrosis, inflammatory markers, Ca2+ handling abnormalities and cardiac function compared to the vehicle treated animals. CONCLUSIONS: Our results provide insight into the mechanism of cardiac dysfunction, which is associated with severely defective Ca2+ handling and defective vitamin D signaling in 1alpha-OHase-/- mice."
What is the basis of T cell recognition of myelin?,"In this study, we investigate the basis of T cell recognition of myelin that governs the progression from acute symptoms into disease remission, relapse, and chronic progression in a secondary progressive model of demyelinating disease. Until now, the frequency and affinity of myelin-reactive CD4 T cells that elicit relapsing-remitting disease have not been quantified. The micropipette adhesion frequency assay was used to obtain a sensitive and physiologically relevant two-dimensional measurement of frequency and TCR affinity for myelin, as the inherent low affinity does not allow the use of specific peptide:MHC-II tetramers for this purpose. We found the highest affinity and frequency of polyclonal myelin oligodendrocyte glycoprotein-reactive cells infiltrate the CNS during acute disease, whereas affinities during remission, relapse, and chronic disease are not significantly different from each other. Frequency analysis revealed that the vast majority of CNS-infiltrating CD4 T cells are myelin oligodendrocyte glycoprotein reactive at all time points, demonstrating epitope spread is not a predominant factor for disease progression. Furthermore, time points at which mice were symptomatic were characterized by an infiltration of Th17 cells in the CNS, whereas symptom remission showed an enrichment of cells producing IFN-gamma. Also, the ratio of regulatory T cells to Foxp3- CD4 T cells was significantly higher in the CNS at remission than during acute disease. The results of this study indicate that a high frequency of T cells specific for a single myelin Ag, rather than increased TCR affinity or epitope spread, governs the transition from acute symptoms through remission, relapse, and chronic disease states."
What is motivational interviewing?,"To enhance compliance and achieve better outcomes, providers must actively engage their patients and caregivers in different ways than in the past. One strategy that has gained national attention is motivational interviewing through evidence-based health coaching. A closer look at this exciting new clinical skill reveals what it is, how it works, why it is so successful, and why our traditional patient approach has fallen short."
What is Celastramycin A?,"Celastramycin A, a small molecule that inhibits the production of antibacterial peptides in an ex vivo culture system of Drosophila, suppresses the TNFalpha-mediated induction of IL-8 in mammalian cells. To understand its molecular mechanism, we examined Celastramycin A binding proteins and investigated their biological functions. Our screening and subsequent pull-down assay revealed ZFC3H1 (also known as CCDC131 or CSRC2), an uncharacterized zinc finger protein, as a Celastramycin A binding protein. The knockdown of ZFC3H1 reduced IL-8 expression levels in the TNFalpha-stimulated lung carcinoma cell line, LU99, and UV-irradiated HeLa cells. Based on reporter assay results, we concluded that ZFC3H1 participates in the transcriptional activation of IL-8. The findings of our UV-irradiation experiments implied that ZFC3H1 may indirectly interact with ERCC1 in an activated DNA repair complex. Thus, we designated ZFC3H1 as a mammalian target of Celastramycin A (mTOC)."
What is the aetiology of pregnancy?,"BACKGROUND: Hypertensive disorders in pregnancy are among the leading causes of maternal and perinatal death in low-income countries, but the aetiology remains unclear. We investigated the relationship between salinity in drinking water and the risk of (pre)eclampsia and gestational hypertension in a coastal community. METHODS: A population-based case-control study was conducted in Dacope, Bangladesh among 202 pregnant women with (pre)eclampsia or gestational hypertension, enrolled from the community served by the Upazilla Health Complex, Dacope and 1,006 matched controls from the same area. Epidemiological and clinical data were obtained from all participants. Urinary sodium and sodium levels in drinking water were measured. Logistic regression was used to calculate odds ratios, and 95% confidence intervals. FINDINGS: Drinking water sources had exceptionally high sodium levels (mean 516.6 mg/L, S.D 524.2). Women consuming tube-well (groundwater) were at a higher disease risk than rainwater users (p<0.001). Adjusted risks for (pre)eclampsia and gestational hypertension considered together increased in a dose-response manner for increasing sodium concentrations (300.01-600 mg/L, 600.1-900 mg/L, >900.01 mg/L, compared to <300 mg/L) in drinking water (ORs 3.30 [95% CI 2.00-5.51], 4.40 [2.70-7.25] and 5.48 [3.30-9.11] (p-trend<0.001). Significant associations were seen for both (pre)eclampsia and gestational hypertension separately. INTERPRETATION: Salinity in drinking water is associated with increased risk of (pre)eclampsia and gestational hypertension in this population. Given that coastal populations in countries such as Bangladesh are confronted with high salinity exposure, which is predicted to further increase as a result of sea level rise and other environmental influences, it is imperative to develop and evaluate affordable approaches to providing water with low salt content."
What is the main role of elevation of plasma epinephrine in normalizing,"In Type 1 and advanced Type 2 diabetes mellitus, elevation of plasma epinephrine plays a key role in normalizing plasma glucose during hypoglycaemia. However, recurrent hypoglycaemia blunts this elevation of plasma epinephrine. To determine whether recurrent hypoglycaemia affects peripheral components of the sympatho-adrenal system responsible for epinephrine release, male rats were administered subcutaneous insulin daily for 3 days. These recurrent hypoglycaemic animals showed a smaller elevation of plasma epinephrine than saline-injected controls when subjected to insulin-induced hypoglycaemia. Electrical stimulation of an adrenal branch of the splanchnic nerve in recurrent hypoglycaemic animals elicited less release of epinephrine and norepinephrine than in controls, without a change in adrenal catecholamine content. Responsiveness of isolated, perfused adrenal glands to acetylcholine and other acetylcholine receptor agonists was also unchanged. These results indicate that recurrent hypoglycaemia compromised the efficacy with which peripheral neuronal activity stimulates adrenal catecholamine release and demonstrate that peripheral components of the sympatho-adrenal system were directly affected by recurrent hypoglycaemia."
What is the role of IGF1R signaling pathway in the neuropathogenic process of,"Heterozygous Gigyf2+/- mice exhibits histopathological evidence of neurodegeneration such as motor dysfunction. Several lines of evidence have demonstrated the important role of insulin-like growth factor-1 receptor (IGF1R) signaling pathway in the neuropathogenic process of cognitive impairment, while decreased Grb10-Interacting GYF Protein 2 (GIGYF2) expression can alter IGF1R trafficking and its downstream signaling pathways. Growth factor receptor-bound protein 10 (Grb10), a suppressor of IGF1R pathway, has been shown to play a critical role in regulating diabetes-associated cognitive impairment. It remains unknown whether endogenous GIGYF2 expression contributes to the development of diabetes-associated cognitive impairment. Using streptozotocin (STZ)-induced diabetic mice model, we first demonstrated that a significantly increased level of GIGYF2 expression was correlated with a significant decrease in the expression of phosphorylated IGF1R as well as the phosphorylation of AKT and ERK1/2, two signaling pathways downstream of IGF1R, in the hippocampus of diabetic mice. On the contrary, in situ knockdown of GIGYF2 expression in hippocampus resulted in increased expression of phosphorylated IGF1R expression and correspondingly reversed the down-regulation of ERK1/2 phsophorylation but had no obvious effect on Grb10 expression. Functionally, knockdown of GIGYF2 expression markedly ameliorated diabetes-associated cognitive dysfunction as well as the ultrastructural pathology and abnormal neurobehavioral changes. These results suggest that increased expression of GIGYF2 might contribute to the development of diabetes-associated cognitive disorder via negatively regulating IGF1R signaling pathway. Therefore, down-regulation of GIGYF2 expression may provide a potential novel approach to treat diabetes-associated cognitive impairment caused by aberrant IGF1R signaling pathway."
How Kinetochores CCAN Resist Force?,How Kinetochores CCAN Resist Force.
What is the hypothalamic-pituitary-adrenal axi,"The hypothalamic-pituitary-adrenal axis, autonomic nervous system, and immune system have been proposed to underlie the antidepressant effect of exercise. Using a population sample of 715 adolescents, we examined whether pathways from exercise to affective and somatic symptoms of depression were mediated by these putative mechanisms. Exercise (hours/week) and depressive symptoms were assessed at age 13.5 (+/- 0.5) and 16.1 (+/- 0.6). Cortisol and heart rate responses to a standardized social stress test and C-reactive protein levels were measured at age 16. Exercise was prospectively and inversely related to affective (B = -0.16, 95% CI = -0.30 to -0.03) but not somatic symptoms (B = -0.04, 95% CI = -0.21 to 0.13). Heart rate during social stress partially mediated this relationship (B = -0.03, 95% CI = -0.07 to -0.01). No other mediating effects were found. Hence, the autonomic stress system may play a role in the relationship between exercise and depressive symptoms."
What is the name of the Detection of Colorectal Cancer?,Detection of Colorectal Cancer (CRC) by Urinary Volatile Organic Compound Analysis.
What is the Squamous Cell Carcinoma of the Pharynx or,Phase II Study of Concurrent Chemoradiotherapy with S-1 in Patients with Stage II (T2N0M0) Squamous Cell Carcinoma of the Pharynx or Larynx.
What is the name of the class of Veterans with multiple risk factors?,Identifying Classes of Veterans With Multiple Risk Factors.
What is the name of the plant that is derived from?,"Pulmonary problems are among the most frequent chronic complications of sulfur mustard (SM) intoxication and are often accompanied by deregulated production of pro-inflammatory cytokines. Curcuminoids, comprising curcumin, demethoxycurcumin and bisdemethoxycurcumin, are phytochemicals with remarkable anti-inflammatory properties that are derived from dried rhizomes of the plant Curcuma longa L. (turmeric). The present pilot study aimed to investigate the clinical effects of supplementation with curcuminoids on markers of pulmonary function and systemic inflammation in SM-intoxicated subjects. In a randomized double-blind placebo-controlled trial, 89 male subjects who were suffering from chronic SM-induced pulmonary complications were recruited and assigned to either curcuminoids (500 mg TID per oral; n=45) or placebo (n=44) for a period of 4 weeks. Efficacy measures were changes in the spirometric parameters (FVC, FEV1, FEV1/FVC) and serum levels of inflammatory mediators including interleukins 6 (IL-6) and 8 (IL-8), tumor necrosis factor-alpha (TNFalpha), transforming growth factor-beta (TGFbeta), high-sensitivity C-reactive protein (hs-CRP), calcitonin gene related peptide (CGRP), substance P and monocyte chemotactic protein-1 (MCP-1). 78 subjects completed the trial. Although FEV1 and FVC remained comparable between the groups, there was a greater effect of curcuminoids vs. placebo in improving FEV1/FVC (p=0.002). Curcuminoids were also significantly more efficacious compared to placebo in modulating all assessed inflammatory mediators: IL-6 (p<0.001), IL-8 (p=0.035), TNFalpha (p<0.001), TGFbeta (p<0.001), substance P (p=0.016), hs-CRP (p<0.001), CGRP (p<0.001) and MCP-1 (p<0.001). Curcuminoids were safe and well-tolerated throughout the trial. Short-term adjunctive therapy with curcuminoids can suppress systemic inflammation in patients suffering from SM-induced chronic pulmonary complications."
What is the name of the treatment that is not used for anti-cytokine biologic treatment,Anti-cytokine biologic treatment beyond anti-TNF in Behcet's disease.
What is the effect of alpha-Targeted Radiation Therapy on Gene Expression?,Impact of alpha-Targeted Radiation Therapy on Gene Expression in a Pre-Clinical Model for Disseminated Peritoneal Disease when Combined with Paclitaxel.
What is the PI3K/Akt signaling pathway constitutively activated in some,"OBJECTIVE: The PI3K/Akt signaling pathway is constitutively activated in some ovarian cancers; when activated, it promotes invasion and inhibits chemotherapy-mediated apoptosis in cancer cells. The fungal metabolite wortmannin is the currently known inhibitors that show fairly high specificity for PI3K.We examined whether PI3K/Akt activity correlates with invasion and apoptotic resistance to chemotherapy in cultured human ovarian cancer cells, and whether inhibition of PI3K/Akt by wortmannin inhibits invasion and enhances cisplatin-induced apoptosis in cultured human ovarian cancer cells. MATERIALS AND METHODS: The cisplatin-sensitive A2780 ovarian adenocarcinoma cell line and its daughter line, A2780cis was evaluated for basal Akt activity. Chemotherapy-induced cell death was evaluated following down-regulation of Akt activity by wortmannin treatment or upregulation of Akt activity by myr-Akt treatment. Invasion and migration were assessed using Boyden chamber assays RESULTS: Inhibiting or activation of PI3K/Akt signaling pathway by wortmannin had little effect on the basal level of apoptosis in ovarian cancer cells, but increased the apoptotic effect of chemotherapy in A2780cis cells, decreased the apoptotic effect of chemotherapy in cisplatin-sensitive A2780 cells. Cisplatin resistant cells display increased potential for migration and invasion. CONCLUSIONS: The antiapoptotic effect of AKT activation in ovarian cancer cells confer invasive ability and resistance to apoptosis. Wortmannin is as adjuncts to conventional chemotherapy in the treatment of ovarian cancer."
What is the name of the monoclonal light chain-associated proximal tub,"Context.-Lesions associated with monoclonal light and heavy chains display a variety of glomerular, tubular interstitial, and vascular manifestations. While some of the entities are well recognized, including light and heavy chain deposition diseases, AL (light chain) and AH (heavy chain) amyloidosis, and light chain (""myeloma"") cast nephropathy, other lesions centered on proximal tubules are much less accurately identified, properly diagnosed, and adequately understood in terms of pathogenesis and molecular mechanisms involved. These proximal tubule-centered lesions are typically associated with monoclonal light chains and have not been reported in patients with circulating monoclonal heavy chains. Objective.-To determine the incidence of proximal tubulopathies in a series of patients with monoclonal light chain-related renal lesions and characterize them with an emphasis on clinical correlations and elucidation of molecular mechanisms involved in their pathogenesis. Design.-A study of 5410 renal biopsies with careful evaluation of light microscopic, immunofluorescence, and electron microscopic findings was conducted to identify these monoclonal light/heavy chain-related lesions. In selected cases, ultrastructural immunolabeling was performed to better illustrate and understand molecular mechanisms involved or to resolve specific diagnostic difficulties. Results.-In all, 2.5% of the biopsies were diagnosed as demonstrating renal pathology associated with monoclonal light or heavy chains. Of these, approximately 46% were classified as proximal tubule-centered lesions, also referred to as monoclonal light chain-associated proximal tubulopathies. These proximal tubulopathies were divided into 4 groups defined by characteristic immunomorphologic manifestations associated with specific clinical settings. Conclusions.-These are important lesions whose recognition in the different clinical settings is extremely important for patients' clinical management, therapeutic purposes, and prognosis. These entities have been segregated into 4 distinct variants, conceptualized morphologically and clinically. Specific mechanisms involved in their pathogenesis are proposed."
What is the AMH threshold for women with PCOM?,"STUDY QUESTION: Can cluster analysis can be used to identify a homogeneous subpopulation of women with polycystic ovarian morphology (PCOM) within a very large population of control women in a non-subjective way? SUMMARY ANSWER: Identification and exclusion of the cluster corresponding to women with PCOM from controls improved the diagnostic power of serum anti-Mullerian hormone (AMH) level and follicle number per ovary (FNPO) in discriminating between women with or without polycystic ovary syndrome (PCOS). WHAT IS KNOWN ALREADY: There is disagreement as to whether women with PCOM should be excluded from the control population when establishing FNPO and AMH diagnostic thresholds for the definition of PCOS and how to identify such women. It has been demonstrated that cluster analysis can detect women with PCOM within the control population through a set of classifying variables among which the most relevant was AMH. The adequacy of this approach has not been confirmed in other clinical settings. STUDY DESIGN, SIZE, DURATION: This was a retrospective study using clinical and laboratory data derived from the computerized database. The data were collected from March 2011 to May 2013. PARTICIPANTS/MATERIALS, SETTING, METHODS: The study included 893 patients referred for routine infertility evaluation and treatment. The patients were divided into three groups: (i) the control group (n = 621) included women with regular menstrual cycles and no signs of hyperandrogenism (HA), (ii) the full-blown PCOS group (n = 95) consisted of women who were diagnosed as having PCOS based on the presence of both HA and oligo/amenorrhoea (OA), (iii) the mild PCOS group included women with only two items of the Rotterdam classification, i.e. PCOM at ultrasonography according to the FNPO threshold of 12 or more and either OA (n = 110) or HA (n = 67). MAIN RESULTS AND THE ROLE OF CHANCE: After exclusion of women with PCOM from the controls, the AMH threshold of 28 pmol/l with specificity 97.5% and sensitivity 84.2% [area under the curve (AUC) 0.948 (95% confidence interval (CI) 0.915-0.982)] and FNPO threshold of 12 with specificity 92.5% and sensitivity 83.2% [AUC 0.940 (95% CI 0.909-0.971)] for identifying PCOS were derived from the receiver operating characteristic curve analysis. The AMH threshold of 28 pmol/l had the same specificity for discriminating the mild and the full-blown PCOS phenotypes from controls. LIMITATIONS, REASONS FOR CAUTION: There was no selection bias other than being evaluated for infertility treatment, however, this could also be considered as a limitation of the study as these women may not necessarily be a representative sample of the general population. The study demonstrated that serum AMH has intrinsically a very high potency to detect women with PCOM within a control group. However, the AMH threshold is specific for this method and clinical setting. WIDER IMPLICATIONS OF THE FINDINGS: AMH threshold value for the definition of PCOM is method specific and cannot be universally applied. This study confirmed the results of previous studies that cluster analysis can identify women with PCOM within the very large control population without using a predefined diagnostic threshold for FNPO, and that AMH can detect women with PCOM with a high specificity. The exclusion of PCOM women from the controls by using a cluster analysis should be considered when establishing reference intervals and decision threshold values for various parameters used to characterize PCOS. STUDY FUNDING/COMPETING INTERESTS: The authors have no funding/competing interest(s) to declare."
What is the Burden among Male Alzheimer's Caregivers?,Burden Among Male Alzheimer's Caregivers: Effects of Distinct Coping Strategies.
What is the new definition of GDM?,"PURPOSE OF REVIEW: We review the recent changes in diagnostic criteria of gestational diabetes mellitus (GDM), describe problems with maintaining and monitoring adequate blood glucose, especially in type 1 diabetes, and provide a brief overview of the currently approved glucose-lowering therapies in pregnancy. RECENT FINDINGS: After the Hyperglycemia and Adverse Pregnancy Outcomes (HAPO) study, the definition of GDM was revised under the auspices of the International Association of Diabetes and Pregnancy Study Groups. The guidelines, with minor modifications, were endorsed by WHO in 2013. Intensive debate continues, focused on the expected large increase in prevalence of GDM and shortage of experimental evidence of clinical benefits from the new diagnostic criteria. Despite a very good glycaemic control, the prevalence of macrosomia remains high. This indicates a serious deficiency in current monitoring tools and the available therapies. So far, the only glucose-lowering medications approved for use during pregnancy are insulins. SUMMARY: The HAPO study provides a very suggestive evidence for a strong, continuous association of maternal glucose levels with an increased risk of excessive foetal weight gain. The new definition of GDM results in higher healthcare expenditure, but remains cost-effective. The current therapeutic goals require careful revision to further reduce the risk of adverse outcomes. New glucose-monitoring strategies and markers, and approval of new pharmacotherapies are needed."
What is the frequency of complete hatching in the control group?,"STUDY QUESTION: Does laser-assisted zona thinning of cleavage stage mouse embryos facilitate hatching in vitro? SUMMARY ANSWER: No, unlike laser zona opening, zona thinning does not facilitate embryo hatching. WHAT IS KNOWN ALREADY: Artificial opening of the zona pellucida facilitates hatching of mouse and human embryos. Laser-assisted zona thinning has also been used for the purpose of assisted hatching of human embryos but it has not been properly investigated in an animal model; thinning methods have produced inconsistent clinical results. STUDY DESIGN, SIZE, DURATION: Time-lapse microscopy was used to study the hatching process in the mouse after zona opening and zona thinning; a control group of embryos was not zona-manipulated but exposed to the same laser energy. PARTICIPANTS/MATERIALS, SETTING, METHODS: Eight-cell CB6F1/J mouse embryos were pooled and allocated to three groups (n = 56 per group): A control group of embryos that were exposed to a dose of laser energy focused outside the zona pellucida (zona intact); one experimental group of embryos in which the zona pellucida was opened by complete ablation using the same total number of pulses as the control group; a second experimental group of embryos in which the zona pellucida was thinned to establish a smooth lased area using the same number of pulses as used in the other two groups. The width of the zona opening was 25 mum and width of the thinned area was 35 mum. Development was monitored by time-lapse microscopy. Overall treatment differences for continuous variables were analyzed by analysis of variance and pairwise comparisons using the Student t-test allowing for unequal variances, while for categorical data, a standard chi-squared test was utilized for all pairwise comparisons. MAIN RESULTS AND THE ROLE OF CHANCE: The frequency of complete hatching was 33.9% in the control group, 94.4% after zona opening, and 39.3% after zona thinning (overall group comparison, P < 0.0001). Overall, 60.7% of the zona-thinned embryos did not complete the hatching process and remained trapped within the zona; when they did hatch, they did not necessarily hatch from the zona-thinned area. Hatching in about one-third of the zona-intact embryos began with breaches at multiple sites by small groups of cells. Likewise, 53.6% of zona-thinned embryos had multiple breaches, always involving an area outside the thinned zone. Zona opening decreased multiple breaching and led to blastocyst escape an average of 14 h earlier than zona-thinned embryos and 5.5 h before control embryos (P = 0.0003). LIMITATIONS, REASONS FOR CAUTION: The experiments presented here were limited to in vitro experiments performed in the mouse. Whether human embryos would behave the same way under similar circumstances is unknown. We postulate that zona thinning is not beneficial in human embryos. WIDER IMPLICATIONS OF THE FINDINGS: The experiments demonstrate that zona thinning is not equivalent to zona opening for assisted hatching. The study provides reason for systematic reviews of assisted hatching trials to take the method of assisted hatching into consideration and not combine the results of zona thinning and zona opening procedures. STUDY FUNDING/COMPETING INTERESTS: Institutional funds were used for the study. No competing interests are declared."
What is the result of randomized trials?,Outcomes for patients with the same disease treated inside and outside of randomized trials: a systematic review and meta-analysis.
What is the goal of Iranian hospitals?,Implementation of Patient Safety and Patient-Centeredness Strategies in Iranian Hospitals.
What is the cost of Fever Evaluation Cost and Time to Treatment in the General Surgery Patient?,Fever Evaluation Cost and Time to Treatment in the General Surgery Patient Can be Reduced by Using a Fever Practice Guideline.
What was the result of DMARD treatment?,"In rheumatoid arthritis (RA), disease activity is generally determined by the joint involvement, but the treatment outcome is often influenced by extra-articular manifestations. Authors present a 74-year-old female patient's case history, who was treated with seropositive RA. Marked disease activity was observed even following combined traditional disease-modifying antirheumatic drug (DMARD) treatment (disease activity score in 28 joints (DAS28) = 6.6). Therefore, the patient received TNF-alpha antagonist therapy. Golimumab was administered subcutaneous (SC) once monthly which resulted in significant improvement in both clinical and laboratory signs (DAS28 = 3:43). However, the follow-up chest x-ray indicated multiple intrapulmonary foci and enlarged lymph nodes. Biopsies and histology excluded malignancy; rheumatoid nodules were confirmed. Anti-TNF therapy was discontinued and tocilizumab treatment was initiated. The IL-6 receptor inhibitor suppressed arthritic activity, and 2 months later, the follow-up chest x-ray showed a regression of chest nodules. Our cases, as well as reports from other centers, suggest that TNF blockade may induce rheumatoid nodulosis and the use of alternative biologics may be feasible as further treatment of RA."
What was the effect of oral therapy on blood pressure in normotensive women?,"OBJECTIVE: Although hormone therapy remains the most efficacious option for the management of vasomotor symptoms of menopause, its effects on blood pressure remain unclear. This review scrutinizes evidence of the mechanisms of action of hormone therapy on signaling pathways affecting blood pressure and evidence from clinical studies. METHODS: Comprehensive Ovid MEDLINE searches were conducted for the terms ""hypertension"" and either of the following ""hormone therapy and menopause"" or ""selective estrogen receptor modulator"" from year 2000 to November 2013. RESULTS: In vitro and physiologic studies did not reveal a clear deleterious effect of hormone therapy on blood pressure. The effect of oral therapy was essentially neutral in large trials conducted in normotensive women with blood pressure as primary outcome. Results from all other trials had several limitations. Oral therapy had a neutral effect on blood pressure in hypertensive women. Transdermal estrogen and micronized progesterone had a beneficial effect on blood pressure in normotensive women and, at most, a neutral effect on hypertensive women. In general, tibolone and raloxifene had a neutral effect on blood pressure in both hypertensive and normotensive women. CONCLUSIONS: Large randomized trials are needed to assess the effect of oral hormone therapy on blood pressure as a primary outcome in hypertensive women and the effect of transdermal preparations on both normotensive and hypertensive women. Transdermal preparations would be the preferred mode of therapy for hypertensive women, in view of their favorable physiologic and clinical profiles. The decision regarding the use of hormone therapy should be individualized, and blood pressure should be monitored during the course of treatment."
What is the inflammatory myofibroblastic tumor called?,"We illustrate a case of an inflammatory myofibroblastic tumor (IMT) involving the bladder in a woman with dysuria and review the literature and differential diagnosis. Inflammatory myofibroblastic tumor, also referred to as pseudosarcomatous myofibroblastic proliferation, is a rare lesion that can arise in the genitourinary system and is characterized by a fascicular arrangement of myofibroblasts with admixed inflammatory cells and slitlike vessels. Urinary bladder IMT can be a diagnostic pitfall because its histologic features (brisk mitoses, invasion into muscularis propria, and prominent nucleoli) can mimic malignancy. The differential diagnosis of urinary bladder IMT includes sarcomatoid carcinoma and leiomyosarcoma. Diagnostic features such as bland nuclear chromatin, ganglion-like cells, pale eosinophilic cytoplasm with long processes, overexpression of anaplastic lymphoma kinase (immunohistochemistry or gene rearrangement studies), and the absence of atypical mitoses help distinguish IMT from its malignant mimics. Current controversies regarding postoperative spindle cell nodule and IMT are discussed."
What is the most important factor in BS?,"This review focuses on the recent research on the epidemiology, outcome measures, immunopathogenesis, genetics, clinical manifestations and management of Behcet's syndrome (BS). A systematic review of outcomes and outcome measures used in BS points out to a need for reliable and validated outcome measures that would be widely used by researchers. Despite novel methods of analyses and cheaper and more sophisticated technologies are yielding new genetic associations and molecular pathways in BS, HLA-B51 still shows the strongest link. The MHC class I amino acid residues, GIMAP, the neuromodulin pathway, complement component copy variations, microRNA polymorphisms and DNA methylation abnormalities are examples. IL-27, 33 and 37 may also play important roles in the pathogenesis. Clinical studies have shown that the fluorescein angiography scoring system could be a useful tool to discern active inflammation in eye disease from the quiescent phase, the cumulative risk for recurrence of any vascular event was 38% at 5 years in a large vascular cohort and significant correlations between dural sinus thrombosis and pulmonary artery involvement, a retrospective survey of patients with parenchymal NBS revealed a 30% relapse rate and 10% mortality of 10% after a median follow-up of 73 months, and quantitative measurement of the brainstem atrophy using MRI was correlated with clinical symptoms. Studies on the management of BS showed that continuous use of colchicine may not prevent the development of organ involvement at the long-term, remission of uveitis may persist after withdrawal of infliximab, refractory intestinal involvement may respond to infliximab, immunosuppressive treatment is important in reducing complications of endovascular stent grafting for aortic pseudoaneurysm and intravitreal steroid implants or injections may be considered in refractory uveitis."
What was the mean TSH level after the increase of LT4?,"Abstract Introduction: The aim of this study was to analyze the possible role of free triiodothyronine (FT3) in infertility and in levothyroxine-treated (LT4) euthyroid women with Hashimoto thyroiditis (HT). Methods: It is an observational retrospective case control study. Twenty one euthyroid women with HT on LT4 replacement therapy and a medical history of idiopathic infertility were included into the study. To achieve higher FT3 level, the dose of LT4 was increased in every patient. Fifteen fertile women with HT on LT4 replacement therapy served as a control group. Results: At baseline in the study group mean thyroid stimulating hormone (TSH) level was 1.96 muU/ml +/- 0.84 muU/ml and mean FT3 was 4.07 pmol/l +/- 0.78 pmol/l. The mean TSH level after the increase of LT4 was 0.60 muU/ml +/- 0.45 muU/ml (p < 0.0001), and the mean FT3 was 5.12 pmol/l +/- 0.77 pmol/l (p = 0.0001). Baseline TSH in the study group was higher than in controls (p < 0.0001) and baseline FT3 in the study group was lower than in controls (p = 0.0003). Conclusions: Relatively low levels of FT3 in women with HT on LT4 replacement therapy may contribute to higher infertility rates."
What is the most likely theoretical compounds that would lead to a clinically significant pharmaco,"Ethanol (alcohol) is one of the most widely used legal drugs in the world. Ethanol is metabolized by alcohol dehydrogenase (ADH) and the cytochrome P450 (CYP) 2E1 drug-metabolizing enzyme that is also responsible for the biotransformation of xenobiotics and fatty acids. Drugs that inhibit ADH or CYP2E1 are the most likely theoretical compounds that would lead to a clinically significant pharmacokinetic interaction with ethanol, which include only a limited number of drugs. Acute ethanol primarily alters the pharmacokinetics of other drugs by changing the rate and extent of absorption, with more limited effects on clearance. Both acute and chronic ethanol use can cause transient changes to many physiologic responses in different organ systems such as hypotension and impairment of motor and cognitive functions, resulting in both pharmacokinetic and pharmacodynamic interactions. Evaluating drug interactions with long-term use of ethanol is uniquely challenging. Specifically, it is difficult to distinguish between the effects of long-term ethanol use on liver pathology and chronic malnutrition. Ethanol-induced liver disease results in decreased activity of hepatic metabolic enzymes and changes in protein binding. Clinical studies that include patients with chronic alcohol use may be evaluating the effects of mild cirrhosis on liver metabolism, and not just ethanol itself. The definition of chronic alcohol use is very inconsistent, which greatly affects the quality of the data and clinical application of the results. Our study of the literature has shown that a significantly higher volume of clinical studies have focused on the pharmacokinetic interactions of ethanol and other drugs. The data on pharmacodynamic interactions are more limited and future research addressing pharmacodynamic interactions with ethanol, especially regarding the non-central nervous system effects, is much needed."
What is the distinct coronary artery disease risk factor?,"BACKGROUND: Non-Alcoholic Fatty Liver Disease (NAFLD) is a distinct coronary artery disease (CAD) risk factor. The atherosclerotic process predisposing to CAD includes altered lipid profile and inflammatory processes. The available evidence suggests that increased circulating levels of eotaxin, an eosinophil chemoattractant cytokine implicated in allergic responses, are detected in the serum of patients with CAD. Relationships were sought between serum eotaxin on the one hand, and intima-media thickness-an early predictor of the atherosclerotic process, hepatic steatosis, arterial blood pressure values, as well as inflammation/immune markers and angiogenetic factors-on the other. METHODS: Eighty obese patients with NAFLD, diagnosed at ultrasonography, without evident cytolysis, formed our study population. Anthropometric measures, metabolic profile, serum concentrations of interleukin-1beta, C-reactive protein, interleukin-6, fibrinogen, ferritin, TNF-alpha, spleen size, vascular endothelial growth factor, platelet-derived growth factor-BB and heat shock protein-70 were evaluated. RESULTS: Serum eotaxin concentrations were distinctly associated with TNF alpha, IL-6, IL-1beta, VEGF and PDGF-BB levels but not with CRP, fibrinogen, heat shock protein-70 or spleen size. Among the metabolic and anthropometric parameters, a significant predictive power emerged when comparing eotaxin to insulin resistance, expressed as HOMA. NAFLD was distinctly associated with HOMA (P = 0.0005). Intima-media thickness was well predicted by both eotaxin levels and severity of NAFLD at ultrasonography, although no relation was detected between these last two variables. DISCUSSION AND CONCLUSION: A role for insulin resistance in mediating the interplay between eotaxin and other inflammation/immune parameters could be evidenced in the induction/maintenance of atherosclerosis of obese patients with NAFLD."
What was the difference in fascicle length?,"Contracture after stroke could be due to abnormal mechanical interactions between muscles. This study examined if ankle plantarflexor muscle contracture after stroke is due to abnormal force transmission between gastrocnemius and soleus muscles. Muscle fascicle lengths were measured from ultrasound images of soleus in 5 subjects with stroke and ankle contracture and 6 able-bodied subjects. Changes in soleus fascicle length or pennation during passive knee extension at fixed ankle angle were assumed to indicate intermuscular force transmission. Changes in soleus fascicle length or pennation were adjusted for changes in ankle motion. Subjects with stroke had significant ankle contracture. After adjustment for ankle motion, 9 of 11 subjects demonstrated small changes in soleus fascicle length with knee extension, suggestive of intermuscular force transmission. However the small changes in fascicle length may have been artifact caused by movement of the ultrasound transducers. There were no systematic differences in change in fascicle length (median between-group difference adjusting for ankle motion = -0.01, 95%CI -0.26 to 0.08 mm/degree of knee extension) or pennation (-0.05, 95%CI -0.15 to 0.07 degree/degree of knee extension). This suggests ankle contractures after stroke were not due to abnormal (systematically increased or decreased) intermuscular force transmission between gastrocnemius and soleus."
What is the Behavioral Study of the Salicylate-Induced Tinnitus,Both Central and Peripheral Auditory Systems Are Involved in Salicylate-Induced Tinnitus in Rats: A Behavioral Study.
What was AR-12's ability to eradicate intracellular Salmonella?,"Aminoglycosides exhibit relatively poor activity against intracellular Salmonella due to their low permeability across eukaryotic cell membranes. Previously, we identified the unique ability of AR-12, a celecoxib-derived small-molecule agent, to eradicate intracellular Salmonella Typhimurium in macrophages by facilitating autophagosome formation and suppressing Akt kinase signaling. In light of this unique mode of antibacterial action, we investigated the ability of AR-12 to sensitize intracellular Salmonella to aminoglycosides in macrophages and in an animal model. The antibacterial activities of AR-12 combined with various aminoglycosides, including streptomycin, kanamycin, gentamicin and amikacin, against intracellular S. Typhimurium in murine RAW264.7 macrophages were assessed. Cells were infected with S. Typhimurium followed by treatment with AR-12, individual aminoglycoside, or in combination for 24 hours. The in vivo efficacies of AR-12, alone or in combination with gentamicin or amikacin, were also assessed by treating S. Typhimurium-infected Balb/c mice daily for 14 consecutive days. Exposure of S. Typhimurium-infected RAW264.7 cells to a combination of AR-12 with individual aminoglycosides led to a greater reduction in bacterial survival (P < 0.05), both intracellular and extracellular, relative to aminoglycosides alone. This sensitizing effect, however, was not associated with increased aminoglycoside penetration into bacteria or macrophages. Moreover, daily intraperitoneal injection of AR-12 at 0.1 mg/kg significantly increased the in vivo efficacy of gentamicin and amikacin in prolonging the survival of S. Typhimurium-infected mice. These findings indicate that the unique ability of AR-12 to enhance the in vivo efficacy of aminoglycosides might have translational potential to develop novel strategies for the treatment of salmonellosis."
What is the target of Novel 2-Amino-Chromene-Nitrile,Synthesis and Characterization of Novel 2-Amino-Chromene-Nitriles that Target Bcl-2 in Acute Myeloid Leukemia Cell Lines.
What was the name of the military personnel in FY 2010?,"Use and Abuse of Prescribed Opioids, Central Nervous System Depressants, and Stimulants Among U.S. Active Duty Military Personnel in FY 2010."
What is the main role of RPE in maintaining photoreceptors?,"Retinal pigment epithelium (RPE) plays a major role in the maintenance of photoreceptors, and degeneration of RPE results in the development of age-related macular degeneration (AMD). Accumulation of intracellular protein aggregates, increased oxidative stress, and chronic inflammation are all factors damaging the functionality of aged RPE cells. Here, we report that inhibition of proteasomal degradation with MG-132 and autophagy with bafilomycin A1 resulted in the release of IL-1beta but not that of IL-18 in human ARPE-19 cells. NLRP3 receptor became upregulated, and caspase-1, the functional component of an inflammasome complex, was activated. In addition to accumulating intracellular protein aggregates, inhibition of degradation systems induced oxidative stress which was demonstrated by elevated amounts of intracellular 4-hydroxynonenal (HNE)-protein adducts. Along with IL-1beta, exposure to MG-132 and bafilomycin A1 resulted in the secretion of IL-8. A low concentration (1pg/ml) of IL-1beta was capable of triggering significant IL-8 production which also became attenuated by treatment with a specific caspase-1 inhibitor. These results suggest that decline in intracellular degradation systems results not only in increased amounts of intracellular protein aggregates and oxidative stress but also in the activation of NLRP3 inflammasomes, arisen as a result of elevated production of biologically active IL-1beta."
How many steps were walked by participants during the Walking Challenge?,"In 2013, the Global Congress theme at the American Heart Association (AHA) Annual Scientific Sessions was Physical Activity (PA). As a key component of the Congress, iHealth working in collaboration with AHA provided a Bluetooth-enabled wireless PA and sleep tracker to up to 2,000 Scientific Sessions attendees. Approximately 1,850 Scientific Sessions attendees registered for, received an PA tracker and participated in the Walking Challenge. More than 10 million steps were walked by participants (10,703,504) during the 2.5days of the Walking Challenge. This translates into almost 6000 miles walked (5976.3 miles) and 656,716 calories burned by participants during the Challenge. The Global Congress of PA held at Scientific Sessions 2013 not only extensively reviewed the science of PA as a powerful/independent and, most importantly, modifiable cardiovascular risk factor, but it also provided evidence from a fun and entertaining challenge that PA as a risk behavior can be assessed and targeted. We just took 10 million steps in the right direction. Join us and make your steps count!"
What is the Clinical Results of Anterior Odontoid Screw Fixation for Type,Clinical Results of Anterior Odontoid Screw Fixation for Type II Odontoid Fractures.
What is the key immune-checkpoint receptor regulating T-cell activation?,"BACKGROUND AND AIM: Cytotoxic T lymphocyte-associated antigen-4 (CTLA4) is a crucial immune-checkpoint receptor regulating T-cell activation. The current study was carried out to evaluate the function of CTLA4 gene in patients with gastric cancer. METHODS: The methylation of CTLA4 gene promoter was evaluated by methylation-specific polymerase chain reaction (MSP) technique using 85 paraffin-embedded gastric cancer tissue samples and normal tissue on the tumor margins as control tissue samples. Expression analysis was performed on paraffin-embedded tissue samples (25 each of cancerous and normal tissues) using Real-time PCR. RESULTS: Statistically significant differences were observed between the tumor and margin-cell areas with respect to promoter methylation status (OR = 4.829, 95% CI: 2.46-9.48, p < 0.001) and CTLA4 expression profile (mean +/- SD = 7.56 +/- 17.35, p = 0.04). CONCLUSION: To the best of our knowledge, the current study is the first one highlighting the association between promoter hypermethylation of CTLA4 gene, decreased CTLA4 expression, and increased risk of gastric cancer."
What does Nebivolol lower in?,"Nebivolol, But Not Metoprolol, Lowers Blood Pressure in Nitric Oxide-Sensitive Human Hypertension."
What is the name of the anti-CD25 drug?,"Safety, efficacy, and pharmacokinetics/pharmacodynamics of daclizumab (anti-CD25) in patients with adult T-cell leukemia/lymphoma."
What is the morphological normality of Sperm under high magnification?,Sperm morphological normality under high magnification predicts laboratory and clinical outcomes in couples undergoing ICSI.
What is the new model to reduce unnecessary Prostate Biopsies,Developing a Follow-Up Strategy for Patients with PSA Ranging from 4 to 10 ng/ml via a New Model to Reduce Unnecessary Prostate Biopsies.
What was the most important way to achieve and maintain asthma control?,"INTRODUCTION: The most important way to achieve and maintain asthma control is to reduce airway inflammation. Fractional exhaled nitric oxide (FeNO) levels have been used as a marker of airway inflammation. OBJECTIVES: To evaluate the association between FeNO levels and the asthma control status in children. METHODS: This was a cross-sectional clinical trial in children with atopic asthma aged >/= 7 years. The levels of asthma control were assessed by using the criteria from the GINA Guideline. FeNO levels and spirometry were measured. Asthma medications were recorded. The association between FeNO levels and asthma control status and the usage of asthma medications were analyzed. RESULTS: One hundred and fourteen asthmatic children aged 12.1 +/- 3.5 years were recruited into the study. Most of the patients had mild persistent asthma (79.8%). The administration of inhaled corticosteroid (ICS) was reported in 82.4% of cases. According to the GINA Guideline, 34.2% of cases were controlled, 44.7% were partly controlled and 21.1% were uncontrolled. We found that there was no significant difference in the median FeNO levels in the controlled, partly controlled and uncontrolled groups [19.2 (95% CI 5.1-108.9), 24.9 (2.2-85.7), and 39.2 (2.4-192.3) ppb, respectively (p = 0.24)]. However, in 20 cases who did not receive ICS treatment, the median FeNO levels showed a significant difference among controlled, partly controlled and uncontrolled groups [31.8 (95% CI 11.1-108.9), 34.1 (5.3-81.8), 92.0 (46.3-192.3) ppb, respectively; p <0.05]. CONCLUSIONS: FeNO levels were increased in ICS-treated asthmatic patients with less asthma control, albeit with no statistically significance. However, FeNO levels correlated with poor asthma control status in ICS untreated cases."
What is the VITdAL-ICU Randomized Clinical Trial?,Effect of High-Dose Vitamin D3 on Hospital Length of Stay in Critically Ill Patients With Vitamin D Deficiency: The VITdAL-ICU Randomized Clinical Trial.
What is the role of VTIQ as a new tissue strain analytics measurement?,The role of VTIQ as a new tissue strain analytics measurement in testicular lesions.
What is the name of the RT-PCR protocol used for swine?,"Dysregulation of cytokine responses plays a major role in the pathogenesis of severe and life-threatening infectious diseases like septicemia or viral hemorrhagic fevers. In pigs, diseases like African and classical swine fever are known to show exaggerated cytokine releases. To study these responses and their impact on disease severity and outcome in detail, reliable, highly specific and sensitive methods are needed. For cytokine research on the molecular level, real-time RT-PCRs have been proven to be suitable. Yet, the currently available and most commonly used SYBR Green I assays or heterogeneous gel-based RT-PCRs for swine show a significant lack of specificity and sensitivity. The latter is however absolutely essential for an accurate quantification of rare cytokine transcripts as well as for detection of small changes in gene expressions. For this reason, a harmonized TaqMan-based triplex real-time RT-PCR protocol for the quantitative detection of normalized gene expression profiles of seven porcine cytokines was designed and validated within the presented study. Cytokines were chosen to represent different immunological pathways and targets known to be involved in the pathogenesis of the above mentioned porcine diseases, namely interleukin (IL)-1beta, IL-2, IL-4, IL-6, IL-8, tumor necrosis factor (TNF)-alpha and interferon (IFN)-alpha. Beta-Actin and glyceraldehyde 3-phosphate dehydrogenase (GAPDH) served as reference genes for normalization. For absolute quantification a synthetic standard plasmid was constructed comprising all target cytokines and reference genes within a single molecule allowing the generation of positive control RNA. The standard as well as positive RNAs from samples, and additionally more than 400 clinical samples, which were collected from animal trials, were included in the validation process to assess analytical sensitivity and applicability under routine conditions. The resulting assay allows the reliable assessment of gene expression profiles and provides a broad applicability to any kind of immunological research in swine."
What is the potential value of comprehensive geriatric assessment?,The potential value of comprehensive geriatric assessment in evaluating older women with primary operable breast cancer undergoing surgery or non-operative treatment - A pilot study.
What is the second-generation wallis interspinous Dynamic Stabilization Device,Experience with the Second-Generation Wallis Interspinous Dynamic Stabilization Device Implanted in Degenerative Lumbar Disease: A Case Series of 50 Patients.
"What is the mean follow-up time for the plasma total T, DHT and E2","Context: Older men have lower testosterone (T) levels but whether differences in circulating T, or its metabolites dihydrotestosterone (DHT) or estradiol (E2) contribute to cardiovascular disease remains controversial. Objective: We tested the hypothesis that plasma T, DHT and E2 are differentially associated with incidence of myocardial infarction (MI) and stroke in older men. Participants and methods: Plasma total T, DHT and E2 were assayed using liquid chromatography-mass spectrometry in early morning samples from 3,690 community-dwelling men aged 70-89 years. Outcomes of first hospital admission or death due to MI or stroke were ascertained by data linkage. Results: Mean follow-up was 6.6 years. Incident MI occurred in 344, stroke in 300 and neither in 3,046 men. In multivariate analysis adjusting for age and other risk factors, neither T, DHT nor E2 were associated with incident MI (fully-adjusted hazard ratio [HR] for T in Quartile (Q)4 vs Q1: 0.92, 95% confidence interval [CI]=0.66-1.28; DHT: 0.83, 0.59-1.15; E2: 0.84, 0.62-1.15). Higher T or DHT was associated with lower incidence of stroke (T: Q4:Q1 fully-adjusted HR=0.56, 95% CI=0.39-0.81, p=0.002; DHT: 0.57, 0.40-0.81, p=0.002). E2 was not associated with stroke (HR=0.76, 95% CI=0.54-1.08, p=0.123). Conclusions: Higher plasma T or DHT are biomarkers for reduced risk of stroke but not MI. Androgen exposure may influence outcomes following rather than incidence of MI, while androgens but not E2 are independent predictors of stroke risk. Randomised clinical trials are needed to clarify the impact of modifying T or DHT on the risk of stroke in ageing men."
What is the AMPK signaling pathway that inhibits ER stress activation?,Usnic acid inhibits ER stress activation through AMPK signaling pathway in rat cardiomyocytes.
What is the single-most prognostic clinical variable in oral squamous,"Background:Extracapsular spread (ECS) in cervical lymph nodes is the single-most prognostic clinical variable in oral squamous cell carcinoma (OSCC), but diagnosis is possible only after histopathological examination. A promising biomarker in the primary tumour, alpha smooth muscle actin (SMA) has been shown to be highly prognostic, however, validated biomarkers to predict ECS prior to primary treatment are not yet available.Methods:In 102 OSCC cases, conventional imaging was compared with pTNM staging. SERPINE1, identified from expression microarray of primary tumours as a potential biomarker for ECS, was validated through mRNA expression, and by immunohistochemistry (IHC) on a tissue microarray from the same cohort. Similarly, expression of SMA was also compared with its association with ECS and survival. Expression was analysed separately in the tumour centre and advancing front; and prognostic capability determined using Kaplan-Meier survival analysis.Results:Immunohistochemistry indicated that both SERPINE1 and SMA expression at the tumour-advancing front were significantly associated with ECS (P<0.001). ECS was associated with expression of either or both proteins in all cases. SMA+/SERPINE1+ expression in combination was highly significantly associated with poor survival (P<0.001). MRI showed poor sensitivity for detection of nodal metastasis (56%) and ECS (7%). Both separately, and in combination, SERPINE1 and SMA were superior to MRI for the detection of ECS (sensitivity: SERPINE1: 95%; SMA: 82%; combination: 81%).Conclusion:A combination of SMA and SERPINE1 IHC offer potential as prognostic biomarkers in OSCC. Our findings suggest that biomarkers at the invasive front are likely to be necessary in prediction of ECS or in therapeutic stratification.British Journal of Cancer advance online publication 30 September 2014; doi:10.1038/bjc.2014.500 www.bjcancer.com."
What is the primary endpoint of the study?,"BACKGROUND: Methylene blue (MB) has been shown to be safe and effective against falciparum malaria in Africa and to have pronounced gametocytocidal properties. METHODS: Three days treatment with artesunate (AS)-amodiaquine (AQ)-MB was compared to AS-AQ in a randomised controlled phase IIb study in 221 children aged 6-59 months with uncomplicated falciparum malaria in Burkina Faso. The primary endpoint was gametocyte prevalence during follow-up determined by microscopy and by real-time quantitative nucleic acid sequence-based amplification (QT-NASBA). RESULTS: Gametocyte prevalence of P. falciparum at baseline was 3.6% (microscopy) and 97% (QT-NASBA). Gametocyte prevalence was significantly lower in the AS-AQ-MB compared to AS-AQ group on day 7 of follow-up (1.2% vs. 8.9% by microscopy, p<0.05; 36.7% vs. 63.3% by QT-NASBA, p<0.001). Haemoglobin values were significantly lower in the AS-AQ-MB group compared to AS-AQ at day 2 and 7 of follow-up. Vomiting of the study medication occurred significantly more frequently in children having been treated with AS-AQ-MB compared to AS-AQ. CONCLUSIONS: The combination of MB with an ACT has been confirmed to be effective against the gametocytes of P. falciparum. MB-based combinations need to be compared to primaquine-based combinations, preferably using MB in an improved pediatric formulation."
What is the PRIMERI study?,"Associations of Electrocardiographic P-wave Characteristics with Left Atrial Structure, Function and Diffuse Left Ventricular Fibrosis Defined by Cardiac Magnetic Resonance: the PRIMERI Study."
What is the name of the U.S. Armed Forces?,"Erectile dysfunction among male active component service members, U.S. Armed Forces, 2004-2013."
What is the name of the BS patient who had a right ventricular throm,"Behcet's syndrome (BS) is a systemic inflammatory disease generally presented with triad of uveitis, oral and genital ulcers. However, it may present with gastrointestinal, central nervous system, skin, vascular disease manifestations. Cardiac involvement like intracardiac thrombus and valvular involvement in BS are rarely seen entities. Here we present the management of a 23-year old male BS patient who had a right ventricular thrombus and tricuspid valve dysfunction which was resistant to immunosuppressive treatment. He has been doing well for 4 years after intraventricular thrombus resection and tricuspid valve replacement with bioprosthesis."
What is the main reason for the decline in PA patterns?,"The evolution from hunting and gathering to agriculture, followed by industrialization, has had a profound effect on human physical activity (PA) patterns. Current PA patterns are undoubtedly the lowest they have been in human history, with particularly marked declines in recent generations, and future projections indicate further declines around the globe. Non-communicable health problems that afflict current societies are fundamentally attributable to the fact that PA patterns are markedly different than those for which humans were genetically adapted. The advent of modern statistics and epidemiological methods has made it possible to quantify the independent effects of cardiorespiratory fitness (CRF) and PA on health outcomes. Based on more than five decades of epidemiological studies, it is now widely accepted that higher PA patterns and levels of CRF are associated with better health outcomes. This review will discuss the evidence supporting the premise that PA and CRF are independent risk factors for cardiovascular disease (CVD) as well as the interplay between both PA and CRF and other CVD risk factors. A particular focus will be given to the interplay between CRF, metabolic risk and obesity."
What is the ECF Sigma Factor SigE?,Mycobacterium tuberculosis Requires the ECF Sigma Factor SigE to Arrest Phagosome Maturation.
What was the first case of continuous subcutaneous insulin infusion?,"Abstract We report the first case of the use of continuous subcutaneous insulin infusion (CSII) in a patient with Shwachman-Bodian-Diamond syndrome (SBDS) and diabetes. An Italian boy received diagnosis of SBDS at the age of 7 months (SBDS gene mutation: c.183-184TA-->CT and c.258+2T-->C in compound heterozygous). The patient presented an impaired psychosocial functioning with difficulties in mental health, body pain experiences, attention deficit disorder, somatic complaints, behavioral and social problems. Total Intelligence Quotient (T-IQ) was within the normal range for age (T-IQ=109). The patient developed clinical diabetes at the age of 13 years (glycemia 282 mg/dL at 120 min of oral glucose tolerance test, glycosylated hemoglobin level of 7.5%, anti-beta-cell antibodies negative; glucagon test yielding a C peptide level at zero-time of 1.5 ng/mL and at 6 min of 2.0 ng/mL). Multiple daily injection therapy with insulin was started. Nevertheless, because of a relevant needle phobia and the recurrent hypoglycemia due to poor nutrition secondary to depression, after 3 years the patient started CSII. After 12 months a new evaluation showed (1) better social adaptation, (2) meliorated self-esteem and self-efficacy, (3) reduced psychosocial suffering, and (4) improved health-related quality of life, assessed by the Pediatric Quality of Life Inventory version 3.0 Diabetes Module. Thus CSII seems to be crucial to improve health-related quality of life in patients affected by diabetes and genetic disorders."
What is the case report of a patient co-infected with?,Spontaneous clearance of hepatitis C virus in a patient co-infected with hepatitis C virus and human immunodeficiency virus: a case report.
What is the name of the study that did the study do not support?,"RATIONALE: To prevent or combat infection, increasing the effectiveness of the immune response is highly desirable, especially in case of compromised immune system function. However, immunostimulatory therapies are scarce, expensive, and often have unwanted side-effects. beta-glucans have been shown to exert immunostimulatory effects in vitro and in vivo in experimental animal models. Oral beta-glucan is inexpensive and well-tolerated, and therefore may represent a promising immunostimulatory compound for human use. METHODS: We performed a randomized open-label intervention pilot-study in 15 healthy male volunteers. Subjects were randomized to either the beta -glucan (n = 10) or the control group (n = 5). Subjects in the beta-glucan group ingested beta-glucan 1000 mg once daily for 7 days. Blood was sampled at various time-points to determine beta-glucan serum levels, perform ex vivo stimulation of leukocytes, and analyze microbicidal activity. RESULTS: beta-glucan was barely detectable in serum of volunteers at all time-points. Furthermore, neither cytokine production nor microbicidal activity of leukocytes were affected by orally administered beta-glucan. CONCLUSION: The present study does not support the use of oral beta-glucan to enhance innate immune responses in humans. TRIAL REGISTRATION: ClinicalTrials.gov NCT01727895."
How many oocyte donation pregnancies were compared to in vitro fertilization,"OBJECTIVE: To evaluate the maternal and neonatal outcome of non-anonymous oocyte donation compared to in vitro fertilization. Study design We compared 84 oocyte donation pregnancies with a 251 matched in vitro fertilization cohort. Maternal and neonatal outcomes were retrieved from a nationwide perinatal registry. Oocyte donation and in vitro fertilization pregnancies were matched for maternal age, study center, ZIP code and embryo transfer date. Both maternal and neonatal complications and outcome were compared between oocyte donation and in vitro fertilization with univariate and multivariate logistic regression analyses, adjusting for maternal age, donor age, socio-economic status, ethnicity, and parity. RESULTS: In total, 277 women underwent 541 oocyte donation cycles. The median recipient age was 34.9 years (IQR: 31.5-38.5), while the median donor age was 34.4 years (IQR: 31.7-37.0). Clinical pregnancy rate was 26.6%, which is comparable to standard in vitro fertilization treatment. Donor age in years (OR 0.93, 95% CI 0.88-0.99) and a previous pregnancy of the recipient (OR 1.69, 95% CI 1.02-2.78) were significantly associated with clinical pregnancy rate. Both singleton and multiple oocyte donation pregnancies were associated with pregnancy-induced hypertension compared with in vitro fertilization singleton and multiple pregnancies (OR 1.99, 95%CI 1.02-3.89, OR 6.43, 95% CI 1.67-24.72, respectively). No significant differences in neonatal outcome were observed. CONCLUSION: Oocyte donation pregnancies are associated with an increased incidence of pregnancy-induced hypertension compared with age-matched in vitro fertilization controls. However, no significant differences in neonatal outcome were observed between oocyte donation and in vitro fertilization."
What is the average evaluation of anesthesiologists?,Anesthesia Residents' Global (Departmental) Evaluation of Faculty Anesthesiologists' Supervision Can Be Less Than Their Average Evaluations of Individual Anesthesiologists.
What is the main cause of death in a matter of hours?,"Waterhouse-Friderichsen syndrome (fulminant meningococcaemia) is a fulminating infection, often leading to mortality in a matter of hours. In the past 3 years there has been a rise in cases of Neisseria meningitis in the men who have sex with men (MSM) population in the USA and sporadic cases over the world especially in those who are HIV positive. We describe a case of a 34-year-old Caucasian man who presented with acute fulminant meningococcaemia, which proved fatal over a period of hours. This case report emphasises the need for further vigilance, prompt diagnosis and treatment of fulminant meningococcaemia without signs of meningitis especially in the MSM population and the need to expand vaccination recommendations of Meningococcaemia in the MSM population across the USA in both HIV positive and negative males."
What is the average FSH level of females?,A Proteomic Analysis of Human Follicular Fluid: Comparison between Younger and Older Women with Normal FSH Levels.
What was the average value of whole mitogenome?,"Abstract The mitochondrial genome of the spinner shark (Carcharhinus brevipinna) was determined in this study. It was 16,706 bp in length with the typical genomic organization and gene order as most vertebrates. Whole nucleotide base composition was 31.3% A, 25.3% C, 13.2% G and 30.1% T. Among the protein-coding genes, there are three overlapping reading-frames on the same strand, while one of it on the opposite strand. Two start codons (ATG and GTG) and three stop codons (AGG, TAG and TAA/T) were used in 13 protein-coding genes. The 22 tRNA ranged from 67 (tRNA-Cys and tRNA-Ser2) to 75 bp (tRNA-Leu1) in length. Only the tRNA-Ser2 could not fold into the typical clover-leaf structure, which lost the dihydrouridine (DHU) arm and replaced by a simple loop. The control region was 1064 bp in length and showed a higher AT content (66.8%) than the average value of whole mitogenome (61.4%)."
What is the name of the Editorial?,Editorial: Oral Delivery of Biotechnology based Drugs: Dream or Reality?
What was the most predominant genotype in both infected and healthy blood samples?,"The Duffy blood group is of major interest in clinical medicine as it plays an important role in Plasmodium knowlesi and Plasmodium vivax infection. In the present study, the distribution of Duffy blood group genotypes and allelic frequencies among P. knowlesi infected patients as well as healthy individuals in Peninsular Malaysia were determined. The blood group of 60 healthy blood donors and 51 P. knowlesi malaria patients were genotyped using allele specific polymerase chain reaction (ASP-PCR). The data was analyzed using Fisher's exact test in order to assess the significance of the variables. Our results show a high proportion of the FY*A/FY*A genotype (>85% for both groups) and a high frequency of the FY*A allele (>90% for both groups). The FY*A/FY*A genotype was the most predominant genotype in both infected and healthy blood samples. The genotype frequency did not differ significantly between the donor blood and the malaria patient groups. Also, there was no significant correlation between susceptibility to P. knowlesi infection with any Duffy blood genotype."
How many patients were enrolled in the ART program?,"BACKGROUND: The outcomes from an antiretroviral treatment (ART) program within the public sector in Myanmar have not been reported. This study documents retention and the risk factors for attrition in a large ART public health program in Myanmar. METHODS: A retrospective analysis of a cohort of adult patients enrolled in the Integrated HIV Care (IHC) Program between June 2005 and October 2011 and followed up until April 2012 is presented. The primary outcome was attrition (death or loss-follow up); a total of 10,223 patients were included in the 5-year cumulative survival analysis. Overall 5,718 patients were analyzed for the risk factors for attrition using both logistic regression and flexible parametric survival models. RESULT: The mean age was 36 years, 61% of patients were male, and the median follow up was 13.7 months. Overall 8,564 (84%) patients were retained in ART program: 750 (7%) were lost to follow-up and 909 (9%) died. During the 3 years follow-up, 1,542 attritions occurred over 17,524 person years at risk, giving an incidence density of 8.8% per year. The retention rates of participants at 12, 24, 36, 48 and 60 months were 86, 82, 80, 77 and 74% respectively. In multivariate analysis, being male, having high WHO staging, a low CD4 count, being anaemic or having low BMI at baseline were independent risk factors for attrition; tuberculosis (TB) treatment at ART initiation, a prior ART course before program enrollment and literacy were predictors for retention in the program. CONCLUSION: High retention rate of IHC program was documented within the public sector in Myanmar. Early diagnosis of HIV, nutritional support, proper investigation and treatment for patients with low CD4 counts and for those presenting with anaemia are crucial issues towards improvement of HIV program outcomes in resource-limited settings."
What is the Chinese-language Brief Sensation Seeking Scale?,Validation of the Chinese-language Brief Sensation Seeking Scale: Implications for risky riding behaviors of parental motorcyclists and their child passengers.
What is the name of the pathology that debilitates patients in their daily life?,"Objective: Camptocormia is a disabling pathology of the axial system that debilitates patients in their daily life. To date, there have been no studies evaluating the impact of camptocormia on walking performance. This study presents a new method for assessing sagittal posture under walking conditions in patients with camptocormia. Design: The severity of camptocormia was evaluated by measuring sagittal inclination, represented indirectly by the horizontal distance between the C7 and S1 markers (C7 sagittal arrow; C7-SAR). Sagittal inclination was measured under various behavioural conditions using clinical, radiological and kinematic approaches. Patients: Forty-three patients were included in the study (17 with Parkinson's disease and 26 with idiopathic camptocormia). Results: Under static conditions, C7-SAR could be assessed using different methods. During walking, there was a dramatic increase in C7-SAR values. Correlation analysis revealed a relationship between functional impairment and dynamic C7-SAR values, but not with radiological C7-SAR values. Patients with Parkinson's disease behaved differently from idiopathic patients, suggesting the involvement of different underlying physiopathological mechanisms. Conclusion: Monitoring sagittal inclination during walking is more accurate than radiological measurements to determinine the detrimental effects of camptocormia and its consequences for quality of life."
What is the importance of a nutritional assessment in neonates?,"Adequate nutrition and growth during the neonatal period are important, especially for preterm infants, for whom there is evidence of poor nutrient intakes and growth, and this has important implications for their health in later life. Increased nutritional support while on the neonatal intensive care unit has been shown to improve growth, but such support is not universally available. Being able to carry out and interpret a nutritional assessment is therefore an important skill for paediatricians caring for neonates. This article aims to explain how to use nutritional assessment in neonates and provides some tools to make this process as straightforward as possible."
What is the effect of APE1 T2197G polymorphism on APE,"Effect of APE1 T2197G (Asp148Glu) Polymorphism on APE1, XRCC1, PARP1 and OGG1 Expression in Patients with Colorectal Cancer."
How many subjects per year were injured in musculoskeletal injuries?,"Musculoskeletal injuries have long been a problem in general purpose forces, yet anecdotal evidence provided by medical, human performance, and training leadership suggests musculoskeletal injuries are also a readiness impediment to Special Operations Forces (SOF). The purpose of this study was to describe the injury epidemiology of SOF utilizing self-reported injury histories. Data were collected on 106 SOF (age: 31.7 +/- 5.3 years, height: 179.0 +/- 5.5 cm, mass: 85.9 +/- 10.9 kg) for 1 year before the date of laboratory testing and filtered for total injuries and those with the potential to be preventable based on injury type, activity, and mechanism. The frequency of musculoskeletal injuries was 24.5 injuries per 100 subjects per year for total injuries and 18.9 injuries per 100 subjects per year for preventable injuries. The incidence of musculoskeletal injuries was 20.8 injured subjects per 100 subjects per year for total injuries and 16.0 injured subjects per 100 subjects per year for preventable injuries. Preventable musculoskeletal injuries comprised 76.9% of total injuries. Physical training (PT) was the most reported activity for total/preventable injuries (PT Command Organized: 46.2%/60.0%, PT Noncommand Organized: 7.7%/10.0%, PT Unknown: 3.8%/5.0%). Musculoskeletal injuries impede optimal physical readiness/tactical training in the SOF community. The data suggest a significant proportion of injuries are classified as preventable and may be mitigated with human performance programs."
What is fractional exhaled nitric oxide associated with asthma control in children?,Is fractional exhaled nitric oxide (FeNO) associated with asthma control in children?
What was the effect of hypoglycemia related to treatment of type 2 diabetes mell,"OBJECTIVE: The effect of hypoglycemia related to treatment of type 2 diabetes mellitus (T2DM) on brain structure remains unclear. We aimed to assess whether symptomatic severe hypoglycemia is associated with brain atrophy and/or white matter abnormalities. RESEARCH DESIGN AND METHODS: We included T2DM participants with brain MRI from the Action to Control Cardiovascular Risk in Diabetes-Memory in Diabetes (ACCORD-MIND) trial. Symptomatic severe hypoglycemia was defined as blood glucose <2.8 mmol/L or symptoms resolved with treatments that required the assistance of another person or medical assistance (hypoglycemia requiring assistance [HA]). Standardized brain MRI was performed at baseline and at 40 months. Total brain volume (TBV) and abnormal white matter (AWM) volume were calculated using an automated computer algorithm. Brain MRI scans of hypoglycemic participants were also reviewed for local disease. RESULTS: Of the 503 T2DM participants (mean age, 62 years) with successful baseline and 40-month brain MRI, 28 had at least one HA episode during the 40-month follow-up. Compared with participants without HA, those with HA had marginally significant less atrophy (less decrease in TBV) from baseline to 40 months (-9.55 [95% CI -15.21, -3.90] vs. -15.38 [95% CI -16.64, -14.12], P = 0.051), and no significant increase of AWM volume (2.06 [95% CI 1.71, 2.49] vs. 1.84 [95% CI 1.76, 1.91], P = 0.247). In addition, no unexpected local signal changes or volume loss were seen on hypoglycemic participants' brain MRI scans. CONCLUSIONS: Our study suggests that hypoglycemia related to T2DM treatment may not accentuate brain pathology, specifically brain atrophy or white matter abnormalities."
What was the last follow-up date for mortality?,"Importance: The choice between bioprosthetic and mechanical aortic valve replacement in younger patients is controversial because long-term survival and major morbidity are poorly characterized. Objective: To quantify survival and major morbidity in patients aged 50 to 69 years undergoing aortic valve replacement. Design, Setting, and Participants: Retrospective cohort analysis of 4253 patients aged 50 to 69 years who underwent primary isolated aortic valve replacement using bioprosthetic vs mechanical valves in New York State from 1997 through 2004, identified using the Statewide Planning and Research Cooperative System. Median follow-up time was 10.8 years (range, 0 to 16.9 years); the last follow-up date for mortality was November 30, 2013. Propensity matching yielded 1001 patient pairs. Main Outcomes and Measures: Primary outcome was all-cause mortality; secondary outcomes were stroke, reoperation, and major bleeding. Results: No differences in survival or stroke rates were observed in patients with bioprosthetic compared with mechanical valves. Actuarial 15-year survival was 60.6% (95% CI, 56.3%-64.9%) in the bioprosthesis group compared with 62.1% (95% CI, 58.2%-66.0%) in the mechanical prosthesis group (hazard ratio, 0.97 [95% CI, 0.83-1.14]). The 15-year cumulative incidence of stroke was 7.7% (95% CI, 5.7%-9.7%) in the bioprosthesis group and 8.6% (95% CI, 6.2%-11.0%) in the mechanical prosthesis group (hazard ratio, 1.04 [95% CI, 0.75-1.43). The 15-year cumulative incidence of reoperation was higher in the bioprosthesis group (12.1% [95% CI, 8.8%-15.4%] vs 6.9% [95% CI, 4.2%-9.6%]; hazard ratio, 0.52 [95% CI, 0.36-0.75]). The 15-year cumulative incidence of major bleeding was higher in the mechanical prosthesis group (13.0% [95% CI, 9.9%-16.1%] vs 6.6% [95% CI, 4.8%-8.4%]; hazard ratio, 1.75 [95% CI, 1.27-2.43]). The 30-day mortality rate was 18.7% after stroke, 9.0% after reoperation, and 13.2% after major bleeding. Conclusions and Relevance: Among propensity-matched patients aged 50 to 69 years who underwent aortic valve replacement with bioprosthetic compared with mechanical valves, there was no significant difference in 15-year survival or stroke. Patients in the bioprosthetic valve group had a greater likelihood of reoperation but a lower likelihood of major bleeding. These findings suggest that bioprosthetic valves may be a reasonable choice in patients aged 50 to 69 years."
What is the role of Neutrophils in Posthemorrhagic Shock A,Neutrophils Counteract Autophagy-Mediated Anti-Inflammatory Mechanisms in Alveolar Macrophage: Role in Posthemorrhagic Shock Acute Lung Inflammation.
What is the effect of job rotation on musculoskeletal complaints?,Effects of job rotation on musculoskeletal complaints and related work exposures: a systematic literature review.
What is the main cause of apoptosis?,Saikosaponin-d inhibits proliferation of human undifferentiated thyroid carcinoma cells through induction of apoptosis and cell cycle arrest.
What is the effect of the Personality Assessment Inventory with Feigned PTSD?,The Effectiveness of the Personality Assessment Inventory With Feigned PTSD: An Initial Investigation of Resnick's Model of Malingering.
What is the name of the agent for refractory/relapsed acute lympho,Agents for refractory/relapsed acute lymphocytic leukemia in adults.
What is the memory trace and timing mechanism localized to?,Memory trace and timing mechanism localized to cerebellar Purkinje cells.
What is the most important mechanism by which SS protects against GJIC inhibition?,"It appears to be more practical and effective to prevent carcinogenesis by targeting the tumor promotion stage. Gap junctional intercellular communication (GJIC) is strongly involved in carcinogenesis, especially the tumor promotion stage. Considerable interest has been focused on the chemoprevention activities of soyasaponin (SS), which are major phytochemicals found in soybeans and soy products. However, less is known about the preventive effects of SS (especially SS with different chemical structures) against tumor promoter-induced inhibition of GJIC. We investigated the protective effects of SS-A1, SS-A2, and SS-I against hydrogen peroxide (H2O2)-induced GJIC inhibition and reactive oxygen species (ROS) production in Buffalo rat liver (BRL) cells. The present results clearly show for the first time that SS-A1, SS-A2, and SS-I prevent the H2O2-induced GJIC inhibition by scavenging ROS in BRL cells in a dose-dependent manner at the concentration range of from 25 to 100 mug/mL. Soyasaponins attenuated the H2O2-induced ROS through potentiating the activities of superoxide dismutase and glutathione peroxidase. This may be an important mechanism by which SS protects against tumor promotion. In addition, various chemical structures of SS appear to exhibit different protective abilities against GJIC inhibition. This may partly attribute to their differences in ROS-scavenging activities."
What is the purpose of Motivational Interviewing?,Using Motivational Interviewing: Through Evidence-Based Health Coaching.
What is the result of galactose-1-phosphate uridyl,Endogenous galactose formation in galactose-1-phosphate uridyltransferase deficiency.
What was the mean total medical cost per patient?,"Objective: To investigate the predictors of total medical costs for first-ever ischaemic stroke patients transferred to the rehabilitation ward from the acute ward. Patients: A total of 311 first-ever ischaemic stroke patients (mean age 68.9 (standard deviation (SD) 12.2) years). Methods: Data, including common complications and medical events, from July 2002 to June 2012 were collected retrospectively from a regional hospital in Taiwan in order to study the potential predictors for medical costs. Significant variables from univariate analysis were included in a stepwise multivariate linear regression analysis. Results: The mean total medical cost per patient was USD 4,606.80 (SD 2,926.10). The significant predictors for cost were days of total stay (coefficient: 70.3; 95% confidence interval (CI) = 56.4-84.3), impaired consciousness (coefficient: 1,031.3; 95% CI = 490.8-1,571.8), hypoalbuminaemia in the acute ward (coefficient: 2,045.1; 95% CI = 1,054.6-3,035.7), fever (coefficient: 927.0; 95% CI = 193.3-1,660.7), hypokalaemia (coefficient: 2,698.4; 95% CI = 660.5-4,736.4), and hyponatraemia (coefficient: 1,123.3; 95% CI = 72.2-2,174.5) in the rehabilitation ward (R2 = 0.416). Conclusion: These findings can help clinicians to identify risk factors for total medical costs in these patients and reduce costs by minimizing some complications (hypoalbuminaemia, fever, hypokalaemia, and hyponatraemia)."
What is the name of the molecule that is associated with tumourigenesis and metastas,"Background:Optimal expression and proper function of key mitotic proteins facilitate control and repair processes that aim to prevent loss or gain of chromosomes, a hallmark of cancer. Altered expression of small regulatory microRNAs is associated with tumourigenesis and metastasis but the impact on mitotic signalling has remained unclear.Methods:Cell-based high-throughput screen identified miR-378a-5p as a mitosis perturbing microRNA. Transient transfections, immunofluorescence, western blotting, time-lapse microscopy, FISH and reporter assays were used to characterise the mitotic anomalies by excess miR-378a-5p. Analysis of microRNA profiles in breast tumours was performed.Results:Overexpression of miR-378a-5p induced numerical chromosome changes in cells and abrogated taxol-induced mitotic block via premature inactivation of the spindle assembly checkpoint. Moreover, excess miR-378a-5p triggered receptor tyrosine kinase-MAP kinase pathway signalling, and was associated with suppression of Aurora B kinase. In breast cancer in vivo, we found that high miR-378a-5p levels correlate with the most aggressive, poorly differentiated forms of cancer.Interpretation:Downregulation of Aurora B by excess miR-378a-5p can explain the observed microtubule drug resistance and increased chromosomal imbalance in the microRNA-overexpressing cells. The results suggest that breast tumours may deploy high miR-378a-5p levels to gain growth advantage and antagonise taxane therapy.British Journal of Cancer advance online publication, 30 September 2014; doi:10.1038/bjc.2014.524 www.bjcancer.com."
What is the potential for successful cancer chemotherapy?,"The phenomenon of multidrug resistance (MDR) has attenuated the efficacy of anticancer drugs and the possibility of successful cancer chemotherapy. ATP-binding cassette (ABC) transporters play an essential role in mediating MDR in cancer cells by increasing efflux of drugs from cancer cells, hence reducing the intracellular accumulation of chemotherapeutic drugs. Interestingly, small-molecule tyrosine kinase inhibitors (TKIs), such as AST1306, lapatinib, linsitinib, masitinib, motesanib, nilotinib, telatinib and WHI-P154, have been found to have the capability to overcome anticancer drug resistance by inhibiting ABC transporters in recent years. This review will focus on some of the latest and clinical developments with ABC transporters, TKIs and anticancer drug resistance."
What is the 5-Alpha-reductase inhibitor?,5-Alpha-reductase inhibitors in diseases of the prostate.
What is the anti-apoptotic protein Bcl-2 a well-known,"The anti-apoptotic protein Bcl-2 is a well-known and attractive therapeutic target for cancer. In the present study the solution-phase T3P-DMSO mediated efficient synthesis of 2-amino-chromene-3-carbonitriles from alcohols, malanonitrile and phenols is reported. These novel 2-amino-chromene-3-carbonitriles showed cytotoxicity in human acute myeloid leukemia (AML) cell lines. Compound 4g was found to be the most bioactive, decreasing growth and increasing apoptosis of AML cells. Moreover, compound 4g (at a concentration of 5 microM) increased the G2/M and sub-G1 (apoptosis) phases of AML cells. The AML cells treated with compound 4g exhibited decreased levels of Bcl-2 and increased levels of caspase-9. In silico molecular interaction analysis showed that compound 4g shared a similar global binding motif with navitoclax (another small molecule that binds Bcl-2), however compound 4g occupies a smaller volume within the P2 hot spot of Bcl-2. The intermolecular pi-stacking interaction, direct electrostatic interactions, and docking energy predicted for 4g in complex with Bcl-2 suggest a strong affinity of the complex, rendering 4g as a promising Bcl-2 inhibitor for evaluation as a new anticancer agent."
What was the mean age of the participants?,"BACKGROUND: Common Mental Disorders (CMDs) are frequent among patients attending primary care. In Africa, CMDs are often misdiagnosed as physical illnesses because many of the patients complain of somatic symptoms of mental distress. We explored whether there was difference in the levels of CMD symptoms between patients with thick film confirmed and clinical cases of malaria with negative thick film in primary care. METHODS: A cross-sectional comparative study was conducted on 300 adults with a clinical diagnosis of malaria in primary care centres in Jimma, Ethiopia. Patients were recruited consecutively until 100 cases of 'malaria' with a negative thick film and 200 cases of malaria with a positive thick film consented to participate. The 20-item Self-Reporting Questionnaire (SRQ-20) was used to measure CMD. The non-parametric Wilcoxon rank-sum test was used to explore the association between thick film result and CMD. RESULTS: Participants had a mean age of 28.2 (S.D = 10.9) years and the majority (57.3%) were women. The prevalence of high CMD symptoms (six or more symptoms on the SRQ-20) was 24.5%. Suicidal ideation was reported by 13.8% of the participants. CMD symptoms were significantly higher in patients who had taken medication prior to visiting the primary care (p = 0.012) and in those whose symptoms had been present for seven days or more (p = 0.041). There was no statistically significant association between level of CMD symptoms and having a negative thick film result (OR 0.98; 95%CI 0.92, 1.04) or objective presence of fever (OR 1.04; 95%CI 0.93, 1.15). CONCLUSIONS: CMD symptoms among cases of malaria did not appear to be associated with a negative thick film result. The high levels of CMD symptoms, including suicidal ideation, calls for further studies to investigate the persistence and progression of these symptoms following resolution of the acute malarial episode."
What is the name of the study that examined the association between lipid levels and personality traits in,"Abnormal lipid levels are important etiological factors associated with the development of atherosclerosis and with increased cardiovascular morbidity and mortality. Lipid levels are also influenced by lifestyle and behavioral factors, which suggests that personality traits might be related to abnormal lipid profiles. Studies on personality traits and lipid levels are relatively scarce in Korea. Therefore, the objective of this study was to examine the association between lipid levels and personality traits in young Korean women. A total of 1,701 young Korean women [mean age = 24.9+/-4.6 years (range 17-39)] who volunteered for personality trait evaluation were recruited for this study. Lipid levels, including total cholesterol, high density lipoprotein (HDL) cholesterol, and triglyceride, were measured in all subjects after an overnight fast, and a low density lipoprotein (LDL) cholesterol level was calculated. The study population was divided into abnormal and normal lipid level groups according to the clinical criteria. Personality traits were measured using the Revised NEO Personality Inventory for the Five-Factor Model of personality. High neuroticism was associated with low HDL cholesterol levels. Low extraversion and openness were associated with high levels of triglyceride. At the facet level, the association between personality and lipid levels were generally consistent. Angry hostility, self-consciousness, vulnerability to stress, activity, and straightforwardness were associated with HDL cholesterol levels. Activity, positive emotion, aesthetics, actions, and deliberation were associated with triglyceride. When applying clinical criteria, conscientiousness was less likely to have abnormal total cholesterol levels. Our results showed that the women with the low HDL cholesterol levels are like to be more neurotic and the hyperglycemic women are prone to lower extraversion and openness in Korea. Understanding the associations between blood lipid levels and personality traits may have a beneficial effect for the managing of dyslipidemia."
What is the name of the publication that published Nanoscience Advances in Rheumatology,Editorial: Nanoscience Advances in Rheumatology and Immunology.
What is the most common primary cutaneous lymphoma?,"Mycosis fungoides is the most common primary cutaneous lymphoma; however, it remains a significant diagnostic challenge, in part because of the overlap with several inflammatory dermatoses. Despite advances in immunohistochemistry and molecular diagnostics, false-positive, false-negative, and indeterminate diagnoses are not uncommon. In most cases, the overall balance of morphologic, immunophenotypic, and genetic features must be considered carefully because there are few sensitive and specific clues to the diagnosis. Moreover, an appropriate clinical presentation is essential to the diagnosis and helps to favor or exclude inflammatory/reactive processes. Herein, we discuss 3 important inflammatory dermatoses that may closely simulate mycosis fungoides, and we review the use of ancillary studies in these challenging cases."
What is the cause of Mitochondrial disturbances in HIV pregnancies?,Mitochondrial disturbances in HIV pregnancies.
What is the name of the Vaccine Coverage Pattern of Streptococcus,"Distribution of Serotypes, Vaccine Coverage, and Antimicrobial Susceptibility Pattern of Streptococcus Pneumoniae in Children Living in SAARC Countries: A Systematic Review."
What is the effect of PDGF-CC mediated by?,Vasoprotective effect of PDGF-CC mediated by HMOX1 rescues retinal degeneration.
What was PQ a racemic mixture?,"Primaquine (PQ) remains the sole available drug to prevent relapse of P. vivax malaria after more than 60 years. While administered as a racemic mixture, prior studies suggested a pharmacodynamic advantage based on differential anti-relapse activity and/or toxicities of its enantiomers. Oral primaquine enantiomers prepared using a novel easily scalable method were given for 7 days to healthy Rhesus macaques in dose-rising fashion to evaluate effects on the blood, liver and kidneys. The enantiomers were then administered to Plasmodium cynomolgi infected Rhesus at doses of 1.3 and 0.6 mg/kg/day in combination with chloroquine. The (-) PQ primaquine enantiomer had higher clearance and apparent volume of distribution compared to (+) PQ, and was more extensively converted to the carboxy metabolite. There evidence for differential oxidative stress with a concentration-dependent rise in methemoglobin with increasing doses of (+) PQ greater than that seen for (-) PQ. There was a marked, reversible hepatotoxicity in 2 of 3 animals dosed with (-) PQ at 4.5 mg/kg. (-) PQ, in combination with chloroquine was successful in preventing P. cynomolgi relapse at doses of 0.6 and 1.3 mg/kg, while 1 of 2 animals receiving (+) PQ at 0.6 mg/kg/d relapsed. While (-) PQ was also associated with hepatotoxicity at higher doses as seen previously, this has not been identified as clinical concern in humans over 60+ years of use. Limited evidence for increased MetHgb generation with the (+) form in the Rhesus model suggests it may be possible to improve the therapeutic window for hematologic toxicity in the clinic by separating primaquine into its enantiomers."
What is the function of large-scale brain systems presented?,"This article introduces the functional neuroanatomy of large-scale brain systems. Both the structure and functions of these brain networks are presented. All human behavior is the result of interactions within and between these brain systems. This system of brain function completely changes our understanding of how cognition and behavior are organized within the brain, replacing the traditional lesion model. Understanding behavior within the context of brain network interactions has profound implications for modifying abstract constructs such as attention, learning, and memory. These constructs also must be understood within the framework of a paradigm shift, which emphasizes ongoing interactions within a dynamically changing environment."
What is the Pharmacokinetics and Pharmacodynamics of (+) and (-),The Pharmacokinetics and Pharmacodynamics of (+) and (-) Primaquine Enantiomers in Rhesus macaques (Macaca mulatta).
What prevents the development of cardiomyopathy in type 2 diabetic mice?,Sulforaphane prevents the development of cardiomyopathy in type 2 diabetic mice probably by reversing oxidative stress-induced inhibition of LKB1/AMPK pathway.
What was the most proximate prescription prior to the index date?,"BACKGROUND: Some evidence suggests that proton pump inhibitors (PPIs) are an under-appreciated risk factor for hypomagnesemia. Whether hospitalization with hypomagnesemia is associated with use of PPIs is unknown. METHODS AND FINDINGS: We conducted a population-based case-control study of multiple health care databases in Ontario, Canada, from April 2002 to March 2012. Patients who were enrolled as cases were Ontarians aged 66 years or older hospitalized with hypomagnesemia. For each individual enrolled as a case, we identified up to four individuals as controls matched on age, sex, kidney disease, and use of various diuretic classes. Exposure to PPIs was categorized according to the most proximate prescription prior to the index date as current (within 90 days), recent (within 91 to 180 days), or remote (within 181 to 365 days). We used conditional logistic regression to estimate the odds ratio for the association of outpatient PPI use and hospitalization with hypomagnesemia. To test the specificity of our findings we examined use of histamine H2 receptor antagonists, drugs with no causal link to hypomagnesemia. We studied 366 patients hospitalized with hypomagnesemia and 1,464 matched controls. Current PPI use was associated with a 43% increased risk of hypomagnesemia (adjusted odds ratio, 1.43; 95% CI 1.06-1.93). In a stratified analysis, the risk was particularly increased among patients receiving diuretics, (adjusted odds ratio, 1.73; 95% CI 1.11-2.70) and not significant among patients not receiving diuretics (adjusted odds ratio, 1.25; 95% CI 0.81-1.91). We estimate that one excess hospitalization with hypomagnesemia will occur among 76,591 outpatients treated with a PPI for 90 days. Hospitalization with hypomagnesemia was not associated with the use of histamine H2 receptor antagonists (adjusted odds ratio 1.06; 95% CI 0.54-2.06). Limitations of this study include a lack of access to serum magnesium levels, uncertainty regarding diagnostic coding of hypomagnesemia, and generalizability of our findings to younger patients. CONCLUSIONS: PPIs are associated with a small increased risk of hospitalization with hypomagnesemia among patients also receiving diuretics. Physicians should be aware of this association, particularly for patients with hypomagnesemia. Please see later in the article for the Editors' Summary."
What is the name of the rpsL mutation that encodes the ribo,"The streptomycin counter-selection system is a useful tool for constructing unmarked in-frame gene deletions, which is a fundamental approach to study bacteria and their pathogenicity at the molecular level. A prerequisite for this system is acquiring a streptomycin-resistant strain due to rpsL mutations, which encodes the ribosomal protein S12. However, in this study no streptomycin resistance was found to be caused by rpsL mutations in all 127 clinical strains of Klebsiella pneumoniae isolated from liver abscess patients. By screening 107 spontaneous mutants of streptomycin resistance from a clinical strain of K. pneumoniae, nucleotide substitution or insertion located within the rpsL was detected in each of these strains. Thirteen different mutants with varied S12 proteins were obtained, including nine streptomycin-dependent mutants. The virulence of all four streptomycin-resistant mutants was further evaluated. Compared with the parental strain, the K42N, K42T and K87R mutants showed a reduction in growth rate, and the K42N and K42T mutants became susceptible to normal human serum. In the mice LD50 (the bacterial dose that caused 50% death) assay, the K42N and K42T mutants were approximately 1,000-fold less lethal ( approximately 2x105 CFU) and the K87R mutant was approximately 50-fold less lethal ( approximately 1x104 CFU) than the parental strain ( approximately 2x102 CFU). A K42R mutant showed non-observable effects on the above assays, while this mutant exhibited a small cost (P<0.01) in an in vitro growth competition experiment. In summary, most of the K. pneumoniae strains with streptomycin resistance caused by rpsL mutations are less virulent than their parental strain in the absence of streptomycin. The K42R mutant showed similar pathogenicity to its parental strain and should be one of the best choices when using rpsL as a counter-selection marker."
What was the most common type of isolates in human and meat?,"Abstract A study was conducted to determine the prevalence of Clostridium difficile and characterize C. difficile isolates from human stool and retail grocery meat samples. Human stool samples (n=317) were obtained from a clinical laboratory and meat samples (n=303) were collected from 8 retail grocery stores from October 2011 through September 2012 from Centre County of Pennsylvania and were examined for C. difficile. C. difficile was isolated from 16.7% of stool samples (n=317) and 6.9%, 11.5%, 14.5%, and 7.8% of beef (n=72), pork (n=78), turkey (n=76), and chicken (n=77) samples, respectively. Six different toxin gene profiles were detected in all human and meat isolates of C. difficile based on the presence or absence of toxin genes tcdA, tcdB, and cdtA and cdtB. Interestingly, 75.6% of the human C. difficile isolates lacked any deletion in the tcdC gene (139-bp), whereas a 39-bp deletion was observed in 61.3% of the C. difficile strains isolated from meat samples. C. difficile from meat samples were more susceptible to clindamycin, moxifloxacin, vancomycin, and metronidazole than C. difficile isolates from human samples. Twenty-five different ribotypes were identified in human and meat C. difficile isolates. In conclusion, significant genotypic and phenotypic differences were observed between human and meat isolates of C. difficile; however, a few C. difficile isolates from meat-in particular ribotypes 078, PA01, PA05, PA16, and PA22 with unique profiles (toxin gene, tcdC gene size and antimicrobial resistance profiles)-were similar to human C. difficile isolates."
What was the MTX-induced pneumonitis?,"A 61-year-old woman being treated with methotrexate (MTX) 8-10 mg/week and prednisolone 2.5 mg/day for rheumatoid arthritis presented with a 1-week history of increasing fever and dry cough. The patient deteriorated with administration of antibiotics. Chest CT scan showed bilateral diffuse ground-glass opacities. Analysis of bronchoalveolar lavage fluid (BALF) revealed marked neutrophilia (65.2% of total cells). The specimen from transbronchial lung biopsy showed a non-specific interstitial pneumonia pattern. Following withdrawal of the MTX, her pulmonary infiltration, clinical symptoms and laboratory findings gradually improved. Therefore, she was diagnosed as having MTX-induced pneumonitis. Lymphocytosis in BALF has been identified as a characteristic of MTX-induced pneumonitis, particularly in late onset of this disease. However, the BALF in our patient was neutrophilic. Although neutrophilia in BALF of patients with drug-induced pneumonitis is usually associated with poor outcome, rare cases of good outcome do exist."
What is soluble ST2?,"In addition to routine clinical laboratory tests (including natriuretic peptides and cardiac troponins), other biomarkers are gaining attention for their utility in heart failure (HF) management. Among them, soluble ST2 (sST2) a novel biomarker integrating inflammation, fibrosis, and cardiac stress has been included in the 2013 ACCF/AHA guideline for additive risk stratification of patients with acute and chronic HF. sST2 is an interleukin-1 (IL-1) receptor family member, is secreted into the circulation and functions as a ""decoy"" receptor for IL-33, inhibiting IL-33/ST2 signaling. Blood concentrations of sST2 are increased in various diseases such as inflammatory diseases and heart diseases and are considered a valuable prognostic marker in both conditions. sST2 lacks disease specificity and, therefore, is not a valuable marker for the diagnosis of HF. In acute and chronic HF, however, sST2 is strongly associated with measures of HF severity and poor outcome. Several studies in patients with HF indicate that serial measurement of sST2 has prognostic value and could have a potential role in future biomarker-directed therapy. In this review, the role of sST2 as a HF biomarker will be discussed, specifically addressing analytical considerations of measuring sST2 as well as the clinical applications of measurement of sST2 for the diagnosis, prognosis and monitoring of acute and chronic HF."
What is the brain's vertical organization described as fundamental to cognitive and behavioral control?,"This article reviews the vertical organization of the brain. The cortico-basal ganglia and the cerebro-cerebellar circuitry systems are described as fundamental to cognitive and behavioral control. The basal ganglia anticipate and guide implicitly learned behaviors on the basis of experienced reward outcomes. The cerebellar-cortical network anticipates sensorimotor outcomes, allowing behaviors to be adapted across changing settings and across contexts. These vertically organized systems, operating together, represent the underpinning of cognitive control. The medial temporal lobe system, and its development, is also reviewed in order to better understand how brain systems interact for both implicit and explicit cognitive control."
What is the primary prevention of CVD?,Primary prevention of CVD: diet.
What is the Glutamate Transporter EAAT1?,Investigating Substrate-induced Motion between the Scaffold and Transport Domains in the Glutamate Transporter EAAT1.
Multiple intestinal atresia with combined immune deficiency.,Multiple intestinal atresia with combined immune deficiency.
What was the LV ejection fraction of LV?,"BACKGROUND: Abnormal P-terminal force in V1 (PTFV1) is associated with an increased risk of heart failure, stroke, atrial fibrillation (AF) and death. OBJECTIVE: Our goal was to explore associations of left ventricular (LV) diffuse fibrosis with left atrium (LA) function and ECG measures of LA electrical activity. METHODS: AF-free patients (n=91, mean age 59.5, 61.5% men, 65.9% Caucasian) with structural heart disease (wide spatial QRS-T angle>/=105 degrees +/- Selvester QRS score>/=5 on ECG) but LV ejection fraction >35% underwent clinical evaluation, cardiac magnetic resonance and resting ECG. LA function indices were obtained by multimodality tissue tracking using 2 and 4-chamber long-axis images. T1 mapping and late gadolinium enhancement were used to assess diffuse LV fibrosis and presence of scar. P-prime in V1 amplitude (PPaV1) and duration (PPdV1), averaged P-duration, PR interval and P-axis were automatically measured using 12SL TM algorithm. PTFV1 was calculated as product of PPaV1 by PPdV1. RESULTS: In linear regression after adjustment for demographic, body mass index, LA volumemax index, presence of scar and LV mass index, each decile increase in LV interstitial fibrosis was associated with 0.76mV*ms increase in negative abnormal PTFV1 [(95%CI -1.42 to -0.09), P=0.025], 15.3ms prolongation in PPdV1 [(95%CI 6.9 to 23.8), P=0.001], and 5.4ms widening in averaged P-duration [(95%CI 0.9 to10.0), P=0.020]. LV fibrosis did not affect LA function. PPaV1 and PTFV1 were associated with an increase in LA volumes, decrease in LAEF and LA reservoir function. CONCLUSION: LV interstitial fibrosis is associated with abnormal PTFV1, prolonged PPdV1 and P-duration, but does not affect LA function."
What is the formation of the zebrafish muscle segments?,Chevron formation of the zebrafish muscle segments.
What is the name of the Phospholipase A2 Receptor Auto,M-type Phospholipase A2 Receptor Autoantibodies and Renal Function in Patients with Primary Membranous Nephropathy.
How many studies were included in the systematic review?,"The aim of this systematic review was to summarise evidence on the effects of job rotation on musculoskeletal complaints, exposures related to musculoskeletal complaints and sustainable working life parameters. A total of 16 studies were included. No studies on sustainable working life parameters were found. The quality of the studies was assessed using a checklist; eight field studies and three laboratory studies of sufficient quality were used to summarise the following evidence: one field study showed positive results and one field study showed negative results for musculoskeletal complaints, two field studies showed positive results and two field studies showed inconsistent results for exposures, and two field studies showed inconsistent results for musculoskeletal complaints and exposures. Two laboratory studies showed inconsistent results and one laboratory study showed no changes for exposures. In conclusion, there is currently inconsistent evidence for positive or negative effects of job rotation on musculoskeletal complaints and exposures related to musculoskeletal complaints. Practitioner's Summary: Currently, there is inconsistent evidence for recommending job rotation as a strategy for preventing musculoskeletal complaints. Exposures from all involved work activities and body regions should be identified and assessed first, to determine if job rotation provides increased exposure variation and/or beneficial changes in mean exposures related to musculoskeletal complaints."
What was the primary outcome of the trial?,"BACKGROUND: Fatigue is one of many unintended consequences of shift work in the nursing profession. Natural health products (NHPs) for fatigue are becoming an increasingly popular topic of clinical study; one such NHP is Rhodiola rosea. A well-designed, rigorously conducted randomized controlled trial is required before therapeutic claims for this product can be made. OBJECTIVE: To compare the efficacy of R. rosea with placebo for reducing fatigue in nursing students on shift work. DESIGN: A parallel-group randomized, double-blinded, placebo-controlled trial of 18-55 year old students from the Faculty of Nursing from the University of Alberta, participating in clinical rotations between January 2011 and September 2011. INTERVENTIONS: Participants were randomized to take 364 mg of either R. rosea or identical placebo at the start of their wakeful period and up to one additional capsule within the following four hours on a daily basis over a 42-day period. OUTCOMES: The primary outcome was reduction in fatigue over the 42-day trial period measured using the Vitality-subscale of the RAND-36, cross-validated by the visual analogue scale for fatigue (VAS-F). Secondary outcomes included health-related quality of life, individualized outcomes assessment, and adverse events. RESULTS: A total of 48 participants were randomized to R. rosea (n = 24) or placebo (n = 24). The mean change in scores on the Vitality-subscale was significantly different between the study groups at day 42 in favor of placebo (-17.3 (95% CI -30.6, -3.9), p = 0.011), The mean change in scores on the VAS-F was also significantly difference between study groups at day 42 in favour of placebo (1.9 (95% CI 0.4, 3.5), p = 0.015). Total number of adverse events did not differ between R. rosea and placebo groups. CONCLUSION: This study indicates that among nursing students on shift work, a 42-day course of R. Rosea compared with placebo worsened fatigue; however, the results should be interpreted with caution. TRIAL REGISTRATION: Clinicaltrials.gov NCT01278992."
What is the phenotype of LAP+ Tregs?,"Latency-associated peptide (LAP) - expressing regulatory T cells (Tregs) are important for immunological self-tolerance and immune homeostasis. In order to investigate the role of LAP in human CD4+Foxp3+ Tregs, we designed a cross-sectional study that involved 42 colorectal cancer (CRC) patients. The phenotypes, cytokine-release patterns, and suppressive ability of Tregs isolated from peripheral blood and tumor tissues were analyzed. We found that the population of LAP-positive CD4+Foxp3+ Tregs significantly increased in peripheral blood and cancer tissues of CRC patients as compared to that in the peripheral blood and tissues of healthy subjects. Both LAP+ and LAP- Tregs had a similar effector/memory phenotype. However, LAP+ Tregs expressed more effector molecules, including tumor necrosis factor receptor II, granzyme B, perforin, Ki67, and CCR5, than their LAP- negative counterparts. The in vitro immunosuppressive activity of LAP+ Tregs, exerted via a transforming growth factor-beta-mediated mechanism, was more potent than that of LAP- Tregs. Furthermore, the enrichment of LAP+ Treg population in peripheral blood mononuclear cells (PBMCs) of CRC patients correlated with cancer metastases. In conclusion, we found that LAP+ Foxp3+ CD4+ Treg cells represented an activated subgroup of Tregs having more potent regulatory activity in CRC patients. The increased frequency of LAP+ Tregs in PBMCs of CRC patients suggests their potential role in controlling immune response to cancer and presents LAP as a marker of tumor-specific Tregs in CRC patients."
What was the name of the Chinese inpatients?,Comparison of Chinese inpatients with different types of medical insurance before and after the 2009 healthcare reform.
What was the topic of this session?,"This session, ""Emerging Drug Problems in Asia,"" focused on emerging drug problems in Asia. Dr. Juana Tomas-Rossello discussed ""East and Southeast Asia: Emerging Drug Problems and Response"" and Dr. Wei J. Chen discussed ""Ketamine Use among Regular Tobacco and Alcohol Users as Revealed by Respondent Driven Sampling in Taipei: Prevalence, Expectancy, and Users' Risky Decision Making."""
What is the effect of Green Tea Consumption on cognitive Dysfunction in the Elderly,Green Tea Consumption Affects Cognitive Dysfunction in the Elderly: A Pilot Study.
What is CTLA4-Ig used in clinical trials?,"BACKGROUND: CTLA-4 immunoglobulin fusion proteins (CTLA4-Ig) suppress immune reactions by blocking the T-cell costimulatory CD28-CD80-86 pathway and are used in clinical trials for diseases featuring exaggerated T-cell reactivity including autoimmune diseases and allograft rejection. However, because CTLA4-Ig has been suspected to interfere with T regulatory (Treg) cell homeostasis and function, recently, substantial concerns on CTLA4-Ig's potentially antitolerogenic effects have been raised. METHODS: We tested immunoregulatory CTLA4-Ig explicitly for its effect on Treg cell numbers, frequencies and function in an in vitro murine major histocompatibility complex mismatched setting using C57BL/6 bone marrow-derived dendritic cells as stimulators of allogeneic Balb/c Foxp3 T cells, which allowed for tracing Treg cells in a straightforward fashion. RESULTS: The presence of CTLA4-Ig in mixed leukocyte reactions-while dampening the global proliferative response of allostimulated Balb/c T cells-resulted in a relative increase of the frequency of thymus-derived CD4CD25Foxp3 Treg cells with intact suppressive activity. This relative increase was caused by a selective inhibitory effect of CTLA4-Ig on proliferating conventional T cells, whereas the proliferative capacity of Treg cells in cell cultures remained unaffected. Additionally, in the presence of CTLA4-Ig, the frequency of apoptosis was decreased in these cells. CONCLUSION: Our findings unequivocally demonstrate that CTLA4-Ig does not negatively affect Treg cell frequencies and function in vitro."
What is Caenorhabditis elegans?,Caenorhabditis elegans: A Simple Nematode Infection Model for Penicillium marneffei.
What is the study of Combined and Sequential Surgery for Proliferative Diabetic,Comparison of Combined and Sequential Surgery for Proliferative Diabetic Retinopathy: A Single Surgeon Study.
What is the contribution of psychosocial factors to the Association between Socioeconomic position and Takeaway,Contribution of Psychosocial Factors to the Association between Socioeconomic Position and Takeaway Food Consumption.
What is the chromosomal Pss-I cluster?,"Production of extracellular polysaccharides is a complex process engaging proteins localized in different subcellular compartments, yet communicating with each other or even directly interacting in multicomponent complexes. Proteins involved in polymerization and transport of exopolysaccharide (EPS) in Rhizobium leguminosarum are encoded within the chromosomal Pss-I cluster. However, genes implicated in polysaccharide synthesis are common in rhizobia, with several homologues of pss genes identified in other regions of the R. leguminosarum genome. One such region is chromosomally located Pss-II encoding proteins homologous to known components of the Wzx/Wzy-dependent polysaccharide synthesis and transport systems. The pssP2 gene encodes a protein similar to polysaccharide co-polymerases involved in determination of the length of polysaccharide chains in capsule and O-antigen biosynthesis. In this work, a mutant with a disrupted pssP2 gene was constructed and its capabilities to produce EPS and enter into a symbiotic relationship with clover were studied. The pssP2 mutant, while not altered in lipopolysaccharide (LPS), displayed changes in molecular mass distribution profile of EPS. Lack of the full-length PssP2 protein resulted in a reduction of high molecular weight EPS, yet polymerized to a longer length than in the RtTA1 wild type. The mutant strain was also more efficient in symbiotic performance. The functional interrelation between PssP2 and proteins encoded within the Pss-I region was further supported by data from bacterial two-hybrid assays providing evidence for PssP2 interactions with PssT polymerase, as well as glycosyltransferase PssC. A possible role for PssP2 in a complex involved in EPS chain-length determination is discussed."
What is the metabolic factor that is a vasoconstrictor peptid,"BACKGROUND: Modest elevations in plasma low-density lipoprotein (LDL)-cholesterol have been shown to confer a significant increase in cardiovascular risk. Endothelin (ET)-1 is a vasoconstrictor peptide with proatherogenic properties. The experimental aim of this study was to determine whether ET-1 system activity is elevated in adults with borderline high LDL-cholesterol, independent of other cardiometabolic abnormalities. METHODS: Forearm blood flow (FBF; plethysmography) responses to intra-arterial infusion of ET-1, selective ETA receptor blockade (BQ-123), and non-selective ETA/B blockade (BQ-123 + BQ-788) were determined in 40 middle-aged and older adults (45-70 years): 20 with optimal/near optimal LDL-cholesterol (<3.4 mmol/L) and 20 with borderline-high LDL-cholesterol (3.4-4.1 mmol/L). RESULTS: Both groups demonstrated a similar, non-significant (~10%) reduction in FBF to ET-1. BQ-123 and BQ-123+788 elicited a modest, but significant, increase in FBF (~15-20%) in each group. However, there were no group differences in the FBF responses to either selective ETA or non-selective ETA/B receptor antagonism. CONCLUSION: Borderline-high LDL-C is not associated with increased ET-1 mediated vasoconstrictor tone. Disrupted ET-1 system activity may not contribute to the increased cardiovascular risk burden with borderline-high LDL-cholesterol."
What is the main predictor of disease-related outcome in IBD patients?,"BACKGROUND AND AIMS: Mucosal healing is an important predictor of disease-related outcome in patients with inflammatory bowel disease (IBD) patients, including those in clinical remission. However, colonoscopy is an invasive procedure and many patients decline repeated endoscopic examinations. We aimed to assess whether noninvasive biomarkers could accurately detect endoscopic mucosal inflammatory activity in IBD patients in clinical remission. METHODS: We conducted a prospective observational cohort study on IBD patients in clinical remission at Colentina Hospital, Bucharest. Clinical activity was assessed using the Mayo score and Crohn's Disease Activity Index (CDAI), quality of life was assessed using the Short Inflammatory Bowel Disease Questionnaire (SIBDQ). Serum C-reactive protein (CRP) and fecal calprotectin (FC) levels were determined. All patients underwent ileo-colonoscopy to assess mucosal inflammatory activity. RESULTS: 48 patients were included in this study, with 67% showing endoscopic disease activity. SIBD questionnaire and FC performed well as noninvasive markers of intestinal inflammation (AUROC 0.78 and 0.77, respectively), while CRP could not accurately predict endoscopic disease activity. Fecal calprotectin levels > 30 microg/g showed a 93% sensitivity and a 50% specificity for detecting inflammatory changes of the mucosa while a combined test using FC > 30microg/g and a SIBDQ score < 6 achieved 81.2% sensitivity and 75% specificity, respectively, in detecting active endoscopic disease. CONCLUSION: Fecal calprotectin and SIBDQ have good diagnostic accuracy in detecting mucosal inflammatory changes in IBD patients in clinical remission. Combining simple, noninvasive tests such as the SIBDQ and FC levels appears to be a practical method for monitoring disease activity in these patients, possibly reducing the need for repeat endoscopic examinations."
What is the effect of oralally administered beta-glucan on Innate Immune Response,"The Effects of Orally Administered Beta-Glucan on Innate Immune Responses in Humans, a Randomized Open-Label Intervention Pilot-Study."
What is the name of the brain tumour that is BRAF alterations in?,BRAF alterations in brain tumours: molecular pathology and therapeutic opportunities.
What is the role of IL-27 in antiviral immunity?,"The pathogenesis of complex diseases, such as type 1 diabetes (T1D), derives from interactions between host genetics and environmental factors. Previous studies have suggested that viral infection plays a significant role in initiation of T1D in genetically predisposed individuals. T1D susceptibility loci may therefore be enriched in previously uncharacterized genes functioning in antiviral defense pathways. To identify genes involved in antiviral immunity, we performed an image-based high-throughput genetic screen using short hairpin RNAs (shRNAs) against 161 genes within T1D susceptibility loci. RAW 264.7 cells transduced with shRNAs were infected with GFP-expressing herpes simplex virus type 1 (HSV-1) and fluorescent microscopy was performed to assess the viral infectivity by fluorescence reporter activity. Of the 14 candidates identified with high confidence, two candidates were selected for further investigation, Il27 and Tagap. Administration of recombinant IL-27 during viral infection was found to act synergistically with interferon gamma (IFN-gamma) to activate expression of type I IFNs and proinflammatory cytokines, and to enhance the activities of interferon regulatory factor 3 (IRF3). Consistent with a role in antiviral immunity, Tagap-deficient macrophages demonstrated increased viral replication, reduced expression of proinflammatory chemokines and cytokines, and decreased production of IFN-beta. Taken together, our unbiased loss-of-function genetic screen identifies genes that play a role in host antiviral immunity and delineates roles for IL-27 and Tagap in the production of antiviral cytokines."
What is the cellular receptor for CpG-ODN in mammalian cells,"CpG-oligodeoxynucleotides (CpG-ODN) are potent immune stimuli being developed for use as adjuvants in different species. Toll-like receptor 9 (TLR9) is the cellular receptor for CpG-ODN in mammalian cells. The CpG-ODN with 18-24 deoxynucleotides that are in current use for human and mouse cells, however, have low activity with rabbit TLR9. Using a cell-based activation assay, we developed a type of CpG-ODN containing a GACGTT or AACGTT motif in 12 phosphorothioate-modified deoxynucleotides with potent stimulatory activity for rabbit TLR9. The developed CpG-ODN have higher activities than other developed CpG-ODN in eliciting antigen-nonspecific immune responses in rabbit splenocytes. When mixed with an NJ85 peptide derived from rabbit hemorrhagic disease virus, they had potent activities to boost an antigen-specific T cell activation and antibody production in rabbits. Compared to Freund's adjuvant, the developed CpG-ODN are capable of boosting a potent and less toxic antibody response. The results of this study suggest that both the choice of CpG-motif and its length are important factors for CpG-ODN to effectively activate rabbit TLR9 mediated immune responses."
What is the most common serotype in SAARC countries?,"INTRODUCTION: Each SAARC nation falls in the zone of high incidence of pneumococcal disease but there is a paucity of literature estimating the burden of pneumococcal disease in this region. OBJECTIVE: To identify the prevalent serotypes causing invasive pneumococcal disease in children of SAARC countries, to determine the coverage of these serotypes by the available vaccines, and to determine the antibiotic resistance pattern of Streptococcus pneumoniae. METHODS: We searched major electronic databases using a comprehensive search strategy, and additionally searched the bibliography of the included studies and retrieved articles till July 2014. Both community and hospital based observational studies which included children aged </=12 years as/or part of the studied population in SAARC countries were included. RESULTS: A total of 17 studies were included in the final analysis. The period of surveillance varied from 12-96 months (median, 24 months). The most common serotypes country-wise were as follows: serotype 1 in Nepal; serotype 14 in Bangladesh and India; serotype 19F in Sri Lanka and Pakistan. PCV-10 was found to be suitable for countries like India, Nepal, Bangladesh, and Sri Lanka, whereas PCV-13 may be more suitable for Pakistan. An increasing trend of non-susceptibility to antibiotics was noted for co-trimoxazole, erythromycin and chloramphenicol, whereas an increasing trend of susceptibility was noted for penicillin. CONCLUSION: Due to paucity of recent data in majority of the SAARC countries, urgent large size prospective studies are needed to formulate recommendations for specific pneumococcal vaccine introduction and usage of antimicrobial agents in these regions."
What is galectin-3 used as a prognostic biomarker in heart,Utility of galectin-3 as a prognostic biomarker in heart failure: where do we stand?
What is the potential mediator of the relationship between exercise and depressive symptoms?,Markers of stress and inflammation as potential mediators of the relationship between exercise and depressive symptoms: Findings from the TRAILS study.
What is the Glycogene Mutation Map?,A Glycogene Mutation Map (GlyMAP) for Discovery of Diseases of Glycosylation.
What is the name of the CD4 that is a small/medium T-C,Controversies and Considerations in the Diagnosis of Primary Cutaneous CD4 Small/Medium T-Cell Lymphoma.
What is the name of the brain system that is large-scale?,Large-Scale Brain Systems and Subcortical Relationships: Practical Applications.
What is ankle contracture after Stroke due to abnormal intermuscular force transmission,Is Ankle Contracture After Stroke Due to Abnormal Intermuscular Force Transmission?
What does Impaired Fasting Glucose and Impaired Glucose,Impaired Fasting Glucose and Impaired Glucose Tolerance Do Not Predict Hypertension: A Community Cohort Study.
What is the name of the three-dimensional finite element fluid-structure interaction model of the,"Spinal cord injury (SCI) can induce prolonged spinal cord compression that may result in a reduction of local tissue perfusion, progressive ischemia, and potentially irreversible tissue necrosis. Due to the combination of risk factors and the varied presentation of symptoms, the appropriate method and time course for clinical intervention following SCI are not always evident. In this study, a three-dimensional finite element fluid-structure interaction model of the cervical spinal cord was developed to examine how traditionally sub-clinical compressive mechanical loads impact spinal arterial blood flow. The spinal cord and surrounding dura mater were modeled as linear elastic, isotropic, and incompressible solids, while blood was modeled as a single-phased, incompressible Newtonian fluid. Simulation results indicate that anterior, posterior, and anteroposterior compressions of the cervical spinal cord have significantly different ischemic potentials, with prediction that the posterior component of loading elevates patient risk due to the concomitant reduction of blood flow in the arterial branches. Conversely, anterior loading compromises flow through the anterior spinal artery but minimally impacts branch flow rates. The findings of this study provide novel insight into how sub-clinical spinal cord compression could give rise to certain disease states, and suggest a need to monitor spinal artery perfusion following even mild compressive loading."
What is the genetic control of Gene Expression in Primary Immunocytes?,Variation and Genetic Control of Gene Expression in Primary Immunocytes across Inbred Mouse Strains.
What type of patients were in Malaysia?,Genotyping of the Duffy Blood Group among Plasmodium knowlesi-Infected Patients in Malaysia.
What are the benefits of PA and CRF in the prevention of CV disease and risk factors?,"Physical activity (PA) and cardiorespiratory fitness (CRF) both have inverse relationships to cardiovascular (CV) morbidity and mortality. Recent position papers and guidelines have identified the important role of both of these factors in CV health. The benefits of PA and CRF in the prevention of CV disease and risk factors are reviewed. In addition, assessment methodology and utilization in the research and clinical arenas are discussed. Finally, the benefits, methodology, and utilization are compared and contrasted to better understand the two (partly) distinct components and their impact on CV health."
How many patients were treated with ATL?,"Interleukin-2 receptor alpha chain (CD25) is overexpressed in human T-cell leukemia virus 1 associated adult T-cell leukemia/lymphoma (ATL). Daclizumab a humanized monoclonal antibody blocks IL-2 binding by recognizing the interleukin-2 receptor alpha chain (CD25). We conducted a phase I/II trial of daclizumab in 34 patients with ATL. Saturation of surface CD25 on circulating ATL cells was achieved at all doses; however saturation on ATL cells in lymph nodes required 8mg/kg. Up to 8mg/kg of daclizumab administered every 3weeks was well tolerated. No responses were observed in 18 patients with acute or lymphoma ATL; however, 6 partial responses were observed in 16 chronic and smoldering ATL patients. The pharmacokinetics/pharmacodynamics of daclizumab suggest that high-dose daclizumab would be more effective than low-dose daclizumab in treatment of lymphoid malignancies and autoimmune diseases (e.g., multiple sclerosis) since high-dose daclizumab is required to saturate IL-2R alpha in extravascular sites."
What is the RE-AIM framework?,Disseminating hypnosis to health care settings: Applying the RE-AIM framework.
What is the potential for a controlled study?,Interferon alfa-associated depression in patients with Behcet's syndrome: a prospective controlled study.
What was the incidence of CVD events?,"BACKGROUND: Our aim was to assess whether electrocardiographic left ventricular hypertrophy (ECG-LVH) is associated with a higher risk of cardiovascular disease (CVD) events, independent of 24-hour blood pressure (BP) and circulating levels of norepinephrine and hemostatic factors. METHODS: In 514 older hypertensive patients (mean age 72.3 years; 37% men), we assessed ambulatory BP values, circulating levels of norepinephrine and hemostatic factors (plasma fibrinogen, prothrombin fragment 1+2 (F1+2), von Willebrand factor (vWF), and plasminogen activator inhibitor-1 (PAI-1)), and the presence or absence of ECG-LVH (Sokolow-Lyon voltage >/= 3.5 mV). The incidence of CVD events (i.e., myocardial infarction and stroke) was prospectively ascertained. RESULTS: During an average 41 months of follow-up (1,751 person-years), 43 stroke and 3 myocardial infarction events occurred. At baseline, patients with ECG-LVH had higher mean 24-hour BP (148.8/83.8mm Hg vs. 135.7/77.2mm Hg) and circulating norepinephrine levels (404.6 pg/ml vs. 336.3 pg/ml) compared to those without ECG-LVH; the differences remained unchanged after adjustment for age, gender, smoking status, presence of diabetes, and antihypertensive medication uses at follow-up time (all P < 0.01). Cox proportional hazards models suggested that the hazard ratio (HR; 95% confidence interval (CI)) of CVD events for those with ECG-LVH was 4.4 (2.3-8.2), and the association between ECG-LVH and incident CVD events remained significant after adjustment for high 24-hour BP (>/=130/80mm Hg), nocturnal SBP, circulating norepinephrine and fibrinogen levels (HRs, 3.5-4.2, all P < 0.001). CONCLUSIONS: In older hypertensive patients, ECG-LVH was associated with a higher risk of CVD events, independent of ambulatory BP parameters and circulating norepinephrine and fibrinogen levels."
What is the follicular fluid produced during folliculogenesis?,"The follicular fluid (FF) is produced during folliculogenesis and contains a variety of proteins that play important roles in follicle development and oocyte maturation. Age-related infertility is usually considered as a problem that can be solved by assisted reproduction technology. Therefore, the identi fi cation of novel biomarkers that are linked to reproductive aging is the subject of this study. FF was obtained from healthy younger (20-32 years old) and older (38-42 years old) women undergoing intracytoplasmic sperm injection (ICSI) due to male factor infertility. The FF was analyzed by two-dimensional gel electrophoresis (2-DE). The power of two-dimensional gel electrophoresis and the identi fi cation of proteins were exploited using matrix-assisted laser desorption-ionization time-of-flight/time-of-flight (MALDI-TOF-TOF) mass spectrometry. Twenty three protein spots showed reproducible and significant changes in the aged compared to the young group. Of these, 19 protein spots could be identified using MALDI-TOF-TOF-MS. As a result of MASCOT search, five unique downregulated proteins were identified in the older group. These were identified as serotransferrin, hemopexin precursor, complement C3, C4 and kininogen. A number of protein markers were found that may help develop diagnostic methods of infertility."
What was the average age of the IWT subjects?,"Due to the reduced physical activity of patients who have undergone total hip arthroplasty (THA), there are no home-based exercise training regimens for preventing muscle atrophy and aerobic capacity impairment in these patients. We examined whether interval walking training (IWT) could prevented these issues. Twenty-eight female patients ( approximately 60 years of age) who had undergone THA more than 2 months prior were randomly divided into IWT (n = 14) and control (CNT, n = 14) groups. The IWT subjects trained at a target of 60 min of fast walking at >70% peak aerobic capacity for walking ([Formula: see text]O2peak) per wk for 12 wk, while those in the CNT maintained their previous sedentary life during the same period. We measured the energy expenditure of the daily physical activity, except during sleeping and bathing, every minute and every day during the intervention. We also measured the isometric knee extension (FEXT) and flexion (FFLX) forces, [Formula: see text]O2peak, and anaerobic threshold during the graded cycling exercise ([Formula: see text]O2AT) before and after the intervention. All subjects, except for one in IWT, completed the protocol. FFLX increased by 23% on the operated side (P = 0.003) and 14% on the non-operated side of IWT (P = 0.006), while it only increased on the operated side of CNT (P = 0.03). The [Formula: see text]O2peak and [Formula: see text]O2AT in IWT increased by 8% (P = 0.08) and 13% (P = 0.002), respectively, and these changes were significantly higher in the IWT than in CNT group (both, P<0.05). In conclusion, IWT might be an effective home-based training regimen for preventing the muscle atrophy from reduced daily physical activity in THA patients. TRIAL REGISTRATION: UMIN-CTR UMIN000013172."
What is the antimicrobial peptide LL-37?,Favorable interleukin-8 induction in human gingival epithelial cells by the antimicrobial peptide LL-37.
What is the treatment that helps with Mycoplasma pneumoniae infections?,Mycoplasma pneumoniae infections - Does treatment help?
What is the pathophysiological and clinical approach to cirrhotic cardiomyopathy,Pathophysiological and clinical approach to cirrhotic cardiomyopathy.
What was the purpose of the study?,"BACKGROUND:: The purpose of this study was to build prognostic models capable of estimating the outcomes of individual sorafenib-treated advanced stage hepatocellular carcinoma (HCC) patients based on specific patient and tumor factors. METHODS:: A parametric model for time-to-event data was used to construct scoring systems based on the intent-to-treat data set from 480 sorafenib-treated patients with advanced stage HCC: 356 for derivation and 124 for validation. Clinical parameters included in the models were based on importance variable scores generated by a random forest approach and bootstrap resampling. The model's accuracy was internally and externally assessed using the time-dependent C-index of discrimination and a Hosmer-Lemeshow type test for calibration. RESULTS:: The models generated for time-to-progression and overall survival based on Child-Pugh score, serum alpha-fetoprotein, tumor morphology, and vascular invasion and/or extrahepatic involvement had good calibration and discrimination abilities, with C-indexes of 0.669 (3 mo progression) and 0.809 (6 mo survival), respectively. External validation results also showed that these models performed well in terms of goodness-of-fit and discrimination (C-index: 0.746 for 3 mo progression and 0.875 for 6 mo survival). Receiver operating characteristic curve analysis in the validation patients indicated that these models have better predictive power than Child-Pugh scores (C-index: 0.686 for 3 mo progression and 0.777 for 6 mo survival). CONCLUSIONS:: The prognostic tools developed to quantify the potential outcomes for progression and survival expected from sorafenib treatment can serve as useful clinical aids in personalized decision making regarding treatment in advanced stage HCC patients."
What is BMS-791325 a candidate for?,"BMS-791325 is a Hepatitis C virus (HCV) inhibitor binding to the thumb domain of the NS5B RNA-dependent RNA polymerase. BMS-791325 is well characterized in genotype (GT) 1 and exhibits good inhibitory activity (EC50 < 10 nM) against hybrid replicons containing patient NS5B sequences from GT3a, 4a, and 5a while potency against GT2 is significantly reduced (l). BMS-791325 potency against GT6a hybrid replicons is more variable, with two of three hybrid clones having EC50 values similar to GT1 while a third patient clone was approximately 10 times less susceptible to BMS-791325. To characterize the resistance profile of BMS-791325 beyond GT1, curing studies were performed across GT1a, 3a-6a and demonstrated that GT1a has the highest resistance barrier versus BMS-791325 while GT6a has the lowest. Selection of GT3-6 NS5B chimeric replicon cells at different concentrations of BMS-791325 revealed substitutions in the thumb domain of NS5B at residues 494 and 495 that conferred different levels of resistance to BMS-791325 but remained susceptible to NS5A or NS3 protease inhibitors. In addition, we demonstrate the reduced potency of BMS-791325 against one GT6a patient is due to an A494 polymorphism present in approximately 21% of sequences in the European HCV database. The results from this report suggest that BMS-791325 is a candidate for combination treatment of HCV GT3-6 chronic infections and the resistance profiles identified will provide useful information for future clinical development."
What is the primary prerequisite for biological activity in this family of compounds?,"An increasing number of pathologies have been linked to Toll-like Receptor 4 (TLR4) activation and signaling. New hit and lead compounds that target the TLR4 activation process are urgently needed. We report on the synthesis and biological properties of protonatable glycolipids based on glucose and trehalose scaffolds. Some of these compounds potently inhibit TLR4 activation and signaling in cells transfected with human and mouse variants of TLR4, MD-2 and CD14 receptors and are active in inhibiting TLR4-dependent cytokine production in vivo. Structure-activity relationship studies indicate that the presence of fatty ester chains in the molecule is a primary prerequisite for biological activity in this family of compounds and points to facial amphiphilicity as a preferred architecture for TLR4 antagonist design. Experimental data also support that single molecules, and not micellar aggregates, are the active species. Because the cationic glycolipids here presented exhibit negligible toxicity at their active concentrations, they can be considered as new lead compounds for the development of drugs targeting TLR4 activation and signaling in infectious, inflammatory and autoimmune diseases. Interestingly, the biological activity of the best drug candidate was retained after adsorption at the surface of colloidal gold nanoparticles, broadening the options for clinical development."
What is the name of the Virus that is a Respiratory Syncytial,"Respiratory Syncytial Virus: Pathology, therapeutic drugs and prophylaxis."
What is the effect of hormone therapy on blood pressure?,Effects of hormone therapy on blood pressure.
"What is the role of Point-of-care testing in communities, home settings and primary healthcare","Point-of-care (POC) testing in communities, home settings and primary healthcare centers plays an important role in cutting delays in HIV diagnosis and in the uptake of voluntary testing and counseling. Qualitative research methods have important potential to overcome the current challenges in expanding HIV POC testing programs and strategies, by examining the diagnostic processes, complex inter-relationships and patterns involved in making POC diagnostics work in real-world settings. This article reviews existing qualitative studies on POC testing strategies and programs for HIV. Qualitative research on POC diagnostics around the uptake of POC tests, the actual diagnostic and testing processes involved, the influence of POC tests on clinical decision-making, communication of decisions and decisions exercised by patients are limited. Equally limited are studies that explore adaptation of POC programs to various socio-cultural contexts. More qualitative research is needed to inform test developers, funders and policymakers."
What is the name of the protocol for the Quantitative Detection of Normalized,Development and Validation of a Harmonized TaqMan-Based Triplex Real-Time RT-PCR Protocol for the Quantitative Detection of Normalized Gene Expression Profiles of Seven Porcine Cytokines.
What is the effect of Virtual Speaker Density and Room Reverberation on Spati,Effects of Virtual Speaker Density and Room Reverberation on Spatiotemporal Thresholds of Audio-Visual Motion Coherence.
What is the name of the Veteran Sample?,"Residual Injury, Appearance-Related Concerns, Symptoms of Post-Traumatic Stress Disorder, and Depression Within a Treatment-Seeking Veteran Sample."
What is the molecular basis of enhanced cell killing?,"To better understand the molecular basis of the enhanced cell killing effected by the combined modality of paclitaxel and 212Pb-trastuzumab (Pac/212Pb-trastuzumab), gene expression in LS-174T i.p. xenografts was investigated 24 h after treatment. Employing a real time quantitative PCR array (qRT-PCR array), 84 DNA damage response genes were quantified. Differentially expressed genes following therapy with Pac/212Pb-trastuzumab included those involved in apoptosis (BRCA1, CIDEA, GADD45alpha, GADD45gamma, GML, IP6K3, PCBP4, PPP1R15A, RAD21, and p73), cell cycle (BRCA1, CHK1, CHK2, GADD45alpha, GML, GTSE1, NBN, PCBP4, PPP1R15A, RAD9A, and SESN1), and damaged DNA repair (ATRX, BTG2, EXO1, FEN1, IGHMBP2, OGG1, MSH2, MUTYH, NBN, PRKDC, RAD21, and p73). This report demonstrates that the increased stressful growth arrest conditions induced by the Pac/212Pb-trastuzumab treatment suppresses cell proliferation through the regulation of genes which are involved in apoptosis and damaged DNA repair including single and double strand DNA breaks. Furthermore, the study demonstrates that 212Pb-trastuzumab potentiation of cell killing efficacy results from the perturbation of genes related to the mitotic spindle checkpoint and BASC (BRCA1-associated genome surveillance complex), suggesting cross-talk between DNA damage repair and the spindle damage response."
What is the effect of the calcium channel blockers Phalphabeta and omega-,Effects of the calcium channel blockers Phalphabeta and omega-conotoxin MVIIA on capsaicin and acetic acid-induced visceral nociception in mice.
What was the average age of a person in Brisbane?,"OBJECTIVE: To examine whether psychosocial factors mediate (explain) the association between socioeconomic position and takeaway food consumption. DESIGN: A cross-sectional postal survey conducted in 2009. SETTING: Participants reported their usual consumption of 22 takeaway food items, and these were grouped into a ""healthy"" and ""less healthy"" index based on each items' nutritional properties. Principal Components Analysis was used to derive three psychosocial scales that measured beliefs about the relationship between diet and health (alpha = 0.73), and perceptions about the value (alpha = 0.79) and pleasure (alpha = 0.61) of takeaway food. A nutrition knowledge index was also used. Socioeconomic position was measured by highest attained education level. SUBJECTS: Randomly selected adults (n = 1,500) aged between 25-64 years in Brisbane, Australia (response rate = 63.7%, N = 903). RESULTS: Compared with those with a bachelor degree or higher, participants with a diploma level of education were more likely to consume ""healthy"" takeaway food (p = 0.023) whereas the least educated (high school only) were more likely to consume ""less healthy"" choices (p = 0.002). The least educated were less likely to believe in a relationship between diet and health (p<0.001), and more likely to have lower nutritional knowledge compared with their highly educated counterparts (p<0.001). Education differences in beliefs about the relationship between diet and health partly and significantly mediated the association between education and ""healthy"" takeaway food consumption. Diet- and health-related beliefs and nutritional knowledge partly and significantly mediated the education differences in ""less healthy"" takeaway food consumption. CONCLUSIONS: Interventions that target beliefs about the relationship between diet and health, and nutritional knowledge may reduce socioeconomic differences in takeaway food consumption, particularly for ""less healthy"" options."
What is the population-based case-control study?,Proton Pump Inhibitors and Hospitalization with Hypomagnesemia: A Population-Based Case-Control Study.
What is the Japanese Health Database?,Association between Combined Lifestyle Factors and Non-Restorative Sleep in Japan: A Cross-Sectional Study Based on a Japanese Health Database.
What was the goal of the study?,"Background and study aims: A novel large-diameter, lumen-apposing, self-expanding metal stent with bilateral flanges was recently developed for endoscopic ultrasound (EUS)-guided transmural drainage of symptomatic pancreatic fluid collections (PFCs). The aim of this study was to evaluate the efficacy and safety of this stent in a large cohort. Patients and methods: Patients with a PFC undergoing EUS-guided drainage with this novel stent were prospectively enrolled in this multicenter cohort study. Results: There were 61 patients: 46 patients (75 %) with walled-off necrosis (WON) and 15 (25 %) with a pancreatic pseudocyst. Stent placement was technically successful in 60 patients (98 %, 95 %CI 95 % - 100 %). Clinical success, defined as resolution of clinical symptoms in combination with a decrease in the PFC size to </= 2 cm on imaging, was achieved in 93 % of patients with a pancreatic pseudocyst (95 %CI 77 % - 100 %) and in 81 % of patients with WON (95 %CI 69 % - 94 %). Treatment failure occurred in nine patients (16 %, 95 %CI 6 % - 26 %), including four patients who required surgical intervention. Stent removal was performed in 82 % of patients after a median of 32 days (range 2 - 178) and was rated as easy in all but one patient. In 10 patients, endoscopic stent removal was not performed because of stent migration (n = 3), stent dislodgement during necrosectomy (n = 3), stent removal during surgery (n = 2), or refusal by the patient (n = 2). In total, five major complications were reported (9 %, 95 %CI 2 % - 16 %), including PFC infection (n = 4) and perforation (n = 1). Conclusion: EUS-guided drainage using this novel stent is feasible and the clinical results obtained are promising with a low major complication rate."
What was the estimated water consumption in the hospital?,"Introduction The catastrophic Great East Japan Earthquake in 2011 created a crisis in a university-affiliated hospital by disrupting the water supply for 10 days. In response, this study was conducted to analyze water use and prioritize water consumption in each department of the hospital by applying a business impact analysis (BIA). Identifying the minimum amount of water necessary for continuing operations during a disaster was an additional goal. Problem Water is essential for many hospital operations and disaster-ready policies must be in place for the safety and continued care of patients. METHODS: A team of doctors, nurses, and office workers in the hospital devised a BIA questionnaire to examine all operations using water. The questionnaire included department name, operation name, suggested substitutes for water, and the estimated daily amount of water consumption. Operations were placed in one of three ranks (S, A, or B) depending on the impact on patients and the need for operational continuity. Recovery time objective (RTO), which is equivalent to the maximum tolerable period of disruption, was determined. Furthermore, the actual use of water and the efficiency of substitute methods, practiced during the water-disrupted periods, were verified in each operation. RESULTS: There were 24 activities using water in eight departments, and the estimated water consumption in the hospital was 326 (SD = 17) m3 per day: 64 (SD = 3) m3 for S (20%), 167 (SD = 8) m3 for A (51%), and 95 (SD = 5) m3 for B operations (29%). During the disruption, the hospital had about 520 m3 of available water. When the RTO was set to four days, the amount of water available would have been 130 m3 per day. During the crisis, 81% of the substitute methods were used for the S and A operations. CONCLUSION: This is the first study to identify and prioritize hospital operations necessary for the efficient continuation of medical treatment during suspension of the water supply by applying a BIA. Understanding the priority of operations and the minimum daily water requirement for each operation is important for a hospital in the event of an unexpected adverse situation, such as a major disaster. Suginaka H , Okamoto K , Hirano Y , Fukumoto Y , Morikawa M , Oode Y , Sumi Y , Inoue Y , Matsuda S , Tanaka H . Hospital disaster response using business impact analysis. Prehosp Disaster Med. 2014;29(5):1-8 ."
What is the result of the analysis of Vascular Closure Devices after Transbrachial,Analysis of Vascular Closure Devices After Transbrachial Artery Access.
What is the name of the type 2 diabetes mellitus-induced cardiomyopathy?,"Type 2 diabetes mellitus (T2DM)-induced cardiomyopathy is associated with cardiac oxidative stress, inflammation, and remodeling. Sulforaphane (SFN), an isothiocyanate naturally presenting in widely consumed vegetables, particularly broccoli, plays an important role in cardiac protection from diabetes. We investigated the effect of SFN on T2DM-induced cardiac lipid accumulation and subsequent cardiomyopathy. Male C57BL/6J mice were fed a high-fat diet for 3months to induce insulin resistance, followed by a treatment with 100mg/kg body-weight streptozotocin to induce hyperglycemia, as T2DM mouse model. Other age-matched mice were fed normal diet as control. T2DM and control mice were treated with or without 4-month SFN at 0.5mg/kg daily five days a week. At the study's end, cardiac function was assessed. SFN treatment significantly attenuated cardiac remodeling and dysfunction induced by T2DM. SFN treatment also significantly inhibited cardiac lipid accumulation, measured by Oil Red O staining, and improved cardiac inflammation oxidative stress and fibrosis, shown by down-regulating diabetes-induced PAI-1, TNF-alpha, CTGF, TGF-beta, 3-NT, and 4-HNE expression. Elevated 4-HNE resulted in the increase of 4-HNE-LKB1 adducts that should inhibit LKB1 and subsequent AMPK activity. SFN upregulated the expression of Nrf2 and its downstream genes, NQO1 and HO-1, decreased 4-HNE-LKB1 adducts and then reversed diabetes-induced inhibition of LKB1/AMPK and its downstream targets, including sirtuin 1, PGC-1alpha, phosphorylated acetyl-CoA carboxylase, carnitine palmitoyl transferase-1, ULK1, and light chain-3 II. These results suggest that SFN treatment to T2DM mice may attenuate the cardiac oxidative stress-induced inhibition of LKB1/AMPK signaling pathway, thereby preventing T2DM-induced lipotoxicity and cardiomyopathy."
Immunotherapy in food allergy: towards new strategies.,Immunotherapy in food allergy: towards new strategies.
What is the CFTR regulated by?,"RATIONALE: The cystic fibrosis transmembrane conductance regulator (CFTR) and Calcium-activated Chloride Conductance (CaCC) each play critical roles in maintaining normal hydration of epithelial surfaces including the airways and colon. TGF-beta is a genetic modifier of cystic fibrosis (CF), but how it influences the CF phenotype is not understood. OBJECTIVES: We tested the hypothesis that TGF-beta potently downregulates chloride-channel function and expression in two CF-affected epithelia (T84 colonocytes and primary human airway epithelia) compared with proteins known to be regulated by TGF-beta. MEASUREMENTS AND MAIN RESULTS: TGF-beta reduced CaCC and CFTR-dependent chloride currents in both epithelia accompanied by reduced levels of TMEM16A and CFTR protein and transcripts. TGF-beta treatment disrupted normal regulation of airway-surface liquid volume in polarized primary human airway epithelia, and reversed F508del CFTR correction produced by VX-809. TGF-beta effects on the expression and activity of TMEM16A, wtCFTR and corrected F508del CFTR were seen at 10-fold lower concentrations relative to TGF-beta effects on e-cadherin (epithelial marker) and vimentin (mesenchymal marker) expression. TGF-beta downregulation of TMEM16A and CFTR expression were partially reversed by Smad3 and p38 MAPK inhibition, respectively. CONCLUSIONS: TGF-beta is sufficient to downregulate two critical chloride transporters in two CF-affected tissues that precedes expression changes of two distinct TGF-beta regulated proteins. Our results provide a plausible mechanism for CF-disease modification by TGF-beta through effects on CaCC."
What is the bioactive component of cinnamon?,"Cinnamaldehyde, the bioactive component of the spice cinnamon, and its derivatives have been shown to possess anti-cancer activity against various cancer cell lines. However, its hydrophobic nature invites attention for efficient drug delivery systems that would enhance the bioavailability of cinnamaldehyde without affecting its bioactivity. Here, we report the synthesis of stable aqueous suspension of cinnamaldehyde tagged Fe3O4 nanoparticles capped with glycine and pluronic polymer (CPGF NPs) for their potential application in drug delivery and hyperthermia in breast cancer. The monodispersed superparamagnetic NPs had an average particulate size of approximately 20 nm. TGA data revealed the drug payload of approximately 18%. Compared to the free cinnamaldehyde, CPGF NPs reduced the viability of breast cancer cell lines, MCF7 and MDAMB231, at lower doses of cinnamaldehyde suggesting its increased bioavailability and in turn its therapeutic efficacy in the cells. Interestingly, the NPs were non-toxic to the non-cancerous HEK293 and MCF10A cell lines compared to the free cinnamaldehyde. The novelty of CPGF nanoparticulate system was that it could induce cytotoxicity in both ER/PR positive/Her2 negative (MCF7) and ER/PR negative/Her2 negative (MDAMB231) breast cancer cells, the latter being insensitive to most of the chemotherapeutic drugs. The NPs decreased the growth of the breast cancer cells in a dose-dependent manner and altered their migration through reduction in MMP-2 expression. CPGF NPs also decreased the expression of VEGF, an important oncomarker of tumor angiogenesis. They induced apoptosis in breast cancer cells through loss of mitochondrial membrane potential and activation of caspase-3. Interestingly, upon exposure to the radiofrequency waves, the NPs heated up to 41.6 degrees C within 1 min, suggesting their promise as a magnetic hyperthermia agent. All these findings indicate that CPGF NPs prove to be potential nano-chemotherapeutic agents in breast cancer."
What type of isolates are Neisseria gonorrhoeae,Penicillinase-producing plasmid types of Neisseria gonorrhoeae clinical isolates from Australia.
What is the effect of maternal diabetes on fetal weight and fetal insulin/I,"Background:Diabetes in pregnancy affects fetal growth and development. The insulin/IGF system comprising insulin, insulin-like growth factors, their receptors and binding proteins, has been implicated in fetal growth regulation. This study tested the hypothesis that maternal diabetes alters the fetal insulin/IGF system in a tissue specific manner.Methods:Wistar rats were rendered diabetic by neonatal administration of streptozotocin and mated with control rats. At day 21 of gestation the weights of fetuses, placentas and fetal organs (heart, lung, liver, stomach, intestine and pancreas) were determined. Maternal and fetal plasma concentrations of insulin, IGF1 and IGF2 were measured by ELISA, and expression of IGF1, IGF2, IGF1R, IGF2R, IR, IGFBP1, BP2 and BP3 in placenta and fetal organs by qPCR.Results:The well known increase in fetal growth in this model of mild diabetes is accompanied by elevated insulin and IGF1 levels and alterations of the insulin/IGF system in the fetus and the placenta. These alterations were organ and gene specific. The insulin/IGF system was generally upregulated, especially in the fetal heart, whilst it was downregulated in fetal lung.Conclusion:In our model of mild diabetes the effect of maternal diabetes on fetal weight and fetal insulin/IGF system expression is organ specific with highly sensitive organs such as lung and heart, and organs that were less affected, such as stomach.Pediatric Research (2014); doi:10.1038/pr.2014.139."
What is the vertically organized brain?,Large-Scale Brain Systems and Subcortical Relationships: The Vertically Organized Brain.
What is the spectrum of Clinicopathologic Manifestations and Molecular Pathogenesis?,Proximal Tubulopathies Associated With Monoclonal Light Chains: The Spectrum of Clinicopathologic Manifestations and Molecular Pathogenesis.
What is the most common type of stroke in South Asians?,"BACKGROUND: Studies of racial/ethnic variations in stroke rarely consider the South Asian population, one of the fastest growing sub-groups in the United States. This study compared risk factors for stroke among South Asians with those for whites, African-Americans, and Hispanics. METHODS: Data on 3290 stroke patients were analyzed to examine risk differences among the four racial/ethnic groups. Data on 3290 patients admitted to a regional stroke center were analyzed to examine risk differences for ischemic stroke (including subtypes of small and large vessel disease) among South Asians, whites, African Americans and Hispanics. RESULTS: South Asians were younger and had higher rates of diabetes mellitus, blood pressure, and fasting blood glucose levels than other race/ethnicities. Prevalence of diabetic and antiplatelet medication use, as well as the incidence of small-artery occlusion ischemic stroke was also higher among South Asians. South Asians were almost a decade younger and had comparable socioeconomic levels as whites; however, their stroke risk factors were comparable to that of African Americans and Hispanics. DISCUSSION: Observed differences in stroke may be explained by dietary and life style choices of South Asian-Americans, risk factors that are potentially modifiable. Future population and epidemiologic studies should consider growing ethnic minority groups in the examination of the nature, outcome, and medical care profiles of stroke."
What was the primary outcome of the study?,"Importance: Hospital readmissions are common and costly, and no single intervention or bundle of interventions has reliably reduced readmissions. Virtual wards, which use elements of hospital care in the community, have the potential to reduce readmissions, but have not yet been rigorously evaluated. Objective: To determine whether a virtual ward-a model of care that uses some of the systems of a hospital ward to provide interprofessional care for community-dwelling patients-can reduce the risk of readmission in patients at high risk of readmission or death when being discharged from hospital. Design, Setting, and Patients: High-risk adult hospital discharge patients in Toronto were randomly assigned to either the virtual ward or usual care. A total of 1923 patients were randomized during the course of the study: 960 to the usual care group and 963 to the virtual ward group. The first patient was enrolled on June 29, 2010, and follow-up was completed on June 2, 2014. Interventions: Patients assigned to the virtual ward received care coordination plus direct care provision (via a combination of telephone, home visits, or clinic visits) from an interprofessional team for several weeks after hospital discharge. The interprofessional team met daily at a central site to design and implement individualized management plans. Patients assigned to usual care typically received a typed, structured discharge summary, prescription for new medications if indicated, counseling from the resident physician, arrangements for home care as needed, and recommendations, appointments, or both for follow-up care with physicians as indicated. Main Outcomes and Measures: The primary outcome was a composite of hospital readmission or death within 30 days of discharge. Secondary outcomes included nursing home admission and emergency department visits, each of the components of the primary outcome at 30 days, as well as each of the outcomes (including the composite primary outcome) at 90 days, 6 months, and 1 year. Results: There were no statistically significant between-group differences in the primary or secondary outcomes at 30 or 90 days, 6 months, or 1 year. The primary outcome occurred in 203 of 959 (21.2%) of the virtual ward patients and 235 of 956 (24.6%) of the usual care patients (absolute difference, 3.4%; 95% CI, -0.3% to 7.2%; P = .09). There were no statistically significant interactions to indicate that the virtual ward model of care was more or less effective in any of the prespecified subgroups. Conclusions and Relevance: In a diverse group of high-risk patients being discharged from the hospital, we found no statistically significant effect of a virtual ward model of care on readmissions or death at either 30 days or 90 days, 6 months, or 1 year after hospital discharge. Trial Registration: clinicaltrials.gov Identifier: NCT01108172."
What is the plasma level of IL-35 in asthmatic patients?,"BACKGROUND: IL-35 has been found to be involved in many inflammatory diseases in humans but its role in asthma and chronic obstructive pulmonary disease (COPD) is not clear. The plasma level of IL-35 in patients with asthma and COPD needs to be measured. OBJECTIVE: The aim of this study was to examine the plasma concentrations of IL-35 in newly diagnosed asthmatic and COPD patients and control subjects and investigate correlations of lung function, age, sex, smoking history with the levels of IL-35 in plasma in these diseases. METHODS: Blood samples were collected from patients with newly diagnosed asthma (44, 12 males, aged 33.75?8.94), newly diagnosed COPD (36, 36 males, aged 68.03+/-8.94), and healthy control groups (23, 9 males, aged 30.06+/-7.50). We determined the IL-35 levels in plasma by enzyme-linked immunosorbent assay. RESULT: The median and the range of values for IL-35 were 118.55 pg/ml (range 74.43~1767.22 pg/ml) in patients with asthma, 136.09 pg/ml (range 62.54~697.49 pg/ml) in patients with COPD and 275.86 pg/ml (range 26.11~1766.20 pg/ml) in control subjects. The levels of IL-35 in plasma showed a positive correlation with FEV1% and FVC% in asthmatic patients whose plasma IL-35 values were over 150 pg/ml. A positive correlation was also found between plasma IL-35 and FVC% in COPD patients whose plasma IL-35 values were over 150 pg/ml. CONCLUSIONS: These findings suggest that IL-35 may very probably be involved in the Th2 and Th17 mediated inflammation process of asthma and COPD. Its role in the mechanisms of COPD and asthma in human beings, as well as its therapeutic value in these diseases, need further investigation."
What is the name of the Acupuncture for Chronic Knee Pain?,Acupuncture for Chronic Knee Pain: A Randomized Clinical Trial.
What is the biology of radiosurgery and its clinical applications for brain tumors?,The biology of radiosurgery and its clinical applications for brain tumors.
What is the name of the study that focuses on the phenotype of Sple,"Diagnosis of Splenic B-Cell Lymphomas in the Bone Marrow: A Review of Histopathologic, Immunophenotypic, and Genetic Findings."
What is the method of variance estimates recovery?,"Cluster randomization trials, in which intact social units are randomized to different interventions, have become popular in the last 25 years. Outcomes from these trials in many cases are positively skewed, following approximately lognormal distributions. When inference is focused on the difference between treatment arm arithmetic means, existent confidence interval procedures either make restricting assumptions or are complex to implement. We approach this problem by assuming log-transformed outcomes from each treatment arm follow a one-way random effects model. The treatment arm means are functions of multiple parameters for which separate confidence intervals are readily available, suggesting that the method of variance estimates recovery may be applied to obtain closed-form confidence intervals. A simulation study showed that this simple approach performs well in small sample sizes in terms of empirical coverage, relatively balanced tail errors, and interval widths as compared to existing methods. The methods are illustrated using data arising from a cluster randomization trial investigating a critical pathway for the treatment of community acquired pneumonia."
How many inpatient medical records were completed by 11 different hospitals nationwide in 2008 and 2011?,"BACKGROUND: Since 1994, China has established three major basic medical insurance (MI) schemes that aim to provide greater financial protection to members. The 2009 Chinese medical reform emphasized the enhancement of basic medical insurance. This study aims to investigate changes in hospital services costs for inpatients with different types of MI before and after the new Chinese medical reform. METHODS: A total of 532,120 inpatient medical records, completed by 11 different hospitals nationwide in 2008 and 2011, were collected from the Ministry of Health retrospectively. Median and mean values were calculated to describe costs and average length of stay, respectively. A chi-square test was used to compare the distribution of patient visits. Wilcoxon rank-sum tests were conducted to compare costs. RESULTS: The number of patients hospitalized increased. The average cost per stay in the three basic MI schemes increased, while out-of-pocket (OOP) spending decreased (P < 0.0001). The average cost per day showed similar trends. The purchase of Western medication accounted for the largest proportion of costs in all MI schemes in both years; however, these ratios decreased from 2008 to 2011, while those for other social insurance and OOP patients almost doubled. The average length of stay remained unchanged, and the average lengths of stay in the MI schemes differed before and after the healthcare reform. CONCLUSIONS: Healthcare reform with multipartite policies may make interactional impacts on hospitalization services for patients enrolled in MI schemes.Graphical Abstract<!-- [INSERT GRAPHICAL ABSTRACT TEXT HERE] -->"
What is the name of the microstructure analysis of Enamel in Permanent and Deciduous,In Vivo Microstructural Analysis of Enamel in Permanent and Deciduous Teeth.
"What is a rare, reactive response to an ischemic insult?","We review the morphology and differential diagnoses of pseudocarcinomatous hyperplasia of the bladder, using a study case to illustrate the discussion. Pseudocarcinomatous hyperplasia is a rare, reactive response to an ischemic insult, classically to radiation therapy, and consists of proliferative, pseudoinfiltrative urothelial nests within the stroma. The presence of background radiation therapy-related changes, such as numerous dilated thrombosed vessels, reactive-appearing endothelial and stromal cells, edema, and hemorrhage, can provide clues to the diagnosis. The main differential diagnoses include invasive urothelial carcinoma and the nested variant of urothelial carcinoma; morphologic features, such as the presence or absence of background therapy-related changes and the architecture and the cytologic atypia of the nests, can help distinguish between pseudocarcinomatous hyperplasia and urothelial carcinoma."
What is the most difficult treatment for adult acute lymphocytic leukemia?,"Although treatment results for adult acute lymphoblastic leukemia (ALL) have improved considerably in the past decades, treating adult patients with relapsed/refractory acute lymphocytic leukemia (ALL) is still difficult. Adults with refractory/relapsed acute lymphocytic leukemia (ALL) processed to death rapidly associated with chemotherapy resistance, high mortality by reinduction, etc. Only 20% to 30% of those patients acquired complete remission (CR). Those patients are always of short duration unless an allogeneic stem cell transplant is feasible. Median survival is only ranging from 2 to 12 months. Therapeutic strategy on relapsed/refractory acute lymphocytic leukemia (ALL) is always a major therapeutic challenge bothering hematological researchers. Novel agents and unique therapeutic strategies have been developed in recent years. This review focuses on major clinical advances in the agents for refractory/relapsed ALL."
What is the miR-371-373 homolog in human?,"Expression of the mouse miR-290-295 cluster and its miR-371-373 homolog in human is restricted to early embryos, primordial germ cells, the germ line stem cell compartment of the adult testis and to stem cell lines derived from the early embryonic lineages. Sequencing data suggest considerable seed diversification between the seven homologous pre-miRNAs of miR-290-295 but it is not clear if all of the implied miR-290-295 seeds are also conserved in the human miR-371-373 cluster, which consists of only three homologous pre-miRNAs. By employing miRNA target reporters we show that most, if not all, seeds in miR-290-295 are represented in miR-371-373. In the mouse, pre-miR-290, pre-miR-292 and pre-miR-293 express subsets of the miRNA isoforms processed from the single human pre-miR-371. Comparison of the possible miR-290-295/miR-371-373 seed repertoires in placental mammals suggests a model for the evolution of this miRNA cluster family, which would be otherwise difficult to deduce based solely on pre-miRNA sequence comparisons. The conservation of co-expressed seeds that is characteristic of miR-290-295/miR-371-373 should be taken into account in models of the corresponding miRNA-target interaction networks."
What is the best dose and way of progesterone?,"Abstract In vitro fertilization (IVF) cycles generate abnormalities in luteal-phase sex steroid concentrations and this represent an important limiting factor to achieve a good pregnancy rate. Although there are evidences about the usefulness of luteal phase support (LPS) after IVF cycles, no consensus exist about the best dose and way of progesterone (PG) administration, the advantages of estradiol (E2) supplementation and which IVF protocol could benefit from one more than other LPS scheme. Aim of the study was to assess the best LPS (low-dose PG, high-dose PG, high-dose PG and E2 supplementation) to achieve the highest clinical/ongoing pregnancy rate according to stimulation protocol, E2 at ovulation induction, endometrial thickness at pick-up and women's age. We conducted a randomized trial on 360 women undergoing IVF (180 treated by long-GnRH agonist, 90 by short-GnRH agonist and 90 by short-GnRH antagonist protocol) and stimulated by recombinant follicle-stimulating hormone alone. Our data demonstrated that high-dose PG is better than low-dose to increase both clinical and ongoing pregnancy rate. E2 supplementation are mandatory in case of short-GnRH antagonist protocol and strongly suggested in all protocols when E2max <5 nmol/l and endometrial thickness <10 mm. In long-GnRH agonist protocols, as well as in patients >35 years, the real advantages of E2 supplementation remain debatable and require further confirmation."
What is the name of the program that is developed for young adults with schizophrenia?,"A novel, online social cognitive training program for young adults with schizophrenia: A pilot study."
What is the name of the lineage oncogene that provides therapeutic targets for high-,ASCL1 is a lineage oncogene providing therapeutic targets for high-grade neuroendocrine lung cancers.
What is the average cost of an FAL work-up?,"OBJECTIVES: Evaluation of surgical patients with fever and leukocytosis (FAL) for an infection source often results in unnecessary laboratory and radiographic tests. The average cost of an FAL work-up ranges from $2200 to $5600. Lack of a systematic approach drives costs higher than necessary. We evaluated differences in time to treatment and costs using usual methods of FAL work-ups versus FAL work-ups using an established fever practice guideline (FPG). METHODS: In phase I, a retrospective electronic chart review was conducted for 82 adult surgery patients who underwent FAL work-ups to determine time from initial temperature presentation to fever treatment and total cost per fever evaluation. In phase II, an established FPG was applied to 30 intensive care unit patients from the original group of 82 using phase I data points. Differences in cost and time to treatment were compared using a paired t-test. RESULTS: Mean time to fever treatment decreased from 51.57 hours pre-FPG use to 11.23 hours afterward (p < 0.001), a 78% reduction in time to definitive treatment. Mean cost of FAL work-up decreased from $1,009.73 without FPG use to $399.00 with a 60% reduction in costs. CONCLUSIONS: Using a standardized FPG, FAL work-up time to treatment and cost can be significantly reduced."
What is the current standard of care for glioblastoma?,"The current standard of care for glioblastoma (GBM) is maximal surgical resection with adjuvant radiotherapy and temozolomide (TMZ). As the 5-year survival with GBM remains at a dismal <10%, novel therapies are needed. Immunotherapies such as the dendritic cell (DC) vaccine, heat shock protein vaccines, and epidermal growth factor receptor (EGFRvIII) vaccines have shown encouraging results in clinical trials, and have demonstrated synergistic effects with conventional therapeutics resulting in ongoing phase III trials. Chemoradiation has been shown to have synergistic effects when used in combination with immunotherapy. Cytotoxic ionizing radiation is known to trigger pro-inflammatory signaling cascades and immune activation secondary to cell death, which can then be exploited by immunotherapies. The future of GBM therapeutics will involve finding the place for immunotherapy in the current treatment regimen with a focus on developing strategies. Here, we review current GBM therapy and the evidence for combination of immune checkpoint inhibitors, DC and peptide vaccines with the current standard of care."
What is the source of miRNA biomarkers in bodily fluids?,"Exosomes have been proposed as vehicles for microRNA (miRNA) -based intercellular communication and a source of miRNA biomarkers in bodily fluids. Although exosome preparations contain miRNAs, a quantitative analysis of their abundance and stoichiometry is lacking. In the course of studying cancer-associated extracellular miRNAs in patient blood samples, we found that exosome fractions contained a small minority of the miRNA content of plasma. This low yield prompted us to perform a more quantitative assessment of the relationship between miRNAs and exosomes using a stoichiometric approach. We quantified both the number of exosomes and the number of miRNA molecules in replicate samples that were isolated from five diverse sources (i.e., plasma, seminal fluid, dendritic cells, mast cells, and ovarian cancer cells). Regardless of the source, on average, there was far less than one molecule of a given miRNA per exosome, even for the most abundant miRNAs in exosome preparations (mean +/- SD across six exosome sources: 0.00825 +/- 0.02 miRNA molecules/exosome). Thus, if miRNAs were distributed homogenously across the exosome population, on average, over 100 exosomes would need to be examined to observe one copy of a given abundant miRNA. This stoichiometry of miRNAs and exosomes suggests that most individual exosomes in standard preparations do not carry biologically significant numbers of miRNAs and are, therefore, individually unlikely to be functional as vehicles for miRNA-based communication. We propose revised models to reconcile the exosome-mediated, miRNA-based intercellular communication hypothesis with the observed stoichiometry of miRNAs associated with exosomes."
What is the Prognostic Indicator in Lung-Dominant Connective,Significance of Pulmonary Arterial Pressure as a Prognostic Indicator in Lung-Dominant Connective Tissue Disease.
What is the name of the study that identifies the causes of Incidence of In,Incidence of Incisional Hernia after Cesarean Delivery: A Register-Based Cohort Study.
What is the comparison between Shockwave Lithotripsy and Flexible Ureteroscopy,Comparison of Shockwave Lithotripsy and Flexible Ureteroscopy for the Treatment of Kidney Stones in Patients with Solitary Kidney.
What was the effect of SSYX on myocardial fibrosis in,"ETHNOPHARMACOLOGICAL RELEVANCE: Shensong Yangxin Capsule (SSYX), a traditional Chinese herbal medicine, has long been used clinically to treat arrhythmias in China. However, the effect of SSYX on interstitial fibrosis in diabetic cardiomyopathy is unknown. The objective of this study was to investigate the effects of SSYX on myocardial fibrosis in diabetic rats. MATERIALS AND METHODS: The antifibrotic effect of SSYX was investigated in streptozocin (STZ)-induced diabetic rats with high fat-diet (HFD). Fasting blood glucose, heart weight/body weight ratio, total cholesterol (TC), triglycerides (TG), high density lipoprotein (HDL) and low density lipoprotein (LDL) were measured. Echocardiography and histology examination were carried out to evaluate heart function. Expression of Smad7, TGF-beta1, collagen I (col-1), collagen III (col-3), MMP-2 and MMP-9mRNA in heart tissues were measured by real time polymerase chain reaction (PCR). TGF-beta1, Smad2/3, p-Smad2/3 and Smad7 protein levels were measured by western blot analysis. Proliferation of cardiac fibroblast was detected via immunofluorescence. RESULTS: SSYX markedly decreased heart weight/body weight ratio and improved the impaired cardiac function of T2DM rats. Transmission electron microscopy (TEM), haematoxylin and eosin (HE) and Masson staining results showed that SSYX attenuated cardiac fibrosis and collagen deposition in T2DM rats. Moreover, mRNA levels of TGF-beta1, col-1, col-3, MMP-2 and MMP-9 were downregulated, whereas Smad7 expression was upregulated after treatment with SSYX in rats with cardiac fibrosis. Furthermore, SSYX decreased protein levels of TGF-beta1 and p-Smad2/3, and increased Smad7 expression. CONCLUSION: TGF-beta1/Smad signaling is involved in the cardiac fibrosis in diabetic cardiomyopathy and SSYX inhibits fibrosis and improves cardiac function via suppressing this pathway. Therefore, SSYX might be considered an alternative therapeutic remedy for diabetic cardiomyopathy."
What is the significance of endogenous galactose production?,Abstract Patients with classical galactosaemia (galactose-1-phosphate uridyltransferase (GALT) deficiency) manifest clinical complications despite strict dietary galactose restriction. Therefore the significance of endogenous galactose production has been assessed. Previous in vivo studies primarily focused on patients homozygous for the most common genetic variant Q188R but little is known about other genetic variants. In the present study the endogenous galactose release in a group of non-Q188R homozygous galactosaemic patients (n = 17; 4-34 years) exhibiting comparably low residual GALT activity in red blood cells was investigated. Primed continuous infusion studies with D-[1-13C]galactose as substrate were conducted under post-absorptive conditions and in good metabolic control. The results demonstrate that all patients exhibiting residual GALT activity of <1.5% of control showed a comparable pathological pattern of increased endogenous galactose release irrespective of the underlying genetic variations. Possible implications of the findings towards a more differentiated dietary regimen in galactosaemia are discussed.
What is the name of the review of Mild Traumatic Brain Injury Diagnostics?,"A Review of Mild Traumatic Brain Injury Diagnostics: Current Perspectives, Limitations, and Emerging Technology."
What is the main limitation of this study?,"BACKGROUND: Patients with schizophrenia have an approximately 10-fold higher risk for obsessive-compulsive symptoms (OCS) than the general population. A large subgroup seems to experience OCS as a consequence of second-generation antipsychotic agents (SGA), such as clozapine. So far little is known about underlying neural mechanisms. METHODS: To investigate the role of SGA treatment on neural processing related to OCS in patients with schizophrenia, we stratified patients according to their monotherapy into 2 groups (group I: clozapine or olanzapine; group II: amisulpride or aripiprazole). We used an fMRI approach, applying a go/no-go task assessing inhibitory control and an n-back task measuring working memory. RESULTS: We enrolled 21 patients in group I and 19 patients in group II. Groups did not differ regarding age, sex, education or severity of psychotic symptoms. Frequency and severity of OCS were significantly higher in group I and were associated with pronounced deficits in specific cognitive abilities. Whereas brain activation patterns did not differ during working memory, group I showed significantly increased activation in the orbitofrontal cortex (OFC) during response inhibition. Alterations in OFC activation were associated with the severity of obsessions and mediated the association between SGA treatment and co-occurring OCS on a trend level. LIMITATIONS: The main limitation of this study is its cross-sectional design. CONCLUSION: To our knowledge, this is the first imaging study conducted to elucidate SGA effects on neural systems related to OCS. We propose that alterations in brain functioning reflect a pathogenic mechanism in the development of SGA-induced OCS in patients with schizophrenia. Longitudinal studies and randomized interventions are needed to prove the suggested causal interrelations."
What is the frequency of TERT promoter mutations in primary tumors of the liver?,Frequency of TERT promoter mutations in primary tumors of the liver.
What is the Genome-Wide In-Silico Cis-Regulatory Module Pre,CisMiner: Genome-Wide In-Silico Cis-Regulatory Module Prediction by Fuzzy Itemset Mining.
What was the primary outcome of the study?,"Background Studies in animals and in vitro and phase 2 studies in humans suggest that statins may be beneficial in the treatment of the acute respiratory distress syndrome (ARDS). This study tested the hypothesis that treatment with simvastatin would improve clinical outcomes in patients with ARDS. Methods In this multicenter, double-blind clinical trial, we randomly assigned (in a 1:1 ratio) patients with an onset of ARDS within the previous 48 hours to receive enteral simvastatin at a dose of 80 mg or placebo once daily for a maximum of 28 days. The primary outcome was the number of ventilator-free days to day 28. Secondary outcomes included the number of days free of nonpulmonary organ failure to day 28, mortality at 28 days, and safety. Results The study recruited 540 patients, with 259 patients assigned to simvastatin and 281 to placebo. The groups were well matched with respect to demographic and baseline physiological variables. There was no significant difference between the study groups in the mean (+/-SD) number of ventilator-free days (12.6+/-9.9 with simvastatin and 11.5+/-10.4 with placebo, P=0.21) or days free of nonpulmonary organ failure (19.4+/-11.1 and 17.8+/-11.7, respectively; P=0.11) or in mortality at 28 days (22.0% and 26.8%, respectively; P=0.23). There was no significant difference between the two groups in the incidence of serious adverse events related to the study drug. Conclusions Simvastatin therapy, although safe and associated with minimal adverse effects, did not improve clinical outcomes in patients with ARDS. (Funded by the U.K. National Institute for Health Research Efficacy and Mechanism Evaluation Programme and others; HARP-2 Current Controlled Trials number, ISRCTN88244364 .)."
What was the entropy of high-grade gliomas?,"BACKGROUND AND PURPOSE: To apply a texture analysis of apparent diffusion coefficient (ADC) maps to evaluate glioma heterogeneity, which was correlated with tumor grade. MATERIALS AND METHODS: Forty patients with glioma (WHO grade II (n = 8), grade III (n = 10) and grade IV (n = 22)) underwent diffusion-weighted imaging (DWI), and the corresponding ADC maps were obtained. Regions of interest containing the lesions were drawn on every section of the ADC map containing the tumor, and volume-based data of the entire tumor were constructed. Texture and first order features including entropy, skewness and kurtosis were derived from the ADC map using in-house software. A histogram analysis of the ADC map was also performed. The texture and histogram parameters were compared between low-grade and high-grade gliomas using an unpaired student's t-test. Additionally, a one-way analysis of variance analysis with a post-hoc test was performed to compare the parameters of each grade. RESULTS: Entropy was observed to be significantly higher in high-grade gliomas than low-grade tumors (6.861+/-0.539 vs. 6.261+/-0.412, P = 0.006). The fifth percentiles of the ADC cumulative histogram also showed a significant difference between high and low grade gliomas (836+/-235 vs. 1030+/-185, P = 0.037). Only entropy proved to be significantly different between grades III and IV (6.295+/-0.4963 vs. 7.119+/-0.3165, P<0.001). The diagnostic accuracy of ADC entropy was significantly higher than that of the fifth percentile of the ADC histogram (P = 0.0034) in distinguishing high- from low-grade glioma. CONCLUSION: A texture analysis of the ADC map based on the entire tumor volume can be useful for evaluating glioma grade, which provides tumor heterogeneity."
What is the standard versus limited colon resection for high risk T1 colon cancer?,Standard versus limited colon resection for high risk T1 colon cancer. A matched case-control study.
What is the sign associated with Stroke Severity?,Hyperdense Cerebral Artery Computed Tomography Sign Is Associated with Stroke Severity rather than Stroke Subtype.
What was the median dysphagia-free time after stent placement?,"Background and study aims: A new esophageal stent with two anti-migration features was developed to minimize migration. The aim of this study was to evaluate the clinical efficacy and safety of this stent in patients with malignant dysphagia. Patients and methods: A total of 40 patients with dysphagia due to a malignant obstruction of the esophagus were prospectively enrolled in this cohort study. Results: Stent placement was technically successful in 39 patients (98 %). The median dysphagia-free time after stent placement was 220 days (95 % confidence interval 94 - 345 days). Nine patients (23 %) experienced recurrent dysphagia due to tissue overgrowth (n = 2), stent fracture (n = 1), and partial (n = 5) or complete (n = 1) stent migration. A total of 16 serious adverse events occurred in 14 patients (36 %), with hemorrhage (n = 3) and severe nausea or vomiting (n = 3) being the most common causes. Conclusions: This new stent design was effective for the palliation of malignant dysphagia and had a low rate of recurrent dysphagia. However, despite the anti-migration features, stent migration was still a major cause of recurrent dysphagia. Furthermore, treatment was associated with a high adverse event rate. Dutch Trial Registration (NTR 3313)."
What is the name of the new strategies that can be used to curb innate immune responses?,"Aberrant pulmonary immune responses are linked to the pathogenesis of multiple human respiratory viral infections. Elevated cytokine and chemokine production ""cytokine storm"" has been continuously associated with poor clinical outcome and pathogenesis during influenza virus infection in humans and animal models. Initial trials using global immune suppression with corticosteroids or targeted neutralization of single inflammatory mediators proved ineffective to ameliorate pathology during pathogenic influenza virus infection. Thus, it was believed that cytokine storm was either chemically intractable or not causal in the pathology observed. During this review, we will discuss the history of research assessing the roles various cytokinesCytokines , chemokines, and innate immune cellsInnate immune cells play in promoting pathology or protection during influenza virus infection. Several promising new strategies modulating lipid signalingLipid signaling have been recently uncovered for global blunting, but not ablation, of innate immune responses following influenza virus infection. Importantly, modulating lipid signaling through various means has proven effective at curbing morbidity and mortality in animal models and may be useful for curbing influenza virus induced pathology in humans. Finally, we highlight future research directions for mechanistically dissecting how modulation of lipid signaling pathways results in favorable outcomes following influenza virus infection."
What is the Huntington's Disease-Related Cardiomyopathy?,The Huntington's Disease-Related Cardiomyopathy Prevents a Hypertrophic Response in the R6/2 Mouse Model.
What is the index of global left ventricular afterload?,"OBJECTIVE: Standard methods of quantifying aortic valve stenosis (AS), which focus entirely on the valve itself, do not adequately characterize the magnitude, predict the onset, progression, and severity of symptoms, or identify the incidence of subsequent adverse events. Valvuloarterial impedance (Zva) is an index of global left ventricular (LV) afterload that incorporates valvular and arterial loads. The authors tested the hypothesis that aortic valve replacement (AVR) reduces Zva but does not affect the arterial component of LV afterload in elderly patients with degenerative calcific trileaflet AS. DESIGN: Observational study. SETTING: Veterans affairs medical center. PARTICIPANTS: Eight elderly (age, 79+/-4 years) men with moderate-to-severe AS and normal preoperative LV function (ejection fraction, 61%+/-9%) scheduled for AVR with or without coronary artery bypass graft surgery were studied after institutional review board approval. INTERVENTIONS: None. MEASUREMENTS AND MAIN RESULTS: A comprehensive TEE examination was performed during isoflurane-fentanyl-rocuronium anesthesia. Doppler echocardiography was used to measure pressure gradients across the aortic valve, stroke volume (continuity equation), and aortic valve area using standard techniques. Zva was determined as (systolic arterial pressure+mean gradient)/stroke volume index. Energy loss index was calculated as (aortic areaxaortic valve area)/([aortic area - aortic valve area]xbody surface area). The stroke work loss was obtained as (mean gradientx100/[systolic arterial pressure+mean gradient]). The ratio of stroke volume index to pulse pressure was used to measure systemic arterial compliance. Zva, energy loss index, stroke work loss, and systemic arterial compliance were assessed before and 15 minutes after cardiopulmonary bypass. Systemic and pulmonary hemodynamics (invasive catheters) were similar after versus before AVR. Aortic valve area increased significantly (p<0.05) with AVR (0.92+/-0.26 cm2 to 1.94+/-0.35 cm2), concomitant with decreases in peak and mean gradients (60+/-17 mmHg to 15+/-8 mmHg and 38+/-11 mmHg to 8+/-5 mmHg, respectively) and peak blood flow velocity (3.9+/-0.5 m.s-1 to 1.9+/-0.5 m.s-1). AVR reduced Zva (4.6+/-1.0 mmHg.mL-1.m-2 to 3.5+/-0.3 mmHg.mL-1.m-2) and improved energy loss index (0.55+/-0.16 cm2.m-2 to 1.58+/-0.48 cm2.m-2) concomitant with a decline in stroke work loss (25%+/-6% to 7%+/-4%), but systemic arterial compliance remained unchanged (0.63+/-0.13 compared with 0.70+/-0.12 mL.mmHg-1.m-2). CONCLUSION: The current results showed that AVR acutely reduced Zva, improved energy loss index, and decreased stroke work loss, but did not affect systemic arterial compliance in elderly men with degenerative calcific trileaflet AS."
What is the nonlinear and Stochastic Dynamics in the Heart?,Nonlinear and Stochastic Dynamics in the Heart.
What was the median age of DTX?,"INTRODUCTION: Fluoropyrimidine plus platinum (FP)-based chemotherapy has been widely used as a first-line regimen for advanced or recurrent esophageal cancer, and taxanes have shown efficacy after FP-based chemotherapy, but there is no standard regimen for second-line chemotherapy (SLC). We retrospectively investigated the clinical features of taxane therapy in SLC for esophageal squamous cell carcinoma (ESCC). METHODS: The selection criteria were pathologically proven ESCC; advanced or recurrent disease previously treated with FP at our hospital; performance status (PS) 0-2; and adequate organ function. Docetaxel (DTX) was administered 3-weekly at 70 mg/m2. Paclitaxel (PTX) was administered at 100 mg/m2 weekly for 6 weeks, with 1 week's rest. RESULTS: The analysis covered 163 patients from August 2006 to June 2012. Median age was 64 years (range 37-83: DTX group 132 patients and PTX group 31). Progression-free survival and median overall survival (OS) were 2.3 and 6.1 months, respectively, with PTX and 2.3 and 5.3 months with DTX. Response rates were 20.7 % for PTX and 5.9 % for DTX. The rate of grades 3-4 neutropenia was higher with DTX (32.6 %) than with PTX (16.1 %). Grade 3 febrile neutropenia was seen in 6.1 % of DTX recipients but in no PTX group. According to multivariate analyses of OS, PS 2, number of metastatic sites >==2, and CRP >==1 mg/dL were independent predictors of poor prognosis. CONCLUSIONS: PTX and DTX were both effective in SLC for ESCC, but their toxicity profiles differed. In terms of febrile neutropenia, PTX seems more appropriate."
How many subjects were enrolled in the Korean Genome Epidemiology Study?,"BACKGROUND: Insulin resistance has an important role in the pathogenesis of hypertension. We hypothesized that impaired fasting glucose (IFG) or impaired glucose tolerance (IGT) which represents insulin resistance would predict the development of hypertension. METHODS: A total of 4,039 subjects without hypertension or diabetes (1,847 men and 2,192 women; age 49.9+/-8.2 years), from the Ansan-Ansung cohorts within the Korean Genome Epidemiology Study, were enrolled in 2001-2002 and restudied in 2005-2006. The association between the incidence of hypertension and IFG, IGT, or other metabolic factors was studied. RESULTS: During the 4-year follow-up period, 582 of the 4,039 subjects developed hypertension. At baseline, the prevalence of abdominal obesity, dyslipidemia, and IGT was higher in subjects who became hypertensive compared to those that remained normotensive. The prevalence of IFG was not significantly different between the 2 groups. In a multivariate analysis, abdominal obesity and high serum triglyceride were significant risk factors for the development of hypertension. Neither IFG nor IGT were significantly associated with new-onset hypertension. Although the risk of hypertension was higher with the number of metabolic components present at baseline, IFG and IGT were not significant components compared to other metabolic components, especially when abdominal obesity was taken into account. CONCLUSIONS: While metabolic syndrome components related to insulin resistance present at baseline are important risk factors of hypertension, we conclude that coexisting metabolic component, mainly abdominal obesity, rather than IFG and IGT have more predictive value for determining the development of hypertension in a Korean population."
"What is the name of the DPP-4 inhibitor MK626, which has appropriate pharma","Combining immune intervention with therapies that directly influence the functional state of the beta-cells is an interesting strategy in type 1 diabetes cure. Dipeptidyl peptidase-4 (DPP-4) inhibitors elevate circulating levels of active incretins, which have been reported to enhance insulin secretion and synthesis, can support beta-cell survival and possibly stimulate beta-cell proliferation and neogenesis. In the current study, we demonstrate that the DPP-4 inhibitor MK626, which has appropriate pharmacokinetics in mice, preceded by a short-course of low-dose anti-CD3 generated durable diabetes remission in new-onset diabetic non-obese diabetic (NOD) mice. Induction of remission involved recovery of beta-cell secretory function with resolution of destructive insulitis and preservation of beta-cell volume/mass, along with repair of the islet angioarchitecture via SDF-1- and VEGF-dependent actions. Combination therapy temporarily reduced the CD4-to-CD8 distribution in spleen although not in pancreatic draining lymph nodes (PLN) and increased the proportion of effector/memory T cells as did anti-CD3 alone. In contrast, only combination therapy amplified Foxp3+ regulatory T cells in PLN and locally in pancreas. These findings open new opportunities for the treatment of new-onset type 1 diabetes by introducing DPP-4 inhibitors in human CD3-directed clinical trials."
What is the risk of a pre-Eclampsia and Gestational,Salinity in Drinking Water and the Risk of (Pre)Eclampsia and Gestational Hypertension in Coastal Bangladesh: A Case-Control Study.
How many patients were diagnosed with HIV during the first 6 months?,"BACKGROUND: Timely diagnosis and treatment of tuberculosis (TB) and HIV is important to reduce morbidity and mortality, and break the cycle of ongoing transmission. METHODS: We performed an implementation research study to develop a model for systematic TB symptom screening and HIV counseling and testing (HCT) for all adult clients at a primary care clinic and prospectively evaluate the 6-month coverage and yield, and 18-month sustainability at a primary care clinic in Johannesburg, South Africa. RESULTS: During the first 6 months, 26,515 visits occurred among 12,078 adults. The proportion of adults aware of their HIV status was 43.7% at the start of the first visit, increased to 84.6% at the end of the first visit, and to 90% at end of any visit during the first 6 months. During these 6 months, 1042 clients were newly diagnosed with HIV. HIV prevalence was 22.9% among those newly tested, and 58.9% among all adult clinic clients. High coverage of systematic HCT was sustained across all 18 months. Coverage of systematic HIV-stratified TB symptom screening during first 6-months was also high (89.6%) but only 35.0% of those symptomatic were screened by sputum. During these 6-months, 90 clients had a positive Xpert MTB/RIF assay, corresponding to a TB prevalence of 0.4% among all 23,534 clients TB symptom-screened and 2.8% among the 3,284 clients with a positive TB symptom screen. The initial high coverage of TB symptom screening was not sustained, with coverage of TB symptom screening dropping after the first six months to 70% and assessment by sputum dropping to 15%. CONCLUSION: Routine, systematic HCT and HIV-stratified TB symptom screening is feasible at primary care level. Systematic HCT doubled the proportion of clients with known HIV status. While HCT was sustainable, coverage of systematic TB screening dropped significantly after the first 6 months of implementation."
What was the effect of oral tigecycline treatment on Clostridium difficile infection?,"The efficacy of oral tigecycline treatment (2mg/kg for 7 days) on Clostridium difficile infection (CDI) was evaluated in the gnotobiotic pig model, and its effect on human gut microflora transplanted into the gnotobiotic pig was determined. Tigecycline oral treatment improved survival, clinical signs and lesion severity, and markedly decreased concentrations of Firmicutes, but did not promote CDI. Our data showed that oral tigecycline treatment has a potential beneficial effect on the treatment of CDI."
What is the role of Actual Self versus Ideal Self in Implicit Self-Estee,To Be or Want to Be: Disentangling the Role of Actual versus Ideal Self in Implicit Self-Esteem.
What is the cause of Cerebral Infarction Caused by Pituitary,Cerebral Infarction Caused by Pituitary Apoplexy: Case Report and Review of Literature.
Prevalence of sleep disturbance in chronic pain?,Prevalence of sleep disturbance in chronic pain.
What is Yogurt used for treating acute gastroenteritis in children?,Yogurt for treating acute gastroenteritis in children: Systematic review and meta-analysis.
What is the impact of Di(2-ethylhexyl)phthalate,Impact of Di(2-ethylhexyl)phthalate on migration rate of human promyelocytic leukemia cells (HL-60).
What is the tinnitus rat model?,"OBJECTIVE: This study was designed to establish a low dose salicylate-induced tinnitus rat model and to investigate whether central or peripheral auditory system is involved in tinnitus. METHODS: Lick suppression ratio (R), lick count and lick latency of conditioned rats in salicylate group (120 mg/kg, intraperitoneally) and saline group were first compared. Bilateral auditory nerves were ablated in unconditioned rats and lick count and lick latency were compared before and after ablation. The ablation was then performed in conditioned rats and lick count and lick latency were compared between salicylate group and saline group and between ablated and unablated salicylate groups. RESULTS: Both the R value and the lick count in salicylate group were significantly higher than those in saline group and lick latency in salicylate group was significantly shorter than that in saline group. No significant changes were observed in lick count and lick latency before and after ablation. After ablation, lick count and lick latency in salicylate group were significantly higher and shorter respectively than those in saline group, but they were significantly lower and longer respectively than those in unablated salicylate group. CONCLUSION: A low dose of salicylate (120 mg/kg) can induce tinnitus in rats and both central and peripheral auditory systems participate in the generation of salicylate-induced tinnitus."
Radiation exposure to anaesthetists during endovascular procedures.,Radiation exposure to anaesthetists during endovascular procedures.
What is the function of Smad3 complexly regulated by?,"Smad3 functions as an integrator of diverse signaling, including transforming growth factor beta signaling and the function of Smad3 is complexly regulated by differential phosphorylation at various sites of Smad3. Despite the importance of Smad3 and its various phosphoisoforms, their prognostic significance has rarely been studied. In this study, we demonstrated the prognostic significance of Smad3, its phosphoisoforms, and Smad4 expression by immunohistochemistry in 126 esophageal squamous cell carcinomas. The phosphoisoforms of Smad3 studied in this article included phosphorylation at C-terminal (pSmad3C)(Ser(423/425)) and phosphorylation at the linker region (pSmad3L)(Ser(213)). High expression of Smad3 was associated with shorter overall survival. Co-existence of high expression of pSmad3L(S213) and low expression of pSmad3C(S423/425) were associated with advanced N stage and an independent prognostic factor for overall [hazard ratio (HR) 2.03, 95 % confidence interval (CI) (1.10-3.75), p = 0.023] and disease-free survival [HR 2.41, 95 % CI (1.32-4.39), p = 0.004]. In conclusion, co-existence of high pSmad3L(Ser(213)) expression and low pSmad3C(Ser(423/425)) expression can be considered as immunohistochemical biomarkers for predicting prognosis as well as future therapeutic targets. In addition, our results of combinatory effect of differential phosphorylation of Smad3 on prognosis suggest the mode of action of Smad3 might be logically determined by its phosphorylation pattern."
What is the Yale-Brown Obsessive Compulsive Scale?,The Yale-Brown Obsessive Compulsive Scale: A Reliability Generalization Meta-Analysis.
What is the EEG for neurological prognostication after cardiac arrest?,Electroencephalography (EEG) for neurological prognostication after cardiac arrest and targeted temperature management; rationale and study design.
What is the cause of fetal programming induced by prenatal hypoxia?,"Adverse conditions prenatally increase the risk of cardiovascular disease, including hypertension. Chronic hypoxia in utero (CHU) causes endothelial dysfunction, but whether sympathetic vasoconstrictor nerve functioning is altered is unknown. We, therefore, compared in male CHU and control (N) rats muscle sympathetic nerve activity, vascular sympathetic innervation density, and mechanisms of sympathetic vasoconstriction. In young (Y)-CHU and Y-N rats ( approximately 3 months), baseline arterial blood pressure was similar. However, tonic muscle sympathetic nerve activity recorded focally from arterial vessels of spinotrapezius muscle had higher mean frequency in Y-CHU than in Y-N rats (0.56+/-0.075 versus 0.33+/-0.036 Hz), and the proportions of single units with high instantaneous frequencies (1-5 and 6-10 Hz) being greater in Y-CHU rats. Sympathetic innervation density of tibial arteries was approximately 50% greater in Y-CHU than in Y-N rats. Increases in femoral vascular resistance evoked by sympathetic stimulation at low frequency (2 Hz for 2 minutes) and bursts at 20 Hz were substantially smaller in Y-CHU than in Y-N rats. In Y-N only, the neuropeptide Y Y1-receptor antagonist BIBP3226 attenuated these responses. By contrast, baseline arterial blood pressure was higher in middle-aged (M)-CHU than in M-N rats ( approximately 9 months; 139+/-3 versus 126+/-3 mm Hg, respectively). BIBP3226 had no effect on femoral vascular resistance increases evoked by 2 Hz or 20 Hz bursts in M-N or M-CHU rats. These results indicate that fetal programming induced by prenatal hypoxia causes an increase in centrally generated muscle sympathetic nerve activity in youth and hypertension by middle age. This is associated with blunting of sympathetically evoked vasoconstriction and its neuropeptide Y component that may reflect premature vascular aging and contribute to increased risk of cardiovascular disease."
What was the name of the study that was conducted from January 1990 through May 2014?,"Importance: Several management strategies may improve outcomes in patients with Staphylococcus aureus bacteremia. Objectives: To review evidence of management strategies for S aureus bacteremia to determine whether transesophageal echocardiography is necessary in all adult cases and what is the optimal antibiotic therapy for methicillin-resistant S aureus (MRSA) bacteremia. Evidence Review: A PubMed search from inception through May 2014 was performed to identify studies addressing the role of transesophageal echocardiography in S aureus bacteremia. A second search of PubMed, EMBASE, and the Cochrane Library from January 1990 through May 2014 was performed to find studies addressing antibiotic treatment for MRSA bacteremia. Studies reporting outcomes from antibiotic therapy for MRSA bacteremia were included. All searches, which were limited to English and focused on adults, were augmented by review of bibliographic references from included studies. The quality of evidence was assessed using the Grades of Recommendation, Assessment, Development and Evaluation system with consensus of independent evaluations by at least 2 of the authors. Findings: In 9 studies with a total of 4050 patients, use of transesophageal echocardiography was associated with higher rates of a diagnosis of endocarditis (14%-28%) compared with transthoracic echocardiography (2%-15%). In 4 studies, clinical or transthoracic echocardiography findings did not predict subsequent transesophageal echocardiography findings of endocarditis. Five studies identified clinical or transthoracic echocardiography characteristics associated with low risk of endocarditis (negative predictive values from 93% to 100%). Characteristics associated with a low risk of endocarditis include absence of a permanent intracardiac device, sterile follow-up blood cultures within 4 days after the initial set, no hemodialysis dependence, nosocomial acquisition of S aureus bacteremia, absence of secondary foci of infection, and no clinical signs of infective endocarditis. Of 81 studies of antibiotic therapy for MRSA bacteremia, only 1 high-quality trial was identified. In that study of 246 patients with S aureus bacteremia, daptomycin was not inferior to vancomycin or an antistaphylococcal penicillin, each in combination with low-dose, short-course gentamicin (clinical success rate, 44.2% [53/120] vs 41.7% [48/115]; absolute difference, 2.4% [95% CI, -10.2% to 15.1%]). Conclusions and Relevance: All adult patients with S aureus bacteremia should undergo echocardiography. Characteristics of low-risk patients with S aureus bacteremia for whom transesophageal echocardiography can be safely avoided have been identified. Vancomycin and daptomycin are the first-line antibiotic choices for MRSA bacteremia. Well-designed studies to address the management of S aureus bacteremia are needed."
"What is the difference between ""insiders"" and ""outsiders""?","BACKGROUND: It is unclear whether participation in a randomized controlled trial (RCT), irrespective of assigned treatment, is harmful or beneficial to participants. We compared outcomes for patients with the same diagnoses who did (""insiders"") and did not (""outsiders"") enter RCTs, without regard to the specific therapies received for their respective diagnoses. METHODS: By searching the MEDLINE (1966-2010), Embase (1980-2010), CENTRAL (1960-2010) and PsycINFO (1880-2010) databases, we identified 147 studies that reported the health outcomes of ""insiders"" and a group of parallel or consecutive ""outsiders"" within the same time period. We prepared a narrative review and, as appropriate, meta-analyses of patients' outcomes. RESULTS: We found no clinically or statistically significant differences in outcomes between ""insiders"" and ""outsiders"" in the 23 studies in which the experimental intervention was ineffective (standard mean difference in continuous outcomes -0.03, 95% confidence interval [CI] -0.1 to 0.04) or in the 7 studies in which the experimental intervention was effective and was received by both ""insiders"" and ""outsiders"" (mean difference 0.04, 95% CI -0.04 to 0.13). However, in 9 studies in which an effective intervention was received only by ""insiders,"" the ""outsiders"" experienced significantly worse health outcomes (mean difference -0.36, 95% CI -0.61 to -0.12). INTERPRETATION: We found no evidence to support clinically important overall harm or benefit arising from participation in RCTs. This conclusion refutes earlier claims that trial participants are at increased risk of harm."
What was the anti-IL-17 antibody secukinumab and the anti-IL,"Unmet therapeutic needs in Behcet's disease have drawn recent attention to biological agents targeting cytokines other than TNF. The anti-IL-17 antibody secukinumab and the anti-IL-2 receptor antibody daclizumab were not superior to placebo for ocular Behcet's in randomised controlled trials, comprising 118 and 17 patients, respectively. The anti-IL-1 agents anakinra and canakinumab and the anti-IL-6 agent tocilizumab were given to isolated refractory disease patients, who were either anti-TNF naive (n=9) or experienced (n=18). No new safety signals were reported. Although a potential for bias to report positive effects and underreport negative cases may exist, Anakinra was partially effective, whereas disease remission was noted after canakinumab in some anti-TNF resistant patients. Tocilizumab appeared effective for neuro-Behcet's, but not for mucocutaneous manifestations. Finally, in a pilot study of 7 patients with relapsing posterior uveitis refractory to azathioprine and/or cyclosporine, the anti-IL-1beta antibody Gevokizumab was beneficial. Collectively, it seems that IL-1 and IL-6 are promising targets in patients refractory or intolerant to other regimens including anti-TNFs. However, controlled studies are surely needed."
What is the primary outcome of the study?,"BACKGROUND: Physical therapy is recommended for the management of axial spondyloarthritis (axSpA) and flexibility exercises have traditionally been the main focus. Cardiovascular (CV) diseases are considered as a major health concern in axSpA and there is strong evidence that endurance and strength exercise protects against CV diseases. Therefore, the aim of this study was to investigate the efficacy of high intensity endurance and strength exercise on disease activity and CV health in patients with active axSpA. METHODS: In a single blinded randomized controlled pilot study the exercise group (EG) performed 12 weeks of endurance and strength exercise while the control group (CG) received treatment as usual. The primary outcome was the Ankylosing Spondylitis (AS) Disease Activity Score (ASDAS). Secondary outcomes included patient reported disease activity (Bath AS Disease Activity Index [BASDAI]), physical function (Bath AS Functional Index [BASFI]), and CV risk factors measured by arterial stiffness (Augmentation Index [Alx]) and Pulse Wave Velocity [PWV]), cardiorespiratory fitness (VO2 peak) and body composition. ANCOVA on the post intervention values with baseline values as covariates was used to assess group differences, and Mann Whitney U-test was used for outcomes with skewed residuals. RESULTS: Twenty-eight patients were included and 24 (EG, n = 10, CG, n = 14) completed the study. A mean treatment effect of -0.7 (95%CI: -1.4, 0.1) was seen in ASDAS score. Treatment effects were also observed in secondary outcomes (mean group difference [95%CI]): BASDAI: -2.0 (-3.6, -0.4), BASFI: -1.4 (-2.6, -0.3), arterial stiffness (estimated median group differences [95% CI]): AIx (%): -5.3 (-11.0, -0.5), and for PVW (m/s): -0.3 (-0.7, 0.0), VO2 peak (ml/kg/min) (mean group difference [95%CI]: 3.7 (2.1, 5.2) and trunk fat (%): -1.8 (-3.0, -0.6). No adverse events occurred. CONCLUSION: High intensity exercise improved disease activity and reduced CV risk factors in patients with active axSpA. These effects will be further explored in a larger trial. TRIAL REGISTRATION: ClinicalTrials.gov NCT01436942."
MiR-34a Inhibits Migration and Invasion of Tongue Squa,miR-34a Inhibits Migration and Invasion of Tongue Squamous Cell Carcinoma via Targeting MMP9 and MMP14.
What is the incidence of MM?,"Multiple myeloma (MM) is with an incidence of 4-6/100 000 inhabitants a fairly frequent malignancy of B cells. The incidence increases markedly with age. In this review changes in the treatment of relapsed / refractory myeloma during the last decade have been analysed. The present standard of care in the progressive or refractory myeloma was elaborated by the working group ""Refractory Multiple Myeloma"" using an extensive literature search for studies published between 2003 and 2013. Outside of clinical trials, high-dose therapy with stem cell transplantation is recommended in fit patients up to 75 years without significant comorbidities. Ongoing studies address the question about the least toxic and the most effective treatment. Therefore, inclusion of patients in therapeutic trials and use of novel agent combinations is highly recommended, e. g. with 3rd generation-IMIDs (pomalidomide), new proteasome inhibitors, such as carfilzomib, ixazomib or oprozomib, antibodies, such as elotuzumab, daratumumab or SAR650984, siltuximab, tabalumab, denosumab, romosozumab, BTK-, HSP-inhibitors and other innovative phase I/II agents. Conclusion: Based on new insights in the pathogenesis of the disease, treatment options for MM have changed significantly in recent years. There is a significantly larger treatment diversity, i. e. more MM-active agents and combinations are available today. Even with relapsed MM, patients with the disease often live longer and have fewer complications."
What is the pattern recognition analysis of H NMR?,Visualization of different characteristics of cerebrospinal fluid with acute encephalopathy and febrile seizures using pattern recognition analysis of H NMR.
What is the name of the saponin glycoside called?,"ETHNOPHARMACOLOGICAL RELEVANCE: The roots and rhizomes of Smilax riparia (SR), called ""Niu-Wei-Cai"" in traditional Chinese medicine (TCM), are believed to be effective in treating hyperuricemia and gout symptoms. This study was designed to isolate a saponin glycoside named pallidifloside D from the total saponins of S. riparia and to examine its effect in reducing serum uric acid levels in a hyperuricemic mouse model induced by potassium oxonate. MATERIALS AND METHODS: We examined the effects of pallidifloside D treated with 5, 10 and 20mg/kg on serum uric acid levels (SUA), Serum creatinine (SCr) and blood urea nitrogen (BUN) levels in a hyperuricemic mouse. Colorimetric method was used to evaluate the effects of pallidifloside D on the XOD activities, and Western Blotting analysis were carried out to observe protein levels of mURAT1, mGLUT9 and mOTA1 in hyperuricemic mice after treatment with pallidifloside D. RESULTS: The levels of serum uric acid levels (SUA) were suppressed significantly with dose-dependence by pallidifloside D treated with 5, 10 and 20mg/kg (p<0.05, p<0.01 and p<0.01 respectively). Pallidifloside D could down-regulate the expression levels of renal mURAT1 protein in hyperuricemic mice in a dose-dependent manner (p<0.05, p<0.01, and p<0.001 respectively), and the protein levels of mGLUT9 could be down-regulated with dose-dependence (p<0.05 and p<0.01 respectively) by pallidifloside D at the dose of 10 and 20mg/kg. CONCLUSION: These results suggest that pallidifloside D possesses potent uricosuric effect in hyperuricemic mice through decreasing renal mURAT1 and GLUT9, which contribute to the enhancement of uric acid excretion and attenuate hyperuricemia-induced renal dysfunction."
What is the cause of a cutaneous adverse reaction to calcium channel blockers?,Cutaneous adverse reactions to calcium channel blockers.
What is the name of the sensorized nuss bar for patient-specific treatment of Pe,A Sensorized Nuss Bar for Patient-Specific Treatment of Pectus Excavatum.
What is the channel activity of the individual N- and C-lobes of cal,The individual N- and C-lobes of calmodulin tether to the Cav1.2 channel and rescue the channel activity from run-down in ventricular myocytes of guinea-pig heart.
What is the effect of home-based Interval Walking Training on Thigh Muscle Strength and,"Effects of Home-Based Interval Walking Training on Thigh Muscle Strength and Aerobic Capacity in Female Total Hip Arthroplasty Patients: A Randomized, Controlled Pilot Study."
"What is the effect of combined oral contraceptives on the systemic blood pressure, metabolic variables","The use of combined oral contraceptives is widespread among hypertensive women despite being associated with increased cardiovascular risk. Contraceptives containing drospirenone, which has antimineralocorticoid properties, may have a positive or neutral effect on neurohumoral activation and metabolic homeostasis of hypertensive women at reproductive age. OBJECTIVES: To evaluate the effect of combined oral contraceptive containing drospirenone+ethinylestradiol on the systemic blood pressure, metabolic variables and neurohumoral axis in hypertensive women in reproductive age. DESIGN: Prospective controlled trial with 56 hypertensive women allocated in two groups: 30 volunteers under oral combined contraceptive use and 26 volunteers using non-hormonal contraceptive methods. Subjects were tested before the introduction of the contraceptive method and 6 months after its use. For data acquisition, we used continuous non-invasive beat-to-beat blood pressure curve recordings and, for the biochemical and hormonal analyses two blood samples were obtained. Student's t test was used to determine differences between groups and moments and p<0.05 was considered statistically signi fi cant. RESULTS: Comparing antropometric and blood pressure measurements, cardiac sympatho-vagal modulation, baroreceptor sensitivity, metabolic and neurohumoral axis variables between baseline and after 6 months, no signi fi cant difference was detected in each group or between groups. Except serum triglyceride levels which increased in the group of women using EE+DRSP after 6 months of use. CONCLUSION: A contraceptive containing 20mcg of ethinyl estradiol and 3mg of drospirenone causes no signi fi cant changes in clinical and autonomic parameters, metabolic variables and neurohumoral axis of hypertensive women."
What was the true AUC value for 10mm benign and 20mm malignant lesions?,"PURPOSE: To quantitatively evaluate temporal blurring of dynamic contrast-enhanced MRI data generated using a k-space weighted image contrast (KWIC) image reconstruction technique with golden-angle view-ordering. METHODS: K-space data were simulated using golden-angle view-ordering and reconstructed using a KWIC algorithm with a Fibonacci number of views enforced for each annulus in k-space. Temporal blurring was evaluated by comparingpharmacokinetic model parameters estimated from the simulated data with the true values. Diagnostic accuracy was quantified using receiver operator characteristic curves (ROC) and the area under the ROC curves (AUC). RESULTS: Estimation errors of pharmacokinetic model parameters were dependent on the true curve type and the lesion size. For 10mm benign and malignant lesions, estimated AUC values using the true and estimate AIFs were consistent with the true AUC value. For 5mm benign and 20mm malignant lesions, estimated AUC values using the true and estimated AIFs were 0.906+/-0.020 and 0.905+/-0.021, respectively, as compared with the true AUC value of 0.896. CONCLUSIONS: Although the investigated reconstruction algorithm does impose errors in pharmacokinetic model parameter estimation, they are not expected to significantly impact clinical studies of diagnostic accuracy."
What is the type I of mucopolysaccharidosis?,Liver-directed gene therapy corrects cardiovascular lesions in feline mucopolysaccharidosis type I.
What is the name of the new intraoperative radiation therapy system?,"Using in-house-designed phantoms, the authors evaluated radiation exposure rates in the vicinity of a newly acquired intraoperative radiation therapy (IORT) system: Axxent Electronic Brachytherapy System. The authors also investigated the perimeter radiation levels during three different clinical intraoperative treatments (breast, floor of the mouth and bilateral neck cancer patients). Radiation surveys during treatment delivery indicated that IORT using the surface applicator and IORT using balloons inserted into patient body give rise to exposure rates of 200 mR h-1, 30 cm from a treated area. To reduce the exposure levels, movable lead shields should be used as they reduce the exposure rates by >95 %. The authors' measurements suggest that intraoperative treatment using the 50-kVp X-ray source can be administered in any regular operating room without the need for radiation shielding modification as long as the operators utilise lead aprons and/or stand behind lead shields."
What is Pain Management for Children during Bone Marrow and Stem Cell Transplantation?,Pain Management for Children during Bone Marrow and Stem Cell Transplantation.
What is the role of MCs in the expansion of IL-10-competent,"The discovery of B cell subsets with regulatory properties, dependent on IL-10 production, has expanded our view on the mechanisms that control inflammation. Regulatory B cells acquire the ability to produce IL-10 in a stepwise process: first, they become IL-10 competent, a poised state in which B cells are sensitive to trigger signals but do not actually express the Il-10 gene; then, when exposed to appropriate stimuli, they start producing IL-10. Even if the existence of IL-10-competent B cells is now well established, it is not yet known how different immune cell types cross talk with B cells and affect IL-10-competent B cell differentiation and expansion. Mast cells (MCs) contribute to the differentiation and influence the effector functions of various immune cells, including B lymphocytes. In this study, we explored whether MCs could play a role in the expansion of IL-10-competent B cells and addressed the in vivo relevance of MC deficiency on the generation of these cells. We show that MCs can expand IL-10-competent B cells, but they do not directly induce IL-10 production; moreover, the absence of MCs negatively affects IL-10-competent B cell differentiation. Noteworthy, our findings reveal that the CD40L/CD40 axis plays a significant role in MC-driven expansion of IL-10-competent B cells in vitro and highlight the importance of MC CD40L signaling in the colon."
What is the rare clear cell malignancy?,"Clear cell melanoma is a rare clear cell malignancy. Accurate diagnosis of clear cell melanoma requires integration of immunohistochemical and morphologic findings, with molecular studies to rule out clear cell sarcoma. The differential diagnosis includes melanoma, carcinoma, perivascular epithelioid cell tumor, and epidermotropic clear cell sarcoma. We use a case of a lesion on the helix of an 86-year-old man as an example. Histologic examination revealed an ulcerated clear cell malignant tumor. Tumor cell cytoplasm contained periodic acid-Schiff-positive, diastase-sensitive glycogen. Tumor cells showed positive labeling for S100, HMB-45, and Melan-A, and negative labeling for cytokeratins, p63, and smooth muscle actin. Molecular studies demonstrated BRAF V600E mutation, copy gains at the 6p25 (RREB1) and 11q13 (CCND1) loci, and absence of EWSR1-ATF1 fusion. These findings supported a diagnosis of clear cell melanoma. The rare pure clear cell morphology occurs due to accumulation of intracytoplasmic glycogen. We review the differential diagnosis of clear cell melanoma and describe the utility of immunohistochemical and molecular studies in confirming this diagnosis."
What was the first retinal abnormalities detectable in DCMD?,"OBJECTIVE: To describe the clinical characteristics and long-term follow-up in patients with autosomal dominant cystoid macular dystrophy (DCMD). DESIGN: Retrospective case series. PARTICIPANTS: Ninety-seven patients with DCMD. METHODS: Extensive ophthalmic examination, including visual acuity (VA), fundus photography, fluorescein angiography (FA), fundus autofluorescence (FAF) imaging, optical coherence tomography (OCT), color vision testing, dark adaptation testing, full-field electroretinography (ERG), and electro-oculography (EOG). Blood samples were obtained for DNA extraction and subsequent haplotype analysis. MAIN OUTCOME MEASURES: Age at onset, VA, fundus appearance, and characteristics on FA, FAF, OCT, ERG, and EOG. RESULTS: Cystoid fluid collections (CFCs) were the first retinal abnormalities detectable in DCMD, developing during childhood. At long-term follow-up, the CFCs decreased in size and number, and eventually disappeared with concurrent development of progressive chorioretinal atrophy and hyperpigmented deposits in the posterior pole. Dominant cystoid macular dystrophy could be classified into 3 stages, based on characteristics on ophthalmoscopy, FAF, FA, and OCT, as well as on results of electrophysiologic analysis. The staging system correlated with age and VA. In stage 1 DCMD (20 patients; 22%), patients generally were younger than 20 years and had CFCs with fine folding of the internal limiting membrane and mild pigment changes. In stage 2 DCMD (48 patients; 52%), the CFCs tended to decrease in size, and moderate macular chorioretinal atrophy developed. Patients with stage 3 DCMD (24 patients; 26%) generally were older than 50 years and showed profound chorioretinal atrophy, as well as coarse hyperpigmented deposits in the posterior pole. Most patients were (highly) hyperopic (72 patients; 92%). All DCMD patients shared the disease haplotype at the DCMD locus at 7p15.3. CONCLUSIONS: Dominant cystoid macular dystrophy is a progressive retinal dystrophy, characterized primarily by early-onset cystoid fluid collections in the neuroretina, which distinguishes this disorder from other retinal dystrophies. The phenotypic range of DCMD can be classified into 3 stages. The genetic locus for this retinal dystrophy has been mapped to 7p15.3, but the involved gene is currently unknown."
What is the first-line bevacizumab-containing therapy for advanced breast cancer,Selecting first-line bevacizumab-containing therapy for advanced breast cancer: TURANDOT risk factor analyses.
How many eyes were enrolled in the combined surgery group?,"PURPOSE: To compare the results of combined and consecutive surgeries to treat proliferative diabetic retinopathy and cataract. METHODS: Retrospective comparative study. Forty-one patients with proliferative diabetic retinopathy (PDR) were enrolled. Twenty-nine eyes for the combined surgery group and twelve eyes for the sequential group were included. All surgeries were performed by one surgeon. Phacoemulsification was performed using a clear cornea incision. The vitrectomy was performed using a 20-gauge vitreous cutter. RESULTS: The best corrected visual acuity (BCVA) and intra- and post-operative complications were the main outcome measures. In the combined surgery group, the BCVA increased in 18 (62.1%) eyes, while eight (27.6%) eyes remained stable and three (10.3%) eyes decreased. Postoperative complications included fibrinous exudation in nine eyes, macular edema in three eyes and vitreous hemorrhage in three eyes. In the sequential surgery group, the BCVA increased in seven (58.3%) eyes, remained the same in four (33.3%) eyes and was reduced in one (8.3%) eye. Postoperative complications included macular edema in two eyes, neovascular glaucoma in two eyes and vitreous hemorrhage in one eye. CONCLUSIONS: Both combined and sequential surgeries are safe and effective for treating PDR and cataracts. The combined surgery had a higher incidence of fibrinous exudation."
What is the name of the neoplastic treatment that is a cornerstone of,"Since its introduction in the early nineties as a promising functional imaging technique in the management of neoplastic disorders, FDG-PET, and subsequently FDG-PET/CT, has become a cornerstone in several oncologic procedures such as tumor staging and restaging, treatment efficacy assessment during or after treatment end and radiotherapy planning. Moreover, the continuous technological progress of image generation and the introduction of sophisticated software to use PET scan as a biomarker paved the way to calculate new prognostic markers such as the metabolic tumor volume (MTV) and the total amount of tumor glycolysis (TLG). FDG-PET/CT proved more sensitive than contrast-enhanced CT scan in staging of several type of lymphoma or in detecting widespread tumor dissemination in several solid cancers, such as breast, lung, colon, ovary and head and neck carcinoma. As a consequence the stage of patients was upgraded, with a change of treatment in 10%-15% of them. One of the most evident advantages of FDG-PET was its ability to detect, very early during treatment, significant changes in glucose metabolism or even complete shutoff of the neoplastic cell metabolism as a surrogate of tumor chemosensitivity assessment. This could enable clinicians to detect much earlier the effectiveness of a given antineoplastic treatment, as compared to the traditional radiological detection of tumor shrinkage, which usually takes time and occurs much later."
What is the purpose of RADIATION SAFETY CONSIDERATION?,RADIATION SAFETY CONSIDERATION DURING INTRAOPERATIVE RADIATION THERAPY.
What is the percentage of PSMI screening behavior among PSMI?,"OBJECTIVES: Screening is useful in reducing cancer incidence and mortality. People with severe mental illness (PSMI) are vulnerable to cancer as they are exposed to higher levels of cancer risks. Little is known about PSMI's cancer screening behavior and associated factors. The present study examined the utilization of breast, cervical, prostate, and colorectal cancer screening among PSMI in Hong Kong and to identify factors associated with their screening behaviors. METHOD: 591 PSMI from community mental health services completed a cross-sectional survey. RESULTS: The percentage of cancer screening behavior among those who met the criteria for particular screening recommendation was as follows: 20.8% for mammography; 36.5% for clinical breast examination (CBE); 40.5% for pap-smear test; 12.8% for prostate examination; and 21.6% for colorectal cancer screening. Results from logistic regression analyses showed that marital status was a significant factor for mammography, CBE, and pap-smear test; belief that cancer can be healed if found early was a significant factor for pap-smear test and colorectal screening; belief that one can have cancer without having symptoms was a significant factor for CBE and pap-smear test; belief that one will have a higher risk if a family member has had cancer was a significant factor for CBE; and self-efficacy was a significant factor for CBE and pap-smear test behavior. CONCLUSIONS: Cancer screening utilization among PSMI in Hong Kong is low. Beliefs about cancer and self-efficacy are associated with cancer screening behavior. Health care professionals should improve the knowledge and remove the misconceptions about cancer among PSMI; self-efficacy should also be promoted."
What was the embolism area measured using?,"OBJECTIVE: We tested whether correlation between embolism area and pulmonary arterial pressure may serve as an indicator of pulmonary arterial hypertension in patients with acute pulmonary thromboembolism. PATIENTS AND METHODS: In total, 204 patients who underwent spiral computed tomography (CT) pulmonary angiography and ultrasonic cardiogram were enrolled. The patients were stratified according to their pulmonary arterial systolic pressure into those with normal values, or those with mild, moderate, or severe pulmonary arterial hypertension. The embolism area was quantified using Qanadli score. RESULTS: We found that embolism area correlated positively with pulmonary arterial systolic pressure (r = 0.514). Specifically, embolism areas of four study groups were, respectively, 17.72 +/- 13.61%, 18.25 +/- 13.78%, 33.39 +/- 10.99%, 40.46 +/- 15.75%, obviously increasing along with progression of the disease. Pulmonary arterial systolic pressure was above 41 mm Hg when the embolism area was >33%, and above 70 mm Hg with the embolism area of > 40%. CONCLUSIONS: Assessment of the embolism area is useful in the clinical evaluation of pulmonary arterial systolic pressure, but appears to be more applicable to moderate and severe pulmonary arterial hypertension."
What is the name of the ERK and Akt Pathway?,Urotensin II Inhibits Doxorubicin-Induced Human Umbilical Vein Endothelial Cell Death by Modulating ATF Expression and via the ERK and Akt Pathway.
What is the most commonly used language in the Western Pacific and Southeast Asia?,"Motorcycles are the leading cause of road traffic deaths in the Western Pacific and Southeast Asia, where Mandarin Chinese is the most commonly used language. Sensation seeking (SS) is reported to correlate with many risky motor vehicle behaviors, and therefore a culture-adapted Chinese instrument is needed to assess this personality trait in Chinese-speaking motorcycling populations. The standard front and blinded-backward process was carried out to formulate the Chinese-language Brief Sensation Seeking Scale (C-BSSS). 193 parental motorcyclists who rode with their young children were interviewed concerning their SS levels, demographics, riding behaviors, and the driving/riding experiences. A random sample of 30 subjects was re-interviewed 1-2 weeks later to examine the test-retest reliability. Psychometric analyses revealed satisfactory item characteristics, internal consistency, intraobserver reliability, and interobserver reliability. Additionally, parental motorcyclists who had the following characteristics were more likely to be the high sensation seekers (SSers), including male, younger age, presenting risky motor vehicle behaviors of themselves (e.g., higher riding speeds, operating after drinking, using a mobile phone while operating, and receiving a traffic ticket), and carrying child passengers who demonstrated dangerous motorcycling behaviors (e.g., a younger age, non-helmeted, and overloaded). We conclude that the C-BSSS is a useful and reliable measure of SS for ethnic Chinese populations. This instrument may be helpful to develop the future prevention strategy of motorcycle injuries in Chinese parental motorcyclists and their young child passengers."
What was the average age of the study?,"A case-control study among Singapore Armed Forces' newly enlisted Servicemen was conducted to examine factors associated with male obesity. Four hundred and fifty-nine individuals from the Obese Basic Military Training program were selected as ""cases"" (average age: 19.5, body mass index: 30.4) and another 340 individuals were selected from the Normal Basic Military Training program as ""controls"" (average age: 19.3, body mass index: 21.4). Information such as family background, socioeconomic factors, and lifestyle practices were captured using facilitator-led questionnaires. Several variables were significantly associated with obesity after adjustments for possible confounders. These include childhood obesity (odds ratio [OR] = 2.06), less than an hour of exercise per day (OR = 2.97), Indian ethnicity (OR = 2.22), specific education backgrounds (especially that of Institute of Technical Education-OR = 2.75), father's employment at nonmanagerial/professional jobs (OR = 1.52), mother's employment at managerial/professional jobs (OR = 2.02), regular smoking (OR = 1.73) and alcohol consumption (OR = 2.26), 6 hours or less of sleep (OR = 3.73), obesity among family members (OR = 1.86 for mother; OR = 2.98 for siblings), parental history of diabetes mellitus (OR = 2.22 for father; OR = 2.70 for mother), and eating at inexpensive local food stalls (OR = 1.82). Our study found that a number of factors, ranging from personal and family backgrounds to lifestyle choices, were significantly associated with obesity among male youths."
What is the fetal insulin/insulin-like growth factor system?,Diabetes-associated changes in the fetal insulin/insulin-like growth factor system are organ specific in rats.
What is the Correlation Between Clinicopathological Features?,In Situ Assessment Of Pi3k And Pten Alterations In Mycosis Fungoides: Correlation With Clinicopathological Features.
What is the name of the emerging drug problem in Asia?,Emerging drug problems in Asia.
What is the etiologically and morphologically heterogeneous group,"Context.-Neutrophilic panniculitis encompasses an etiologically and morphologically heterogeneous group of disorders. Correct histopathologic diagnosis is important in identifying certain systemic diseases and guiding appropriate treatment. Objective.-To review the clinical and histopathologic features of different types of neutrophilic panniculitis, and to provide a diagnostic algorithm for these disorders. Data Sources.-A review of the literature with emphasis on the distinguishing features of different entities was performed. Conclusions.-Evaluation for neutrophilic panniculitis entails paying close attention to the pattern of inflammation, the type of fat necrosis present, any evidence of vascular damage, and other relevant histopathologic features. An algorithmic approach integrating all histopathologic, clinical, and laboratory findings is required for correct diagnosis."
What are the immunophenotypes of different stem cell types?,"Immunomodulators regulate stem cell activity at all stages of development as well as during adulthood. Embryonic stem cell (ESC) proliferation as well as neurogenic processes during embryonic development are controlled by factors of the immune system. We review here immunophenotypic expression patterns of different stem cell types, including ESC, neural (NSC) and tissue-specific mesenchymal stem cells (MSC), and focus on immunodulatory properties of these cells. Immune and inflammatory responses, involving actions of cytokines as well as toll-like receptor (TLR) signaling are known to affect the differentiation capacity of NSC and MSC. Secretion of pro- and anti-inflammatory messengers by MSC have been observed as the consequence of TLR and cytokine activation and promotion of differentiation into specified phenotypes. As result of augmented differentiation capacity, stem cells secrete angiogenic factors including vascular endothelial growth factor, resulting in multifactorial actions in tissue repair. Immunoregulatory properties of tissue specific adult stem cells are put into the context of possible clinical applications."
What is the name of the ATP-Binding Cassette Transporters,Repositioning of Tyrosine Kinase Inhibitors as Antagonists of ATP-Binding Cassette Transporters in Anticancer Drug Resistance.
What is the IMC's name?,Gr-1+CD11b+ Immature Myeloid Cells (IMC) Promote Resistance of Pro-Inflammatory T Cells to Suppression by Regulatory T Cells in Atherosclerotic Apo E- Deficient Mice.
How many Gy/25 fractions were IMRT prescribed?,"OBJECTIVE:: To assess late toxicity and outcomes in high-risk prostate cancer patients treated with hypofractionated radiation treatment with androgen suppression therapy. METHODS:: Sixty high-risk prostate cancer patients were enrolled. IMRT prescription was 68 Gy/25 fractions (2.7 Gy/fraction) to the prostate and proximal seminal vesicles (SV). The pelvic lymph nodes (PLN) and distal SV concurrently received 45 Gy/25 fractions (1.8 Gy/fraction). The patients were treated with helical TomoTherapy-based IMRT and underwent daily megavoltage CT image-guided verification before each treatment. RTOG Toxicity scores were recorded for a 5-year period. RESULTS:: Sixty patients completed RT with median follow-up of 63 months (range, 7 to 80 mo).At 5 years follow-up timepoint: Grade (G)2 and G3 late genitourinary toxicity was experienced in 7 (17.0%) and 1 (2.44%), respectively; gastrointestinal G2 as highest toxicity recorded in only 1 (2.44%) patient. There was no G3 gastrointestinal toxicity recorded at this timepoint.With 63-month median follow-up (mean of 65.41+/-1.72 mo), the 5-year overall survival was 86.67%; 5 years freedom from biochemical failure was 91.67% and freedom from clinical failure was 96.67%. CONCLUSIONS:: Dose escalation and hypofractionated radiation treatment with IMRT treating the prostate and proximal SV concurrently with the pelvic lymph nodes and distal SV and long-term androgen suppression therapy is well tolerated with respect to acute and late toxicity with 5-year actuarial overall survival 86.67%, freedom from biochemical failure 91.38%, and freedom from clinical failure 96.67%. Longer follow-up will provide more information on 10-year survival outcomes."
What is the first agent of this class?,"BACKGROUND: Proteasome inhibitors are a relatively new class of chemotherapeutic agents. Bortezomib is the first agent of this class and is currently being used for the treatment of multiple myeloma. However, recent reports have linked exposure to bortezomib with the development of thrombotic microangiopathy. A new agent in this class, carfilzomib, has been recently introduced as alternative therapy for relapsing and refractory multiple myeloma. We report a case of renal thrombotic microangiopathy associated with the use of carfilzomib in a patient with refractory multiple myeloma. CASE PRESENTATION: A 62 year-old Caucasian man with hypertension and a 4-year history of multiple myeloma, had been previously treated with lenalidomide, bortezomib and two autologous hematopoietic stem cell transplants. After the second hematopoietic stem cell transplant, he developed acute kidney injury secondary to septic shock and required dialysis for 4 weeks. Subsequently, his serum creatinine stabilized at 2.1 mg/dL (185.64 mumol/L). Seventeen months after the second hematopoietic stem cell transplant, he was initiated on carfilzomib for relapse of multiple myeloma. Six weeks later, he developed abrupt worsening of lower extremity edema and hypertension, and new onset proteinuria. His kidney function remained stable. Kidney biopsy findings were consistent with thrombotic microangiopathy. Eight weeks after discontinuation of carfilzomib, proteinuria and hypertension improved. Due to progression of multiple myeloma, he died a few months later. CONCLUSION: In view of the previously reported association of bortezomib with thrombotic microangiopathy, the temporal association of the clinical picture with the initiation of carfilzomib, and the partial resolution of symptoms after discontinuation of the drug, we conclude that carfilzomib may have precipitated a case of clinically evident renal thrombotic microangiopathy in our patient."
What is the most preferred treatment approach?,"Insomnia is common, but undertreated, among primary care patients. Within the Veterans Health Administration (VA), increasing attention has been given to the treatment of insomnia within primary care settings, but little research has examined Veterans' treatment preferences. We examined preferences for sleep treatment among VA primary care patients. Participants (N = 126: 98% male, 89% white; M age = 60 years) completed a brief survey. On the basis of Insomnia Severity Index scores, 22% reported subthreshold and 13% moderate insomnia. Fifty percent reported having issues with sleep (falling asleep, staying asleep, or sleeping too much) in the past 12 months; among these, only 44% reported any discussion of medication (34%) or other strategies (32%) to improve sleep with medical providers. The most preferred treatment approach was to work it out on one's own, followed by consulting the primary care provider (PCP). The most preferred modality was a one-on-one meeting with the PCP, followed by a one-on-one meeting with the behavioral health provider. In conclusion, VA primary care patients preferred handling sleep problems on their own, but if seeking help, they preferred working with PCPs over behavioral health providers. The majority of Veterans preferred individual treatment and strategies other than medication."
What was the effect of arsenic trioxide on neurogliocytoma,"OBJECTIVE: This study aimed to investigate the inhibiting effect of arsenic trioxide (As2O3) on neurogliocytoma in nude mice and the mechanism responsible for this effect. MATERIALS AND METHODS: Neurogliocytoma implantation models were constructed in nude mice, which were assigned to three groups: the control group, the sustained release tablet-polylactic acid-glycolic acid polymer (50:50) group (PLGA group) and the As2O3-polylactic acid-glycolic acid polymer (50:50) (As2O3-PLGA group). One tablet of As2O3-PLGA was implanted in the tumor of the As2O3-PLGA group. Intratumoral implantation was also performed in the other groups using a different type of tablet. The sustained releasing As2O3 had an inhibiting effect on the tumors. The TUNEL assay was used to determine the apoptosis rates in the implanted tumors. Immunohistochemical staining and Western blotting was carried out to determine the expression levels of caspase-3 and Bcl-2. RESULTS: No inhibitory effect was observed on the tumor in the PLGA group, and there was no significant difference between this group and the control group. Subcutaneous tumor growth in nude mice was significantly inhibited in the As2O3-PLGA group relative to that in the control group, and the difference was statistically significant (p < 0.01). The tumor inhibition rate was 60.8%. The percentage of apoptotic tumor cells in the As2O3-PLGA group was 30.8%, which was significantly higher than that in the control group (3.92%) and that in the PLGA group (4.08%). The expression of Bcl-2 in the implanted tumor tissue was significantly reduced, but the expression of caspase-3 increased significantly. CONCLUSIONS: As2O3 has a potent inhibiting effect on the growth of neurogliocytoma in vivo and can induce the apoptosis of tumor cells. The molecular mechanism of this effect may be related to the downregulation of Bcl-2 expression and the upregulation of caspase-3 expression."
What was the name of the study that used two large population surveys?,"OBJECTIVE: To study the performance of a developed job exposure matrix (JEM) for the assessment of psychosocial factors at work in terms of accuracy, possible misclassification bias and predictive ability to detect known associations with depression and low back pain (LBP). MATERIALS AND METHODS: We utilized two large population surveys (the Health 2000 Study and the Finnish Work and Health Surveys), one to construct the JEM and another to test matrix performance. In the first study, information on job demands, job control, monotonous work and social support at work was collected via face-to-face interviews. Job strain was operationalized based on job demands and job control using quadrant approach. In the second study, the sensitivity and specificity were estimated applying a Bayesian approach. The magnitude of misclassification error was examined by calculating the biased odds ratios as a function of the sensitivity and specificity of the JEM and fixed true prevalence and odds ratios. Finally, we adjusted for misclassification error the observed associations between JEM measures and selected health outcomes. RESULTS: The matrix showed a good accuracy for job control and job strain, while its performance for other exposures was relatively low. Without correction for exposure misclassification, the JEM was able to detect the association between job strain and depression in men and between monotonous work and LBP in both genders. CONCLUSIONS: Our results suggest that JEM more accurately identifies occupations with low control and high strain than those with high demands or low social support. Overall, the present JEM is a useful source of job-level psychosocial exposures in epidemiological studies lacking individual-level exposure information. Furthermore, we showed the applicability of a Bayesian approach in the evaluation of the performance of the JEM in a situation where, in practice, no gold standard of exposure assessment exists."
What is the diagnostic value of a Rec-ELISA?,"Diagnostic Value of a Rec-ELISA Using Toxoplasma gondii Recombinant SporoSAG, BAG1, and GRA1 Proteins in Murine Models Infected Orally with Tissue Cysts and Oocysts."
What is the effect of recurrent hypoglycaemia on adrenal catecholamine release,Direct effects of recurrent hypoglycaemia on adrenal catecholamine release.
"What is the comparison between Propofol, Etomidate and Thiopental in","Comparison of Propofol, Etomidate, and Thiopental in Anesthesia for Electroconvulsive Therapy: A Randomized, Double-blind Clinical Trial."
"What is the importance of small droplet nuclei ""aerosols"" in","INTRODUCTION: While influenza A and B viruses can be transmitted via respiratory droplets, the importance of small droplet nuclei ""aerosols"" in transmission is controversial. METHODS AND FINDINGS: In Hong Kong and Bangkok, in 2008-11, subjects were recruited from outpatient clinics if they had recent onset of acute respiratory illness and none of their household contacts were ill. Following a positive rapid influenza diagnostic test result, subjects were randomly allocated to one of three household-based interventions: hand hygiene, hand hygiene plus face masks, and a control group. Index cases plus their household contacts were followed for 7-10 days to identify secondary infections by reverse transcription polymerase chain reaction (RT-PCR) testing of respiratory specimens. Index cases with RT-PCR-confirmed influenza B were included in the present analyses. We used a mathematical model to make inferences on the modes of transmission, facilitated by apparent differences in clinical presentation of secondary infections resulting from aerosol transmission. We estimated that approximately 37% and 26% of influenza B virus transmission was via the aerosol mode in households in Hong Kong and Bangkok, respectively. In the fitted model, influenza B virus infections were associated with a 56%-72% risk of fever plus cough if infected via aerosol route, and a 23%-31% risk of fever plus cough if infected via the other two modes of transmission. CONCLUSIONS: Aerosol transmission may be an important mode of spread of influenza B virus. The point estimates of aerosol transmission were slightly lower for influenza B virus compared to previously published estimates for influenza A virus in both Hong Kong and Bangkok. Caution should be taken in interpreting these findings because of the multiple assumptions inherent in the model, including that there is limited biological evidence to date supporting a difference in the clinical features of influenza B virus infection by different modes."
What is the name of the disease that has been debated in the past?,"Langerhans cell histiocytosis is a rare disease with a variable clinical presentation, and its prognosis and treatment depend on the extent and severity of disease. Although the pathogenesis of Langerhans cell histiocytosis has been debated in the past, recent evidence suggests that it is a neoplastic proliferation potentially derived from a myeloid-lineage precursor. Involvement of the gastrointestinal tract in Langerhans cell histiocytosis is exceedingly rare and is most often encountered in the pediatric population, in the setting of systemic disease. This is illustrated using a case of Langerhans cell histiocytosis involving the esophagus in a 59-year-old woman who presented with dysphagia, in which molecular testing documented a BRAF V600E mutation. We review the features and implications of this diagnosis."
What was the recurrence rate in patients with GA genotype?,"This study aims to examine the correlation between two single nucleotide polymorphisms (SNPs) of apoptosis-related genes and clinical outcomes in gastric cancer. A total of 221 patients with stage T2 and T3 gastric cancer treated with postoperative chemotherapy between 2003 and 2008 were retrospectively collected in this study to explore the association of rs4645878 located in BAX gene and rs1801270 located in CDKN1A gene with survival, recurrence, and toxicity to chemotherapy. Additionally, immunohistochemistry was used to detect the BAX expression in gastric cancer tissues. Patients carrying at least one variant genotype in BAX SNP (rs4645878) showed a significantly increased recurrence risk [hazard ratio (HR) 2.63; 95 % confidence internal (95 % CI) 1.71-4.03] and poor survival (HR 2.89; 95 % CI 1.88-4.44). Moreover, the recurrence and survival rate in patients with GA genotype was 72.7 and 24.7 %, respectively, compared with total recurrence rate of 54.8 %, P = 0.006, and compared with total survival rate of 46.6 %, P = 0.001. In addition, the GA genotype was related to lower BAX expression in gastric cancer tissues. The CDKN1A (rs1801270) mutant genotype was associated with a significantly decreased risk of hematologic toxicity [odds ratio (OR) 0.28; 95 % CI 0.12-0.63]. SNPs located in BAX and CDKN1A genes are closely associated with clinical outcomes in patients with gastric cancer."
What is the relationship between interpersonal competence and interpersonal performance?,"BACKGROUND: Many individuals with schizophrenia experience remission of prominent positive symptoms but continue to experience impairments in real world functioning. Residual negative and depressive symptoms may have a direct impact on functioning and impair patients' ability to use the cognitive and functional skills that they possess (competence) in the real world (functional performance). METHODS: 136 individuals (100 men, 36 women) with schizophrenia were classified as having primarily positive symptoms, primarily negative symptoms, primarily depressive symptoms, or undifferentiated symptom profiles. Performance based measures of cognition and adaptive and interpersonal functional competence were used, along with ratings of real world behavior by high contact clinicians. Assessments were performed at baseline and at an 18-month follow-up. RESULTS: The relationships between neurocognition and capacity / performance were not moderated by symptom group ps > .091; neurocognition predicted capacity and performance for all groups ps < .001. The relationship between adaptive competence and adaptive performance was moderated by symptom group, ps < .01, such that baseline competence only predicted future performance ratings for participants with primarily positive or undifferentiated symptoms, and not for individuals with primarily negative or depressive symptoms. This same moderation effect was found on the relationship between interpersonal competence and interpersonal performance, ps < .002. CONCLUSIONS: Residual negative and depressive symptoms are distinct constructs that impede the use of functional skills in the real world. Depressive symptoms are often overlooked in schizophrenia but appear to be an important factor that limits the use of functional ability in real world environments."
What is the lowest pertussis toxin antibody in two regional cohorts of Canadian,Low pertussis toxin antibody levels in two regional cohorts of Canadian pregnant women.
What is the term for Positron Emission Tomography?,Positron Emission Tomography (PET) in Oncology.
What is the treatment of SIADH in small cell lung cancer?,[Symptomatic therapy of SIADH in small cell lung cancer by tolvaptan.]
What is the effect of Hypoglycemia on Brain Structure in People With Type 2 Diabetes,Effect of Hypoglycemia on Brain Structure in People With Type 2 Diabetes: Epidemiological Analysis of the ACCORD-MIND MRI Trial.
What is the HO-1 polymorphism?,"BACKGROUND: Atrial fibrillation (AF) is associated with increased oxidative stress. Emerging evidence suggests that heme oxygenase-1 (HO-1) is a potent antioxidant system against various oxidative stress-related diseases. The human HO-1 promoter has a GT-repeat length polymorphism that can determine the level of gene transcription. OBJECTIVE: The aim of this study is to assess the role of the GT-repeat polymorphism in the promoter region of the HO-1 gene in Chinese-Taiwanese patients with AF. METHODS AND RESULTS: This study enrolled 200 AF patients and 240 controls, comparable for age and gender. In each subject, the length of GT-repeat polymorphism in the HO-1 promoter region was examined by polymerase chain reactions. The frequencies of long GT-repeat alleles (>==32) were significantly higher in AF patients than in controls. Multivariate analysis showed that the presence of long allele was significantly and independently associated with AF (odds ratio: 1.91, 95% CI 1.07-3.72; P = 0.028). Right atrial tissues from patients with chronic AF were investigated with immunoconfocal microscopy. Patients homozygous for shorter GT-repeat alleles exhibited greater HO-1 expression in their atria than those homozygous for longer alleles, which was reflected by less oxidative stress, myofibril degradation, and fibrosis in the atria of patients with shorter GT-repeat. In vitro, transient transfection assay in HL-1 atrial myocytes showed that the responsiveness of HO-1 transcriptional activity to tachypacing was inversely correlated with the length of the GT-repeats. CONCLUSION: Our results suggest that the HO-1 microsatellite polymorphism may contribute to the genetic background of AF in Chinese-Taiwanese patients."
What is the name of the Malignant Hyperthermia Association of the United States?,"Malignant Hyperthermia Deaths Related to Inadequate Temperature Monitoring, 2007-2012: A Report from The North American Malignant Hyperthermia Registry of the Malignant Hyperthermia Association of the United States."
What was the main objective of this study?,"BACKGROUND:: Mitochondrial consequences from foetal exposure to HIV infection and antiretrovirals could be further investigated. OBJECTIVE:: The main objective of this study was to evaluate maternofoetal mitochondrial disturbances in HIV infection and antiretroviral administration in human pregnancies as the aetiopathogenic basis of suboptimal perinatal-clinical features. DESIGN:: Cross-sectional, prospective, observational, exploratory and controlled study. METHODS:: Clinical/epidemiological data of 35 HIV-infected pregnant women and 17 controls were collected. Mitochondrial DNA (mtDNA) and RNA (mtRNA) content (RT-PCR), enzymatic activities and content (spectrophotometry) were measured in leucocytes. Genetic-functional, maternofoetal and molecular-clinical correlations were assessed. RESULTS:: Birth weight was lower in infants from HIV-infected mothers compared with controls. MtDNA values were slightly decreased in HIV cases, although not reaching statistical significance. MtRNA values were lower in HIV-infected mothers. Similarly, binary complex II+III enzymatic activity decreased to 50% in both HIV-infected mothers (44.45 +/- 3.77%) and their infants (48.79 +/- 3.41%) (P = 0.001 and P < 0.001). Global CI+III+IV enzymatic activity was lower in HIV-infected mothers and infants (90.43 +/- 2.39% and 51.16 +/- 9.30%) (P < 0.005 and P < 0.05). MtDNA content correlated with function in mothers and infants. Maternofoetal parameters correlated at genetic and functional levels. CONCLUSION:: HAART toxicity caused mitochondrial damage in HIV-infected pregnant women and their newborns, being present at a genetic and functional level with a maternofoetal correlation."
What is an improved Flow Cytometric Immunobead Array to Detect,An Improved Flow Cytometric Immunobead Array to Detect Autoantibodies in Plasma from Patients with Immune Thrombocytopenic Purpura.
What is the European Society of Gastrointestinal Endoscopy?,Clinical indications for computed tomographic colonography: European Society of Gastrointestinal Endoscopy (ESGE) and European Society of Gastrointestinal and Abdominal Radiology (ESGAR) Guideline.
What was the expression pattern of DPP-4 expressed in human and mouse islets?,"Dipeptidyl peptidase 4 (DPP-4) was recently found to be expressed in human and mouse islets with different expression pattern. However, whether species-dependent expression pattern is a generalized phenomenon and whether islet DPP-4 activity is regulated are not known. This study was conducted to investigate DPP-4 localization in several different species, and to examine the impact of glucose, incretin hormones, and insulin on islet DPP-4 activity. It was shown by immuofluorescent staining that there were two distinct species-specific expression pattern of islet DPP-4. The enzyme was expressed exclusively in alpha-cells in human and pig islets, but primarily in beta-cells in mouse and rat islets. INS-1 832/13 cells also expressed DPP-4, and inhibition of DPP-4 enhanced insulin secretion in the presence of glucagon-like peptide-1 (GLP-1) in the cells. DPP-4 activity was remarkably robust when cultured with high glucose, incretin hormones, and insulin in mouse and human islets as well as INS-1 832/13 cells and islet DPP-4 activity and expression pattern was not altered in double incretin receptor knockout mice, compared to wild type mice. We conclude that islet DPP-4 is species-specifically expressed in alpha-cell and ss-cell dominant patterns in several species and both patterns remained robust in enzyme activity during short-term metabolic challenge."
What is the primary outcome of the Vineland Adaptive Behavior Scales Second,"OBJECTIVES:: The Therapeutic Hypothermia After Pediatric Cardiac Arrest trials will determine whether therapeutic hypothermia improves survival with good neurobehavioral outcome, as assessed by the Vineland Adaptive Behavior Scales Second Edition, in children resuscitated after cardiac arrest in the in-hospital and out-of-hospital settings. We describe the innovative efficacy outcome selection process during Therapeutic Hypothermia After Pediatric Cardiac Arrest protocol development. DESIGN/SETTING:: Consensus assessment of potential outcomes and evaluation timepoints. INTERVENTIONS:: None. MEASUREMENTS AND MAIN RESULTS:: We evaluated practical and technical advantages of several follow-up timepoints and continuous/categorical outcome variants. Simulations estimated power assuming varying hypothermia benefit on mortality and on neurobehavioral function among survivors. Twelve months after arrest was selected as the optimal assessment timepoint for pragmatic and clinical reasons. Change in Vineland Adaptive Behavior Scales Second Edition from prearrest level, measured as quasicontinuous with death and vegetative status being worst-possible levels, yielded optimal statistical power. However, clinicians preferred simpler multicategorical or binary outcomes because of easier interpretability and favored outcomes based solely on postarrest status because of concerns about accurate parental assessment of prearrest status and differing clinical impact of a given Vineland Adaptive Behavior Scales Second Edition change depending on prearrest status. Simulations found only modest power loss from categorizing or dichotomizing quasicontinuous outcomes because of high expected mortality. The primary outcome selected was survival with 12-month Vineland Adaptive Behavior Scales Second Edition no less than two SD below a reference population mean (70 points), necessarily evaluated only among children with prearrest Vineland Adaptive Behavior Scales Second Edition greater than or equal to 70. Two secondary efficacy outcomes, 12-month survival and quasicontinuous Vineland Adaptive Behavior Scales Second Edition change from prearrest level, will be evaluated among all randomized children, including those with compromised function prearrest. CONCLUSIONS:: Extensive discussion of optimal efficacy assessment timing, and of the advantages versus drawbacks of incorporating prearrest status and using quasicontinuous versus simpler outcomes, was highly beneficial to the final Therapeutic Hypothermia After Pediatric Cardiac Arrest design. A relatively simple, binary primary outcome evaluated at 12 months was selected, with two secondary outcomes that address the potential disadvantages of primary outcome."
What is the NG2 Proteoglycan in a Rat Model of,Dynamic Contrast Enhanced MRI Detects Early Response to Adoptive NK Cellular Immunotherapy Targeting the NG2 Proteoglycan in a Rat Model of Glioblastoma.
What is the bronchoalveolar lavage fluid that is characterized by late-,Late-onset methotrexate-induced pneumonitis with neutrophilia in bronchoalveolar lavage fluid.
What was the aim of this study?,"The aim of this study was to a conduct a systematic review of carmustine wafers (Gliadel wafers) for the treatment of glioblastoma multiforme (GBM) to assess the survival benefit and safety of this therapy. The inclusion criteria were 1) prospective or retrospective clinical trial; 2) patients who had undergone resection for primary GBM or first recurrence of GBM with or without carmustine wafer implantation; 3) patients with malignant gliomas that included GBM; 4) outcomes including survival analysis of the GBM population. Six trials met the inclusion criteria; four were randomized, controlled trials and two were retrospective. The trials varied with regard to the type of patients and interventions. In three of the trials, patients with GBM who received carmustine wafers had significantly longer median survival than patients who did not receive wafers. Implantation of carmustine wafers did not significantly improve progression-free survival. Carmustine wafers did not increase adverse effects. This systematic review suggests that carmustine wafers have demonstrated promise as an effective and tolerable treatment in comparison to other treatment strategies in patients with GBM."
What is the Prevalence and Factors for Cancer Screening Behavior among People with Se,The Prevalence and Factors for Cancer Screening Behavior among People with Severe Mental Illness in Hong Kong.
What is an anti-thyroid thioureylene?,"Downregulation of involucrin in psoriatic lesions following therapy with propylthiouracil, an anti-thyroid thioureylene: immunohistochemistry and gene expression analysis."
What is the Nintendo Wii Balance Board?,Validating and Calibrating the Nintendo Wii Balance Board to Derive Reliable Center of Pressure Measures.
What is FeS clusters used for molybdenum cofactor biosynthesis?,The role of FeS clusters for molybdenum cofactor biosynthesis and molybdoenzymes in bacteria.
What is the therapeutic potential of SIRT1 activity in the treatment of NAFLD discovered in,"Sirtuins (SIRTs) are members of the silent information regulator-2 family and act as nicotinamide adenine dinucleotide (NAD+)-dependent histone/protein deacetylases. The de-acetylation of proteins and histones results in an up- or down-regulation of gene transcription and protein function. In recent years, the regulatory action of the deacetylation activity of SIRT1 has been shown to have a positive impact on the pathophysiological mechanisms of nonalcoholic fatty liver disease (NAFLD). Among the effects of SIRT1 are: its healing activity on insulin sensitivity, thereby ameliorating glycemic regulation; its mimetic activity on calorie restriction; its antihyperlipidemic activity on lipid homeostasis via the liver, adipose tissues and skeletal muscles; its anti-inflammatory activities; its protective effects against cardiovascular events and endothelial dysfunction; its positive influence on autophagy, apoptosis and cancer; and finally, its anti-aging activity. The current approach for the treatment of NAFLD involves the treatment of etiological factors and recommendation of life-style changes including more physical activity and a low-calorie diet. However, there is no specific medical treatments for NAFLD. The therapeutic potential of SIRT1 activity in the treatment of NAFLD discovered in humans has been presented in this article. In this review, the potential effects of SIRT1 activation on NAFLD-related pathophysiological mechanisms and on the treatment of NAFLD are discussed."
What is the name of the article that has been withdrawn?,This article has been withdrawn.
What is the Correlation of Proteinuria with Podocyte Foot Process Efface,Correlation of Proteinuria with Podocyte Foot Process Effacement in IgA Nephropathy: An Ultrastructural Study.
What is the high uptake of systematic HIV Counseling and Testing and TB Symptom,High Uptake of Systematic HIV Counseling and Testing and TB Symptom Screening at a Primary Care Clinic in South Africa.
What is the TM4SF5-specific monoclonal antibody presumed to serve,"Transmembrane 4 superfamily member 5 protein (TM4SF5) is presumed to serve as a molecular target to prevent or treat hepatocellular carcinoma (HCC) and colon cancer in a mouse model. Previously, we reported the efficacy of anti-cancer peptide vaccine targeting TM4SF5. In addition, we reported an anti-proliferative effect of anti-TM4SF5 monoclonal antibody in HCC. Here, we investigated expression of TM4SF5 in 45 primary colon cancer tissues. Almost all of the colon cancer tissues expressed TM4SF5 based on immunohistochemistry using anti-TM4SF5 monoclonal antibody. The treatment of human colon cancer cells with anti-TM4SF5 antibody reduced growth of TM4SF5 expressing cells and enhanced expression of E-cadherin and beta-catenin. Using mouse colon cancer models, we then evaluated the in vivo anti-cancer effect of anti-TM4SF5 antibody. Injection of the antibody significantly reduced growth of tumors priorly established by subcutaneous injection of human colon cancer cells HT-29 in a xenograft setting. We obtained similar results with mouse colon cancer cell line CT-26 in an allograft setting. Therefore, we suggest that the TM4SF5-specific monoclonal antibody has a therapeutic effect against colon cancer."
What was the effect of growth hormone on cognitive dysfunction?,"OBJECTIVE: The effects of growth hormone on cognitive dysfunction were observed in a controlled cortical impact (CCI) rat model and the underlying mechanism was explored. METHOD: Three-month-old male SD rats were randomly divided into sham (n = 10), control (n = 10), and CCI groups (n = 40) The parameters were set as follows: striking speed, 3.5 m/s; impact depth, 1.5 mm; and dwell time, 400 msec. Eight and ten weeks post-injury, the GH levels were measured the water maze test and novel object recognition test were performed. CCI rats were divided into normal and decreased GH groups, and further randomly divided into two sub-groups (rhGH treatment and saline vehicle groups). All rats were tested for SYN, BDNF, and TrkB mRNA in the prefrontal cortex and hippocampus by RT-PCR. RESULTS: CCI rats 8 weeks post-injury had cognitive dysfunction regardless of the GH level (P<0.05). rhGH treatment improved cognitive function in CCI rats. There was a positive correlation between the expression of prefrontal BDNF and SYN mRNA in CCI rats after rhGH therapy and the water maze test score (r = 0.773 and 0.534, respectively; P<0.05). Furthermore, the expression of BDNF, TrkB, and SYN mRNA in the hippocampus was negatively correlated with the water maze test score (r = 0.602, 0.773, 0.672, and 0.783, respectively; P<0.05). There was a difference in the expression of hippocampal and prefrontal BDNF, TrkB, and SYN mRNA (P<0.05). CONCLUSION: rhGH treatment had a positive effect on cognitive function, which was more evident in GH-deficient rats. The increased expression of hippocampal and prefrontal BDNF and TrkB mRNA is implicated in rhGH therapy to improve cognitive function. Changes in the expression of hippocampal SYN mRNA following rhGH therapy may also play a role in improving cognitive function."
What is the new metal stent with anti-migration features?,A new fully covered metal stent with anti-migration features for the treatment of malignant dysphagia.
What is an anti-Parkinson drug?,"Selegiline, an anti-Parkinson drug, has antioxidant and anti-apoptotic effects. To explore the effect of selegiline on sepsis, we used a clinically relevant animal model of polymicrobial sepsis. Cecal ligation and puncture (CLP) or sham operation was performed in male rats under anesthesia. Three hours after surgery, animals were randomized to receive intravenously selegiline (3 mg/kg) or an equivalent volume of saline. The administration of CLP rats with selegiline (i) increased arterial blood pressure and vascular responsiveness to norepinephrine, (ii) reduced plasma liver and kidney dysfunction, (iii) attenuated metabolic acidosis, (iv) decreased neutrophil infiltration in liver and lung, and (v) improved survival rate (from 44% to 65%), compared to those in the CLP alone rats. The CLP-induced increases of plasma interleukin-6, organ superoxide levels, and liver inducible nitric oxide synthase and caspase-3 expressions were ameliorated by selegiline treatment. In addition, the histological changes in liver and lung were significantly attenuated in the selegiline -treated CLP group compared to those in the CLP group. The improvement of organ dysfunction and survival through reducing inflammation, oxidative stress and apoptosis in peritonitis-induced sepsis by selegiline has potential as an adjuvant agent for critical ill."
What is the difference between patients with Schizophrenia with and without co-oc,Differences Between Patients With Schizophrenia With and Without Co-Occurring Methamphetamine Use Disorders in a Taiwanese Public Psychiatric Hospital.
What is the association between DAPK1 Promoter Methylation and Cervical,Association between DAPK1 Promoter Methylation and Cervical Cancer: A Meta-Analysis.
What is the name of the research that focuses on the management of Microbial Infections,Nanomedicine in the Management of Microbial Infection - Overview and Perspectives.
What is the name of the patient who was diagnosed with a relapse in the ,Survival and Long-term Outcomes Following Bioprosthetic vs Mechanical Aortic Valve Replacement in Patients Aged 50 to 69 Years.
What is the name of the research that is conducted in low- and middle-income countries?,Systematic review research on needle/syringe programs and opiate substitution programs in low- and middle-income countries.
What is the impact of low-grade toxicity in older people with cancer undergoing chemotherapy?,The impact of low-grade toxicity in older people with cancer undergoing chemotherapy.
What is the name of the Combined Model of Depression in Rats?,Lipopolysaccharide Repeated Challenge Followed by Chronic Mild Stress Protocol Introduces a Combined Model of Depression in Rats: Reversibility by Imipramine and Pentoxifylline.
What is the Endovascular Treatment of Intracranial Dural Arteriovenous F,Balloon-Assisted Endovascular Treatment of Intracranial Dural Arteriovenous Fistulas.
What is the role of prostate tumor-derived exosomes in prostate cancer?,"Tumor-derived exosomes, which are nanometer-sized extracellular vesicles of endosomal origin, have emerged as promoters of tumor immune evasion but their role in prostate cancer (PC) progression is poorly understood. In this study, we investigated the ability of prostate tumor-derived exosomes to downregulate NKG2D expression on natural killer (NK) and CD8+ T cells. NKG2D is an activating cytotoxicity receptor whose aberrant loss in cancer plays an important role in immune suppression. Using flow cytometry, we found that exosomes produced by human PC cells express ligands for NKG2D on their surface. The NKG2D ligand-expressing prostate tumor-derived exosomes selectively induced downregulation of NKG2D on NK and CD8+ T cells in a dose-dependent manner, leading to impaired cytotoxic function in vitro. Consistent with these findings, patients with castration-resistant PC (CRPC) showed a significant decrease in surface NKG2D expression on circulating NK and CD8+ T cells compared to healthy individuals. Tumor-derived exosomes are likely involved in this NKG2D downregulation, since incubation of healthy lymphocytes with exosomes isolated from serum or plasma of CRPC patients triggered downregulation of NKG2D expression in effector lymphocytes. These data suggest prostate tumor-derived exosomes as down-regulators of the NKG2D-mediated cytotoxic response in PC patients, thus promoting immune suppression and tumor escape."
What was the effect of phytosterols on prevention/induction/remission in ,"Phytosterols, besides hypocholesterolemic effect, present anti-inflammatory properties. Little information is available about their efficacy in Inflammatory Bowel Disease (IBD). Therefore, we have evaluated the effect of a mixture of phytosterols on prevention/induction/remission in a murine experimental model of colitis. Phytosterols were administered x os before, during and after colitis induction with Dextran Sodium Sulfate (DSS) in mice. Disease Activity Index (DAI), colon length, histopathology score, 18F-FDG microPET, oxidative stress in the intestinal tissue (ileum and colon) and gallbladder ileum and colon spontaneous and carbachol (CCh) induced motility, plasma lipids and plasma, liver and biliary bile acids (BA) were evaluated. A similar longitudinal study was performed in a DSS colitis control group. Mice treated with DSS developed severe colitis as shown by DAI, colon length, histopathology score, 18F-FDG microPET, oxidative stress. Both spontaneous and induced ileal and colonic motility were severely disturbed. The same was observed with gallbladder. DSS colitis resulted in an increase in plasma cholesterol, and a modification of the BA pattern. Phytosterols feeding did not prevent colitis onset but significantly reduced the severity of the disease and improved clinical and histological remission. It had strong antioxidant effects, almost restored colon, ileal and gallbladder motility. Plasmatic levels of cholesterol were also reduced. DSS induced a modification in the BA pattern consistent with an increase in the intestinal BA deconjugating bacteria, prevented by phytosterols. Phytosterols seem a potential nutraceutical tool for gastrointestinal inflammatory diseases, combining metabolic systematic and local anti-inflammatory effects."
"What is the Growth Factor-Induced, Spatially Organizing Cyto","A Growth Factor-Induced, Spatially Organizing Cytoskeletal Module Enables Rapid and Persistent Fibroblast Migration."
What is the cause of the disease?,"Transient abnormal myelopoiesis occurs exclusively in patients with Down syndrome (constitutional trisomy 21), manifests in the neonatal period, and is characterized by circulating megakaryoblasts with varied degrees of multisystem organ involvement. In most cases, this process resolves spontaneously by 3 to 6 months of age, but for some, the disease can be fatal. Affected patients are particularly prone to develop acute megakaryoblastic leukemia in early childhood. Somatic GATA1 mutations are believed to be pivotal in the development of transient abnormal myelopoiesis and have proven to be a marker of clonal identity in its evolution to megakaryoblastic leukemia. We describe a study case of transient abnormal myelopoiesis and review the clinical manifestations, laboratory features, natural history, molecular genetics, and postulated disease pathogenesis of this disorder."
How many patents were annotated by annotator groups?,"Exploring the chemical and biological space covered by patent applications is crucial in early-stage medicinal chemistry activities. Patent analysis can provide understanding of compound prior art, novelty checking, validation of biological assays, and identification of new starting points for chemical exploration. Extracting chemical and biological entities from patents through manual extraction by expert curators can take substantial amount of time and resources. Text mining methods can help to ease this process. To validate the performance of such methods, a manually annotated patent corpus is essential. In this study we have produced a large gold standard chemical patent corpus. We developed annotation guidelines and selected 200 full patents from the World Intellectual Property Organization, United States Patent and Trademark Office, and European Patent Office. The patents were pre-annotated automatically and made available to four independent annotator groups each consisting of two to ten annotators. The annotators marked chemicals in different subclasses, diseases, targets, and modes of action. Spelling mistakes and spurious line break due to optical character recognition errors were also annotated. A subset of 47 patents was annotated by at least three annotator groups, from which harmonized annotations and inter-annotator agreement scores were derived. One group annotated the full set. The patent corpus includes 400,125 annotations for the full set and 36,537 annotations for the harmonized set. All patents and annotated entities are publicly available at www.biosemantics.org."
What is the current view of emotion regulation limited to?,"Although social factors are of critical importance in the development and maintenance of emotional disorders, the contemporary view of emotion regulation has been primarily limited to intrapersonal processes. Based on diverse perspectives pointing to the communicative function of emotions, the social processes in self-regulation, and the role of social support, this article presents an interpersonal model of emotion regulation of mood and anxiety disorders. This model provides a theoretical framework to understand and explain how mood and anxiety disorders are regulated and maintained through others. The literature, which provides support for the model, is reviewed and the clinical implications are discussed."
What is the name of the Species that are scavenging in rats?,Soyasaponins Prevent HO-Induced Inhibition of Gap Junctional Intercellular Communication by Scavenging Reactive Oxygen Species in Rat Liver Cells.
What is the Vietnam Experience Study?,"Raised levels of immunoglobulin G, A and M are associated with an increased risk of total and cause-specific mortality: the Vietnam Experience Study."
How many AMRA reports met our inclusion criteria?,"BACKGROUND:: AMRA (adverse metabolic or muscular reaction to anesthesia) reports submitted to The North American Malignant Hyperthermia Registry of the Malignant Hyperthermia Association of the United States from 1987 to 2006 revealed a 2.7% cardiac arrest and a 1.4% death rate for 291 malignant hyperthermia (MH) events. We analyzed 6 years of recent data to update MH cardiac arrest and death rates, summarized characteristics associated with cardiac arrest and death, and documented differences between early and recent cohorts of patients in the MH Registry. We also tested whether the available data supported the hypothesis that risk of dying from an episode of MH is increased in patients with inadequate temperature monitoring. METHODS:: We included U.S. or Canadian reports of adverse events after administration of at least 1 anesthetic drug, received between January 1, 2007, and December 31, 2012, with an MH clinical grading scale rank of ""very likely MH"" or ""almost certain MH."" We excluded reports that, after review, were judged to be due to pathologic conditions other than MH. We analyzed patient demographics, family and patient anesthetic history, anesthetic management including temperature monitoring, initial dantrolene dose, use of cardiopulmonary resuscitation, MH complications, survival, and reported molecular genetic DNA analysis of RYR1 and CACNA1S. A one-sided Cochran-Armitage test for proportions evaluated associations between mode of monitoring and mortality. We used Miettinen and Nurminen's method for assessing the relative risk of dying according to monitoring method. We used the P value of the slope to evaluate the relationship between duration of anesthetic exposure before dantrolene administration and peak temperature. We calculated the relative risk of death in this cohort compared with our previous cohort by using the Miettinen and Nurminen method adjusted for 4 comparisons. RESULTS:: Of 189 AMRA reports, 84 met our inclusion criteria. These included 7 (8.3%) cardiac arrests, no successful resuscitations, and 8 (9.5%) deaths. Of the 8 patients who died, 7 underwent elective surgeries considered low to intermediate risk. The average age of patients who died was 31.4 +/- 16.9 years. Five were healthy preoperatively. Three of the 8 patients had unrevealed MH family history. Four of 8 anesthetics were performed in freestanding facilities. In those who died, 3 MH-causative RYR1 mutations and 3 RYR1 variants likely to have been pathogenic were found in the 6 patients in whom RYR1 was examined. Compared to core temperature monitoring, the relative risk of dying with no temperature monitoring was 13.8 (lower limit 2.1). Compared to core temperature monitoring, the relative risk of dying with skin temperature monitoring was 9.7 (1.5). Temperature monitoring mode best distinguished patients who lived from those who died. End-tidal CO2 was the worst physiologic measure to distinguish patients who lived from those who died. Longer anesthetic exposures before dantrolene were associated with higher peak temperatures (P = 0.00056). Compared with the early cohort, the recent cohort had a higher percentage of MH deaths (4/291 vs 8/84; relative risk = 6.9; 95% confidence interval, 1.7-28; P = 0.0043 after adjustment for 4 comparisons). CONCLUSIONS:: Despite a thorough understanding of the management of MH and the availability of a specific antidote, the risk of dying from an MH episode remains unacceptably high. To increase the chance of successful MH treatment, the American Society of Anesthesiologists and Malignant Hyperthermia Association of the U.S. monitoring standards should be altered to require core temperature monitoring for all general anesthetics lasting 30 minutes or longer."
What is the name of the study that seeks to determine the effects of deHP on blood,"INTRODUCTION: Softeners like phthalate esters are ubiquitous in the environment and have been detected in transfusion bags, though there is only a limited amount of studies on the effect of phthalates on blood cells. This study seeks to determine effects on cell migration of human promyelocytic leukemia cells (HL-60) incubated with di(2-ethylhexyl)phthalate (DEHP) at concentrations found in blood bags. MATERIAL AND METHODS: HL-60 cells were incubated with DEHP concentrations ranging from 0.1 mug/ml to 1000 mug/ml, diluted in DMSO, over 24 h, 48 h, and 72 h. Migration rate was analyzed along an SDF-1alpha gradient using Transwell migration inserts. RESULTS: Of the applied concentrations 100 mug/ml, 250 mug/ml, 500 mug/ml, and 1000 mug/ml showed a significant decrease in migration rates relative to DMSO control at all measuring points (p < 0.05), with relative migration rates between 37.87 % for 100 mug/ml and 25.34 % for 1000 mug/ml relative to DMSO after 24 h of stimulation and 19.73 % for 100 mug/ml and 14.69 % for 1000 mug/ml respectively after 72 h of incubation. CONCLUSION: Our results indicate HL-60 to be a suitable in vitro model for examining effects of DEHP on the migration of blood and nucleated cells at concentrations found in blood bags."
What is the name of the small-world organization?,"Brain structure and function is characterized by large-scale brain systems. However, each system has its own ""small-world"" organization, with sub-regions, or ""hubs,"" that have varying degrees of specialization for certain cognitive and behavioral processes. This article describes this small-world organization, and the concepts of functional specialization and functional integration are defined and explained through practical examples. We also describe the development of large-scale brain systems and this small-world organization as a sensitive, protracted process, vulnerable to a variety of influences that generate neurodevelopmental disorders."
What is the tyrosine kinase inhibitor that suppresses IRS,"Insulin-like growth factor (IGF) signaling is associated with castrate-resistant prostate cancer (CRPC) progression. Insulin receptor substrates 1 and 2 (IRS1/2) mediate mitogenic and anti-apoptotic signaling from IGF-1 receptor (IGF-1R), insulin receptor and other oncoproteins. This study demonstrates that IRS1/2 expression is increased in PCa and, persists in CRPC. Furthermore, this study assesses the anti-cancer activity of NT157, a small-molecule tyrphostin targeting IRS proteins, using androgen-responsive (LNCaP) and -independent (PC3) prostate cancer cells in vitro and in vivo. NT157 treatment resulted in dose-dependent inhibition of IGF1R activation, suppression of IRS protein expression, inhibition of IGF-1-induced AKT activation, but increased ERK activation in NT157-treated cells in vitro. These effects were correlated with decreased proliferation and increasing apoptosis of LNCaP cells and increasing G2M arrest in PC3 cells. NT157 also suppressed androgen-responsive growth, delayed CRPC progression of LNCaP xenografts and suppressed PC3 tumor growth alone and in combination with docetaxel. This study reports the first preclinical proof-of-principle data that this novel small-molecule tyrosine kinase inhibitor suppresses IRS1/2 expression, delays CRPC progression, and suppresses growth of CRPC tumors in vitro and in vivo. Demonstration that IRS expression can be increased in response to a variety of stressors that may lead to resistance or reduced effect of the therapies indicate that NT157-mediated IRS1/2 down-regulation is a novel therapeutic approach for management of advanced prostate cancer."
What is the name of the thrombotic microangiopathy and podocytopathy,Renal thrombotic microangiopathy and podocytopathy associated with the use of carfilzomib in a patient with multiple myeloma.
What is the chemokine that is a chemokine that is a,"Prostate cancer (PC) is a slowly progressing malignancy that often responds to androgen ablation or chemotherapy by becoming more aggressive, acquiring a neuroendocrine phenotype, and undergoing metastatic spread. We found that B lymphocytes recruited into regressing androgen-deprived tumors by C-X-C motif chemokine 13 (CXCL13), a chemokine whose expression correlates with clinical severity, play an important role in malignant progression and metastatic dissemination of PC. We now describe how androgen ablation induces CXCL13 expression. In both allografted and spontaneous mouse PC, CXCL13 is expressed by tumor-associated myofibroblasts that are activated on androgen ablation through a hypoxia-dependent mechanism. The same cells produce CXCL13 after chemotherapy. Myofibroblast activation and CXCL13 expression also occur in the normal prostate after androgen deprivation, and CXCL13 is expressed by myofibroblasts in human PC. Hypoxia activates hypoxia-inducible factor 1 (HIF-1) and induces autocrine TGF-beta signaling that promotes myofibroblast activation and CXCL13 induction. In addition to TGF-beta receptor kinase inhibitors, myofibroblast activation and CXCL13 induction are blocked by phosphodiesterase 5 (PDE5) inhibitors. Both inhibitor types and myofibroblast immunodepletion block the emergence of castration-resistant PC in the transgenic adenocarcinoma of the mouse prostate (TRAMP) model of spontaneous metastatic PC with neuroendocrine differentiation."
What is the effect of APE1 T2197G?,"It has been hypothesized that genetic variation in base excision repair (BER) might modify colorectal adenoma risk. Thus, we evaluated the influence of APE1 T2197G (Asp148Glu) polymorphism on APE1, XRCC1, PARP1 and OGG1 expression in normal and tumor samples from patients with colorectal cancer. The results indicate a downregulation of OGG1 and an upregulation of XRCC1 expression in tumor tissue. Regarding the anatomical location of APE1, OGG1 and PARP-1, a decrease in gene expression was observed among patients with cancer in the rectum. In patients with or without some degree of tumor invasion, a significant downregulation in OGG1 was observed in tumor tissue. Interestingly, when taking into account the tumor stage, patients with more advanced grades (III and IV) showed a significant repression for APE1, OGG1 and PARP-1. XRCC1 expression levels were significantly enhanced in tumor samples and were correlated with all clinical and histopathological data. Concerning the polymorphism T2197G, GG genotype carriers exhibited a significantly reduced expression of genes of the BER repair system (APE1, XRCC1 and PARP1). In summary, our data show that patients with colorectal cancer present expression changes in several BER genes, suggesting a role for APE1, XRCC1, PARP1 and OGG1 and APE1 polymorphism in colorectal carcinogenesis."
What is the leading cause of long-term sequelae?,"BACKGROUND: Congenital cytomegalovirus infection is a leading cause of long-term sequelae. Cytomegalovirus is also frequently transmitted to preterm infants postnatally, but these infections are mostly asymptomatic. A correlation between cytomegalovirus genotypes and clinical manifestations has been reported previously in infants with congenital infection, but not in preterm infants with postnatal infection. OBJECTIVES: The main objective of this study was to investigate cytomegalovirus genotype distribution in postnatal and congenital cytomegalovirus infection and its association with disease severity. METHODS: Infants admitted to the neonatal intensive care unit of the University Medical Center Utrecht, The Netherlands between 2003-2010 and diagnosed with postnatal or congenital cytomegalovirus infection were included. Classification of cytomegalovirus isolates in genotypes was performed upon amplification and sequencing of the cytomegalovirus UL55 (gB) and UL144 genes. Clinical data, cerebral abnormalities, neurodevelopmental outcome and viral load were studied in relation to genotype distribution. RESULTS: Genotyping results were obtained from 58 preterm infants with postnatal cytomegalovirus infection and 13 infants with congenital cytomegalovirus infection. Postnatal disease was mild in all preterm infants and all had favourable outcome. Infants with congenital infection were significantly more severely affected than infants with postnatal infection. Seventy-seven percent of these infants were symptomatic at birth, 2/13 died and 3/13 developed long-term sequelae (median follow-up 6 (range 2-8) years). The distribution of cytomegalovirus genotypes was comparable for postnatal and congenital infection. UL55 genotype 1 and UL144 genotype 3 were predominant genotypes in both groups. CONCLUSIONS: Distribution of UL55 and UL144 genotypes was similar in asymptomatic postnatal and severe congenital CMV infection suggesting that other factors rather than cytomegalovirus UL55 and UL144 genotype are responsible for the development of severe disease."
What is a well-tolerated modality for pain control during hospitalization for transplant,Pain management for children during bone marrow and stem cell transplantation is a significant clinical challenge for the health care team. Pain management strategies vary by institution. This paper reports on the use of a pediatric pain management service and patient- and caregiver-controlled analgesia for children undergoing transplant. This 2-year retrospective chart review examined the pain management practices and outcomes of children undergoing bone marrow and stem cell transplants in a large urban teaching hospital during 2008 and 2009. We concluded that patient- and caregiver-controlled analgesia is a well-tolerated modality for pain control during hospitalization for transplantation at this institution.
What is the name of the neuropathic pain model?,"In humans, sensory abnormalities, including neuropathic pain, often result from traumatic spinal cord injury (SCI). SCI can induce cellular changes in the CNS, termed central sensitization, that alter excitability of spinal cord neurons, including those in the dorsal horn involved in pain transmission. Persistently elevated levels of neuronal activity, glial activation, and glutamatergic transmission are thought to contribute to the hyperexcitability of these dorsal horn neurons, which can lead to maladaptive circuitry, aberrant pain processing and, ultimately, chronic neuropathic pain. Here we present a mouse model of SCI-induced neuropathic pain that exhibits a persistent pain phenotype accompanied by chronic neuronal hyperexcitability and glial activation in the spinal cord dorsal horn. We generated a unilateral cervical contusion injury at the C5 or C6 level of the adult mouse spinal cord. Following injury, an increase in the number of neurons expressing DeltaFosB (a marker of chronic neuronal activation), persistent astrocyte activation and proliferation (as measured by GFAP and Ki67 expression), and a decrease in the expression of the astrocyte glutamate transporter GLT1 are observed in the ipsilateral superficial dorsal horn of cervical spinal cord. These changes have previously been associated with neuronal hyperexcitability and may contribute to altered pain transmission and chronic neuropathic pain. In our model, they are accompanied by robust at-level hyperaglesia in the ipsilateral forepaw and allodynia in both forepaws that are evident within two weeks following injury and persist for at least six weeks. Furthermore, the pain phenotype occurs in the absence of alterations in forelimb grip strength, suggesting that it represents sensory and not motor abnormalities. Given the importance of transgenic mouse technology, this clinically-relevant model provides a resource that can be used to study the molecular mechanisms contributing to neuropathic pain following SCI and to identify potential therapeutic targets for the treatment of chronic pathological pain."
What is the senescence of human primary thyrocytes?,Oncogenic RAS-induced senescence in human primary thyrocytes: molecular effectors and inflammatory secretome involved.
What is the name of the case series?,Acupuncture therapy for fever induced by viral upper respiratory tract infection (URTI) in military medical service: a case series.
What is the molecular pattern of Basic Fibroblastic Growth Factor?,"BACKGROUND AND AIMS: Both inflammation and fibrosis may be detected in Crohn's disease (CD). The molecular pattern of Basic Fibroblastic Growth Factor (bFGF) and Syndecan-1 (SD1) expression is altered in stenosing CD, but we do not know what the behaviour of this teamwork factor is in CD in deep remission under treatment with anti-TNFalpha antibodies. Our aim was to compare the expression of bFGF, SD1 and TNF-alpha in patients with CD in deep remission under treatment with Infliximab (IFX) or Adalimumab (ADA) and a control group of patients with active CD. METHODS: We assessed the expression of bFGF, SD1 and TNF-alpha in 10 patients with active CD and in 28 patients with CD in sustained deep remission for at least 6 months. All patients underwent surveillance colonoscopy with biopsies, while receiving maintenance therapy with IFX or ADA. Analysis was conducted by real-time reverse transcriptase PCR (RT-PCR) in biopsy samples. RESULTS: We found that bFGF, SD1 and TNF-alpha were significantly reduced under treatment with anti-TNFalpha versus controls (p=0.000). bFGF and SD1 expression were similar between IFX and ADA patients (p=0.335 and p=0.289, respectively), while TNF-alpha was significantly under-expressed in ADA patients (p=0.008). CONCLUSIONS: bFGF, SD1 and TNF-alpha are significantly reduced in CD patients in deep remission under treatment with anti-TNFalpha, likely as an expression of optimal control of inflammation. The significance of the TNF-alpha under-expression in patients under treatment with ADA with respect to those under treatment with IFX should be elucidated in further studies."
What is the Cronbach alpha?,"History of psychiatry can provide us with a map of the evolution of the practice and identify its major figures. A historiometric approach was taken to available history of psychiatry texts and a historical dictionary. Reliability was tested against data from the journal History of Psychiatry. Those cited in all historical accounts are characterized as major figures, whereas those cited in at least 60% of the sources are considered significant figures. An index of eminence is calculated for each significant figure. The Cronbach's alpha was 0.89. Seventy-four significant figures were identified, of which 18 are considered major figures. Among these, Freud, Pinel, and Kraepelin have the highest eminence-in that order. Pinel, Freud, and Kraepelin represent key moments in three epochs in the history of psychiatry: the asylum era, the first biological psychiatry, and the psychoanalytical period, respectively. The most recent historical periods are not well represented in histories of psychiatry."
What is the main role of spleen involvement in NAFLD and OSAS?,"Non-alcoholic fatty liver disease (NAFLD) and obstructive sleep apnoea syndrome (OSAS) are common conditions, frequently encountered in patients with obesity and/or metabolic syndrome. NAFLD and OSAS are complex diseases that involve an interaction of several intertwined factors. Several lines of evidence lend credence to an immune system derangement in these patients, i.e. the low grade chronic inflammation status, reckoned to be the most important factor in causing and maintaining these two illnesses. Furthermore, it is emphasized the main role of spleen involvement, as a novel mechanism. In this review the contribution of the visceral adiposity in both NAFLD and OSAS is stressed as well as the role of intermittent hypoxia. Finally, a post on the prevention of systemic inflammation is made."
What is the cornerstone of treatment of ACS patients?,"The occurrence of dyspnoea in acute coronary syndrome (ACS) patients has always been considered a challenging diagnostic and therapeutic clinical scenario. P2Y12 platelet receptor inhibitors (i.e., clopidogrel, prasugrel and ticagrelor) are currently the cornerstone of treatment of ACS patients. Thus, in the last few years, the potential association between ACS and dyspnoea has also become more challenging with the increasing use of ticagrelor in these patients due to its beneficial effects on ischaemic event prevention and mortality, since ticagrelor can induce dyspnoea as a side effect. The present article is intended to review the current literature regarding dyspnoea occurrence in ACS patients, especially those treated with ticagrelor, and to propose ticagrelor-associated dyspnoea management recommendations based on current knowledge."
What is the name of the Inquiry Into the Histories of Psychi,"Standing on the Shoulders of Pinel, Freud, and Kraepelin: A Historiometric Inquiry Into the Histories of Psychiatry."
What is the potential vascular protective factor?,"Blood vessel degeneration is critically involved in nearly all types of degenerative diseases. Therefore strategies to enhance blood vessel protection and survival are highly needed. In this study, using different animal models and cultured cells, we show that PDGF-CC is a potent vascular protective and survival factor. PDGF-CC deficiency by genetic deletion exacerbated blood vessel regression/degeneration in various animal models. Importantly, treatment with PDGF-CC protein not only increased the survival of retinal blood vessels in a model of oxygen-induced blood vessel regression but also markedly rescued retinal and blood vessel degeneration in a disease model of retinitis pigmentosa. Mechanistically, we revealed that heme oxygenase-1 (HMOX1) activity is critically required for the vascular protective/survival effect of PDGF-CC, because blockade of HMOX1 completely abolished the protective effect of PDGF-CC in vitro and in vivo. We further found that both PDGF receptors, PDGFR-beta and PDGFR-alpha, are required for the vasoprotective effect of PDGF-CC. Thus our data show that PDGF-CC plays a pivotal role in maintaining blood vessel survival and may be of therapeutic value in treating various types of degenerative diseases."
What is the name of the study that focuses on neonates?,Dosing in neonates: Special considerations in physiology and trial design.
What is VAC therapy used for?,"OBJECTIVE: Enterocutaneous fistulas (ECFs) are an uncommon surgical problem, but they are characterized by a difficult management. Vacuum-assisted closure (VAC) therapy is a method utilized for chronic and traumatic wound healing. At first, VAC therapy had been contraindicated in the treatment of intestinal fistulas, but as time went by, VAC therapy revealed itself to be a ""Swiss knife multi-tool"". This paper presents some clinical cases of enterocutaneous (ECF) and enteroatmospheric fistulas (EAF) treated with VAC therapy. MATERIALS AND METHODS: The history of 8 patients treated for complex fistulas was revised. Four of them presented with enterocutaneous and four with enteroatmospheric fistulas. All were treated with VAC therapy with variations elaborated to help in accelerated closure of intestinal wall lesions. RESULTS: Four out of four ECFs closed spontaneously. In the EAF group, in three cases the fistula turned slowly into an entero-cutaneous fistula, and in one out of four it closed spontaneously. The mean length of VAC therapy was 35.5 days and that of spontaneous closure was 36.4 days. CONCLUSIONS: The results of our study encourage the use of VAC therapy for the treatment of enterocutaneous fistulas. VAC therapy use has a double therapeutic value: (1) it promotes the healing of the skin and allows also the management of EAFs; (2) in selected cases, those in which it is possible to create a deep fistula tract (""well"") it is possible to assist to a complete healing with closure of the ECFs."
What is the surgical procedure?,Infertility following retained products of conception: is it the surgical procedure or the presence of trophoblastic tissue?
What is the name of the treatment for advanced stage Hepatocellular Carcinoma?,Prognostic Scoring Models for Patients Undergoing Sorafenib Treatment for Advanced Stage Hepatocellular Carcinoma in Real-Life Practice.
What is common mental disorder symptom among patients with Malaria Attending Primary Care in Ethiopia?,Common Mental Disorder Symptoms among Patients with Malaria Attending Primary Care in Ethiopia: A Cross-Sectional Survey.
What was the reverberant stimulus generated by a sequential activation of LED',"The present study examined the effects of spatial sound-source density and reverberation on the spatiotemporal window for audio-visual motion coherence. Three different acoustic stimuli were generated in Virtual Auditory Space: two acoustically ""dry"" stimuli via the measurement of anechoic head-related impulse responses recorded at either 1 degrees or 5 degrees spatial intervals (Experiment 1), and a reverberant stimulus rendered from binaural room impulse responses recorded at 5 degrees intervals in situ in order to capture reverberant acoustics in addition to head-related cues (Experiment 2). A moving visual stimulus with invariant localization cues was generated by sequentially activating LED's along the same radial path as the virtual auditory motion. Stimuli were presented at 25 degrees /s, 50 degrees /s and 100 degrees /s with a random spatial offset between audition and vision. In a 2AFC task, subjects made a judgment of the leading modality (auditory or visual). No significant differences were observed in the spatial threshold based on the point of subjective equivalence (PSE) or the slope of psychometric functions (beta) across all three acoustic conditions. Additionally, both the PSE and beta did not significantly differ across velocity, suggesting a fixed spatial window of audio-visual separation. Findings suggest that there was no loss in spatial information accompanying the reduction in spatial cues and reverberation levels tested, and establish a perceptual measure for assessing the veracity of motion generated from discrete locations and in echoic environments."
What is the primary immunodeficiency of human T follicular helper cells,Human T follicular helper cells in primary immunodeficiencies.
What is the range of delta15N in extraterrestrial materials?,"Nitrogen isotopic distributions in the solar system extend across an enormous range, from -400 per thousand, in the solar wind and Jovian atmosphere, to about 5,000 per thousand in organic matter in carbonaceous chondrites. Distributions such as these require complex processing of nitrogen reservoirs and extraordinary isotope effects. While theoretical models invoke ion-neutral exchange reactions outside the protoplanetary disk and photochemical self-shielding on the disk surface to explain the variations, there are no experiments to substantiate these models. Experimental results of N2 photolysis at vacuum UV wavelengths in the presence of hydrogen are presented here, which show a wide range of enriched delta15N values from 648 per thousand to 13,412 per thousand in product NH3, depending upon photodissociation wavelength. The measured enrichment range in photodissociation of N2, plausibly explains the range of delta15N in extraterrestrial materials. This study suggests the importance of photochemical processing of the nitrogen reservoirs within the solar nebula."
How many steps in the right direction are the results from the first American Heart Association Scientific Sessions Walking,More than 10 Million Steps in the Right Direction: Results from the First American Heart Association Scientific Sessions Walking Challenge.
"What is Clusterin as potential predictive biomarkers for Severe Hand, Foot","Serum Amyloid A and Clusterin as Potential Predictive Biomarkers for Severe Hand, Foot and Mouth Disease by 2D-DIGE Proteomics Analysis."
What is the Adjuvant Potential of Selegiline in Attenuating Organ Dys,Adjuvant Potential of Selegiline in Attenuating Organ Dysfunction in Septic Rats with Peritonitis.
What is the outcome of the Therapeutic Hypothermia after Pediatric Cardiac Arrest,Efficacy Outcome Selection in the Therapeutic Hypothermia After Pediatric Cardiac Arrest Trials.
What is the minimum volume of blood returned?,"BACKGROUND: Autotransfusion in pediatric anesthesia is beneficial in several clinical settings; however, more frequent usage is deterred by process-related costs and the fact that the absolute volume of blood returned may be minimal. OBJECTIVE: Two autotransfusion devices (CATS, Fresenius Kabi AG, and Sorin Xtra, Sorin GmbH) with different technologies were evaluated to determine the minimum volume necessary to efficiently process salvage blood. METHODS: Banked blood was diluted to simulate different clinical scenarios. Volume and red cell mass in returned blood were analyzed as a function of initial volume and red cell mass in the collection reservoir using incremental increases in the volume of blood added to the reservoir. RESULTS: The volume of the returned processed blood for infusion was dependent on degree of dilution and blood volume in the reservoir. The CATS required a smaller initial minimum volume to process and successfully return; however, the Xtra provided a more efficient recovery at low initial collected volumes. Using test blood of various degrees of dilution, the CATS and Xtra were able to return blood for retransfusion after a mean initial red cell mass of 48.7 ml (+/-4.9 ml) and 53.7 ml (+/-5.0 ml) were processed, respectively. CONCLUSIONS: Red cell mass rather than salvaged blood volume represents a reliable predictor of the successful use of an autotransfusion device. Measuring the hematocrit of the salvaged blood could improve the use of the devices. The investigated devices are likely to be roughly equivalent in effectiveness."
What is a Cutaneous Clear Cell Malignancy?,Clear Cell Melanoma: A Cutaneous Clear Cell Malignancy.
What was the mean prism diameter in deciduous teeth?,Abstract Confocal microscope was used to analyze human enamel from 10 deciduous and 10 permanent teeth. Optically sectioned images were obtained. A more intense autofluorescence was found in primary teeth. This finding might be due to the greater presence of organic substances in deciduous enamel. The mean prism diameter measurement in permanent teeth enamel was 3.150 microm and 2.602 microm in deciduous teeth. The mean prism diameter in deciduous teeth was statistically least. The results indicate that a confocal microscope may be of help in analyzing and defining the microscopic features of human enamel.
What is the main component of multiple organ dysfunction syndrome?,"Acute lung injury (ALI) is a major component of multiple organ dysfunction syndrome after hemorrhagic shock (HS) resulting from major surgery and trauma. The increased susceptibility in HS patients to the development of ALI suggests not yet fully elucidated mechanisms that enhance proinflammatory responses and/or suppress anti-inflammatory responses in the lung. Alveolar macrophages (AMvarphi) are at the center of the pathogenesis of ALI after HS. We have previously reported that HS-activated polymorphonuclear neutrophils (PMNs) interact with macrophages to influence inflammation progress. In this study, we explore a novel function of PMNs regulating AMvarphi anti-inflammatory mechanisms involving autophagy. Using a mouse ""two-hit"" model of HS/resuscitation followed by intratracheal injection of muramyl dipeptide, we demonstrate that HS initiates high mobility group box 1/TLR4 signaling, which upregulates NOD2 expression in AMvarphi and sensitizes them to subsequent NOD2 ligand muramyl dipeptide to augment lung inflammation. In addition, upregulated NOD2 signaling induces autophagy in AMvarphi, which negatively regulates lung inflammation through feedback suppression of NOD2-RIP2 signaling and inflammasome activation. Importantly, we further demonstrate that HS-activated PMNs that migrate in alveoli counteract the anti-inflammatory effect of autophagy in AMvarphi, possibly through NAD(P)H oxidase-mediated signaling to enhance I-kappaB kinase gamma phosphorylation, NF-kappaB activation, and nucleotide-binding oligomerization domain protein 3 inflammasome activation, and therefore augment post-HS lung inflammation. These findings explore a previously unidentified complexity in the mechanisms of ALI, which involves cell-cell interaction and receptor cross talk."
What is the Hepatic Expression of Vitamin D Receptor Inversely Associated with,The Hepatic Expression of Vitamin D Receptor is Inversely Associated with the Severity of Liver Damage in Genotype 1 Chronic Hepatitis C Patients.
What was the goal of the pilot study?,"OBJECTIVES: Breast cancer in older women raises a number of discrete issues, including how healthcare professionals can best decide which patients are candidates for surgery. A pilot study involving women aged >/=70years newly diagnosed with early operable primary breast cancer was conducted aiming to explore the potential value of comprehensive geriatric assessment (CGA). MATERIALS AND METHODS: Decision of primary treatment followed consultation with the clinical team and was not guided by any aspect of this study. CGA, using a validated cancer-specific tool, was conducted within 6weeks and 6months after diagnosis, complemented by formal measures of quality of life (QOL) (using EORTC QLQ-C30 and QLQ-BR23) and semi-structured interviews. A total of 47 female patients with a new diagnosis of clinically early (stage 1 or 2; cT0-2N0-1M0) operable primary breast cancer proven histologically, were recruited. RESULTS: CGA determined that increasing age (>/=80years) (p=0.001), greater (>/=4) comorbidity (p=0.022), greater number (>/=4) of daily medications (p=0.002), and slower (>/=19s) timed up and go (TUG) (p=0.016) score were significantly related to non-surgical treatment at 6weeks after diagnosis. Baseline QOL scores were generally good and they remained stable at 6months follow-up. As opposed to CGA, there was no correlation between QOL scores and the treatment modality identified. Semi-structured interviews identified themes consistent with findings from QOL assessment. CONCLUSION: The pilot study confirmed the feasibility of conducting CGA in a research setting which appeared to have value in assessing this patient population. More data will be required to definitively identify the components for geriatric assessment in this setting. The study has now extended into two more centres."
What is the name of the mini-series that will provide an overview of nanoscience?,"Improved understanding of the molecular mechanisms leading to autoimmunity have resulted in advances toward the diagnosis, management, and treatment of rheumatologic diseases. Many of these mechanisms overlap with inflammatory disease states and cancer, where nanoscience is increasingly being applied for pharmacologic and diagnostic purposes [1-6]. Additionally, nanoscience has furthered the study of cellular interactions within the in situ environment, thereby increasing the understanding of these complex, multi-system disorders [1, 7-9]. This Hot Topics review series intends to provide an overview of nanoscience, as it pertains to rheumatology and immunology, highlighting emerging technologies applied to rheumatologic models and with the potential for human use. This mini-series has a particular focus on imaging and drug delivery applications pertinent to autoimmune conditions as well as reviewing the pharmacology, clearance, and biodistribution of nanomaterials in inflammatory conditions and by immune cells. Nanotechnology involves the synthesis and utilization of materials - including but not limited to metals, oxides, lipids, polymers -- in the nanoscale range (1 to 1000 nm). Nanomaterial composition as well as the size, shape, charge, and surface coating contribute to unique nanomaterial characteristics that can be used for a variety of biomedical applications [1, 10]. Each of these independent variables influences the application, biodistribution, metabolism, and as anticipated, bystander toxicity. In the current era of biologic and monoclonal antibody-directed therapy for autoimmune disease, clinical and radiographic markers are becoming less sensitive to detect subtle disease activity, and there is an increasing demand for improved diagnostic imaging techniques and contrast agents. Because of the large surface to volume ratio and ease of functionalization, nanoparticles are particularly well suited for advanced imaging [1, 11] and may fill this gap. In the review by Rogers et al., the authors cite several examples of novel nanoparticle-based imaging strategies to identify inflammation and rheumatic disease in the early, pre-clinical stages and even at the cellular level [7, 12, 13]. Coupled with targeted molecular markers, multimodal nanoparticles carrying larger payloads than traditional contrast materials have the ability to increase the sensitivity and specificity of disease monitoring while retaining the anatomic detail of traditional imaging. In addition to the advantages nanomaterials provide as novel contrast agents in imaging, they can also be utilized in vaccination strategies or as drug carriers for targeted delivery to tissues [1, 14, 15]. This technology may improve upon current treatments or could provide therapies for some rheumatic illness, such as systemic lupus erythematosus or scleroderma, for which there are limited therapeutic options. In the review authored by Henderson and colleagues, a wide range of nanoparticle platforms including varied material composition and conjugated strategies are described as approaches to control the processes of drug release, targeted delivery, and degradation [16-19]. There is precedence for FDA approval of nanoparticle-based drug delivery for the treatment of infection and cancer in humans, and in some instances, this has decreased systemic toxicity while improving efficacy [20]. This same balance between targeted therapy and untoward side effects will need to be applied to medications designed for the rheumatic illnesses as the field advances. Many nanomaterials in the living organism are phagocytized by cells of the reticuloendothelial system, and in particular, these include the monocyte/macrophage cellular lineage [21]. In the review by Song et al., the authors discuss the complex interactions between nanoparticles and immune cells since this interplay can affect particle distribution, clearance, and potentially lead to off-target effects such as immune stimulation. Ultimately, these relationships between nanoparticles and immune system activation versus suppression will need to be clarified if their applications extend into treating primary disorders of the immune system such as autoimmunity. In Rheumatology, the role of nanoparticle based imaging, treatment-derived strategies, and pharmacokinetics and biodistribution has largely been conducted in preclinical models. Further in depth studies are needed to translate these exciting findings from animals to patients with rheumatologic or autoimmune conditions. Although some extrapolation can be made from the cancer and infectious disease arena, the chronicity of rheumatic disease will make clarifying the potential effects of nanomaterials in both short- and long-term applications germane to those patients as well as to others with chronic illness."
What was the new treatment for acute unilateral vocal-fold paralysis?,"OBJECTIVES/HYPOTHESIS: A new treatment for acute unilateral vocal-fold paralysis (UVFP) was proposed in which a drug is injected into the posterior cricoarytenoid muscle (PCA) shortly after nerve injury, before the degree of natural recovery is known, to prevent antagonistic synkinetic reinnervation. This concept was tested in a series of canine experiments using vincristine as the blocking agent. STUDY DESIGN: Animal experiments. METHODS: Laryngeal adductor function was measured at baseline and at 6 months following experimental recurrent laryngeal nerve (RLN) injuries, including complete transection, crush injury, and cautery. In the treatment animals, the PCA was injected with vincristine at the time of RLN injury. RESULTS: Adductor function in the vincristine-treated hemilarynges was significantly improved compared with injury-matched noninjected controls (total n = 43). Transection/repair controls recovered 56.1% of original adductor strength; vincristine-treated hemilarynges recovered to 73.1% (P = 0.002). Cautery injuries also improved with vincristine block (60.7% vs. 88.7%; P = 0.031). Crush injuries recovered well even without vincristine (104.8% vs. 111.2%; P = 0.35). CONCLUSION: These findings support a new paradigm of early, preemptive blockade of the antagonist muscle (PCA) to improve ultimate net adductor strength, which could potentially improve functional recovery in many UVFP patients and avoid the need for medialization procedures. Possible clinical aspects of this new approach are discussed. LEVEL OF EVIDENCE: N/A. Laryngoscope, 2014."
What was the primary end point of the study population?,"Background:The randomised phase III TURANDOT trial compared first-line bevacizumab-paclitaxel (BEV-PAC) vs bevacizumab-capecitabine (BEV-CAP) in HER2-negative locally recurrent/metastatic breast cancer (LR/mBC). The interim analysis revealed no difference in overall survival (OS; primary end point) between treatment arms; however, progression-free survival (PFS) and objective response rate were significantly superior with BEV-PAC. We sought to identify patient populations that may be most appropriately treated with one or other regimen.Methods:Patients with HER2-negative LR/mBC who had received no prior chemotherapy for advanced disease were randomised to either BEV-PAC (bevacizumab 10 mg kg-1 days 1 and 15 plus paclitaxel 90 mg m-2 days 1, 8 and 15 q4w) or BEV-CAP (bevacizumab 15 mg kg-1 day 1 plus capecitabine 1000 mg m-2 bid days 1-14 q3w). The study population was categorised into three cohorts: triple-negative breast cancer (TNBC), high-risk hormone receptor-positive (HR+) and low-risk HR+. High- and low-risk HR+ were defined, respectively, as having 2 vs 1 of the following four risk factors: disease-free interval 24 months; visceral metastases; prior (neo)adjuvant anthracycline and/or taxane; and metastases in 3 organs.Results:The treatment effect on OS differed between cohorts. Non-significant OS trends favoured BEV-PAC in the TNBC cohort and BEV-CAP in the low-risk HR+ cohort. In all three cohorts, there was a non-significant PFS trend favouring BEV-PAC. Grade 3 adverse events were consistently less common with BEV-CAP.Conclusions:A simple risk factor index may help in selecting bevacizumab-containing regimens, balancing outcome, safety profile and patient preference. Final OS results are expected in 2015 (ClinicalTrials.gov NCT00600340).British Journal of Cancer advance online publication, 30 September 2014; doi:10.1038/bjc.2014.504 www.bjcancer.com."
What was the symptom severity of post-traumatic stress disorder and depression?,"This study explored the associations among injury-related appearance changes experienced during deployment/combat, symptom severity of post-traumatic stress disorder and depression, and body image distress within a treatment-seeking veteran population (n = 91). Thirty-three percent of the sample reported having an appearance-related residual injury experienced during combat or deployment (n = 30). A subsample, who completed the body image distress measure (n = 69), was divided into two groups: those with an appearance-related residual injury (n = 22) and those without an appearance-related residual injury (n = 47). Correlational analyses revealed significant, positive correlations between body image distress and depression symptom severity. Results also showed a trend relationship between body image distress and post-traumatic stress disorder symptom severity for those with an appearance-related residual injury although correlations were nonsignificant among these constructs for those without an appearance-related residual injury. Multiple regression analyses revealed that body image distress was a unique predictor of depression symptom severity, controlling for residual injury status. Implications of these findings for exploring the psychological impact of residual injury were discussed."
What is the safety of Psoriasis Therapies?,Data on the Safety of Psoriasis Therapies.
What is the cause of cancer and mortality in patients from the Simvastatin and Eze,Incidence of Cancer and Mortality in Patients from the Simvastatin and Ezetimibe in Aortic Stenosis (SEAS) Trial.
What is the potential role of the Y-Chromosome Gene in Sexual Dimorph,SRY Interference of Normal Regulation of the RET Gene Suggests a Potential Role of the Y-Chromosome Gene in Sexual Dimorphism in Hirschsprung Disease.
What is the name of the ovarian laser evaporation?,Short-term changes in hormonal profiles after laparoscopic ovarian laser evaporation compared with diagnostic laparoscopy for PCOS.
What is the effect of topical anti-inflammatory treatments on atopic dermatitis,Reduction of serum TARC levels in atopic dermatitis by topical anti-inflammatory treatments.
What is the name of the Special Operations Forces that are a part of the U.,Injury Epidemiology of U.S. Army Special Operations Forces.
What was the rate of a new infertility problem after resection of ,"OBJECTIVE: To compare the reproductive outcome of women who underwent re-evacuation of the uterine cavity due to suspected retained products of conception (RPOC) and in whom trophoblastic tissue was confirmed by histopathologic examination to those with negative pathologic findings. STUDY DESIGN: We retrospectively reviewed all cases of women who underwent uterine re-evacuation due to suspected RPOC between January 2000 and December 2010. Reproductive outcomes were compared between women in whom trophoblastic tissue was confirmed by histopathologic examination and those with negative pathologic findings. RESULTS: A total of 240 patients underwent uterine re-evacuation due to suspected RPOC, of whom 162 (67.5%) had pathological examination positive for RPOC, and 78 (32.5%) had pathologically negative RPOC. The rate of a new infertility problem following resection of a positive pathologic finding was significantly higher compared with a negative finding (P=0.029). The mean time to conception was significantly longer after resection of a positive pathologic finding compared with a negative finding (P<0.001). A significantly higher rate of hypomenorrhea/amenorrhea was found following resection of a positive pathologic finding compared with a negative finding (P=0.017). CONCLUSION: RPOC-associated infertility is primarily related to the presence of trophoblastic tissue rather than the surgical intervention per se in the gravid uterus."
What is the name of the cell that is involved in the development of airway remodeling?,Smooth muscle progenitor cells involved in the development of airway remodeling in a murine model of asthma.
What is the direction of epidural needles predicts?,Bevel direction of epidural needles reliably predicts direction of catheter placement and contrast spread in human cadavers: results of a pilot study.
What is the expression of B-cell Lymphoma 2 in Rats?,Bone Marrow Stromal Cells Combined with Oxiracetam Influences the Expression of B-cell Lymphoma 2 in Rats with Ischemic Stroke.
What is CT diagnosis of an iatrogenic bile duct injury?,CT diagnosis of an iatrogenic bile duct injury.
"What is the spleen's morphologic, immunophenotypic,","Splenic B-cell lymphomas are a heterogeneous group of diseases comprising several entities that exhibit overlapping features. Diagnosis of these lymphomas has been reliant on the histopathologic examination of the spleen. However, with advances in diagnostic modalities and therapy, splenectomy is not commonly performed, and diagnosis and subclassification must be rendered based on the blood and bone marrow findings. In this brief review, we summarize the morphologic, immunophenotypic, and genetic findings of splenic B-cell lymphomas in the blood and bone marrow."
What effect did Massive isotopic effect in vacuum UV photodissociation of N,Massive isotopic effect in vacuum UV photodissociation of N2 and implications for meteorite data.
What is the total resection of large Cervical Intramedullary Ep,Gross Total Resection of Large Cervical Intramedullary Ependymoma: Demonstration of Microsurgical Techniques.
What is the name of the DPP-4?,Dipeptidyl peptidase-4 (DPP-4): localization and activity in human and rodent islets.
What is the effect of IgE on nonallergic inflammatory diseases?,"The (patho)physiological role of IgE in nonallergic inflammatory diseases is not well understood. Here, we explored the effect of IgE deficiency on the inflammatory response in FcgammaRIIB-deficient mice as well as in mice carrying both a deletion of FcgammaRIIB and the chromosomal translocation of Y-linked autoimmune acceleration (Yaa) that hastens and results in a more aggressive lupuslike disease in these mice. The findings show that deficiency of IgE delays disease development and severity as demonstrated by reduced autoantibody production and amelioration of organ pathologies. This was associated with decreased numbers of plasma cells and reduced levels of IgG2b and IgG3. Unexpectedly, the loss of IgE also caused a striking decrease of immune cell infiltration in secondary lymphoid organs with a marked effect on the presence of dendritic cells, monocytes, neutrophils, and eosinophils in these organs and decreased activation of basophils. The presence of autoreactive IgE in human systemic lupus erythematosus subjects was also associated with increased basophil activation and enhanced disease activity. These findings argue that IgE facilitates the amplification of autoimmune inflammation."
What type of Lymphoma is a case of primary Dural Lymphoma,A Case of Primary Dural Lymphoma: Diffuse Large B-Cell Type.
What is the effect of interhemispheric functional coordination in electroconvulsive,Modulation of interhemispheric functional coordination in electroconvulsive therapy for depression.
What is the miR-290-295/miR-371-373 Cluster Family,Evolution of the miR-290-295/miR-371-373 Cluster Family Seed Repertoire.
What is BBE a rare affection in childhood?,"Three young patients with Bickerstaff's brainstem encephalitis (BBE) are reported. Some weeks following an upper tract infection, the children after a short period of recovery, showed acute onset of symmetric weakness of the lower limbs with difficulty in standing by and walking. The distal muscle weakness had a rapid progression with involvement of the cranial nerve, and then with severe impairment of the consciousness till to coma in one of the three children. BBE is a rare and often underdiagnosed affection in childhood. Common neuro-immune pathogenesis, overlap of clinical signs and strict correlation among BBE with Fisher syndrome and Guillain-Barre syndrome lead to think that these affections represent an unique spectrum with different central and peripheral involvement. In these children, treatment with intravenous immunoglobulins resulted in a progressive and rapid resolution of the clinical features."
What is the cause of blood-brain barrier dysfunction in mice?,Blood-brain barrier dysfunction in mice induced by lipopolysaccharide is attenuated by dapsone.
What is the surface-assisted laser desorption/ionization mass spectrome,Surface-assisted laser desorption/ionization mass spectrometry using ordered silicon nanopillar arrays.
What is the wait for treatment of an acutely painful knee?,The 30-year wait for treatment of an acutely painful knee.
What was the maximum area under the ROC curve?,"PURPOSE: Attenuation correction (AC) based on low-dose computed tomography (CT) could be more accurate in brain single-photon emission computed tomography (SPECT) than the widely used Chang method, and, therefore, has the potential to improve both semi-quantitative analysis and visual image interpretation. The present study evaluated CT-based AC for dopamine transporter SPECT with I-123-ioflupane. MATERIALS AND METHODS: Sixty-two consecutive patients in whom I-123-ioflupane SPECT including low-dose CT had been performed were recruited retrospectively at 3 centres. For each patient, 3 different SPECT images were reconstructed: without AC, with Chang AC and with CT-based AC. Distribution volume ratio (DVR) images were obtained by scaling voxel intensities using the whole brain without striata as reference. For assessing the impact of AC on semi-quantitative analysis, specific-to-background ratios (SBR) in caudate and putamen were obtained by fully automated SPM8-based region of interest (ROI) analysis and tested for their diagnostic power using receiver-operator-characteristic (ROC) analysis. For assessing the impact of AC on visual image reading, screenshots of stereotactically normalized DVR images presented in randomized order were interpreted independently by two raters at each centre. RESULTS: CT-based AC resulted in intermediate SBRs about half way between no AC and Chang. Maximum area under the ROC curve was achieved by the putamen SBR, with negligible impact of AC (0.924, 0.935 and 0.938 for no, CT-based and Chang AC). Diagnostic accuracy of visual interpretation also did not depend on AC. CONCLUSIONS: The impact of CT-based versus Chang AC on the interpretation of I-123-ioflupane SPECT is negligible. Therefore, CT-based AC cannot be recommended for routine use in clinical patient care, not least because of the additional radiation exposure."
What was the primary objective of the study?,"BACKGROUND AND OBJECTIVES: Survey research is an important research method used to determine individuals' attitudes, knowledge, and behaviors; however, as with other research methods, inadequate reporting threatens the validity of results. This study aimed to describe the quality of reporting of surveys published between 2001 and 2011 in the field of nephrology. DESIGN, SETTING, PARTICIPANTS, & MEASUREMENTS: The top nephrology journals were systematically reviewed (2001-2011: American Journal of Kidney Diseases, Nephrology Dialysis Transplantation, and Kidney International; 2006-2011: Clinical Journal of the American Society of Nephrology) for studies whose primary objective was to collect and report survey results. Included were nephrology journals with a heavy focus on clinical research and high impact factors. All titles and abstracts were screened in duplicate. Surveys were excluded if they were part of a multimethod study, evaluated only psychometric characteristics, or used semi-structured interviews. Information was collected on survey and respondent characteristics, questionnaire development (e.g., pilot testing), psychometric characteristics (e.g., validity and reliability), survey methods used to optimize response rate (e.g., system of multiple contacts), and response rate. RESULTS: After a screening of 19,970 citations, 216 full-text articles were reviewed and 102 surveys were included. Approximately 85% of studies reported a response rate. Almost half of studies (46%) discussed how they developed their questionnaire and only a quarter of studies (28%) mentioned the validity or reliability of the questionnaire. The only characteristic that improved over the years was the proportion of articles reporting missing data (2001-2004: 46.4%; 2005-2008: 61.9%; and 2009-2011: 84.8%; respectively) (P<0.01). CONCLUSIONS: The quality of survey reporting in nephrology journals remains suboptimal. In particular, reporting of the validity and reliability of the questionnaire must be improved. Guidelines to improve survey reporting and increase transparency are clearly needed."
,
What is the living heart project?,The Living Heart Project: A robust and integrative simulator for human heart function.
What is the common cause of respiratory tract infections?,"Mycoplasma pneumoniae is a common cause of respiratory tract infections (RTI's), especially in children. While severe M. pneumoniae infections are generally treated with antibiotics, the diagnosis as well as treatment of these infections should be reconsidered in the light of recent clinical findings. First, M. pneumoniae was found to be carried in the upper respiratory tract of a relatively high percentage of healthy, asymptomatic children. Clearly, this complicates the diagnosis of a suspected M. pneumoniae RTI and, thus, the decision when to initiate treatment. A complication in the treatment of these infections is that data on the efficacy of antibiotic treatment of M. pneumoniae RTI's are sparse and derived exclusively from comparative studies. A recent Cochrane review concluded that there is insufficient evidence about the efficacy of antibiotics for M. pneumoniae lower respiratory tract infections (LRTI) in children. Due to side effects associated with the use of tetracyclines and quinolones in children, only macrolides can be used to treat M. pneumoniae infections in young patients. The general applicability of macrolides, however, is currently threatened by the worldwide increase in macrolide-resistant M. pneumoniae strains. Finally, limited evidence is available that corticosteroids might have an additional benefit in the treatment of M. pneumoniae infections. In this review, the current issues related to the diagnosis and treatment of M. pneumoniae infections will be discussed."
What is the genetic difference between gender and colorectal cancer?,Gender-Associated Genomic Differences in Colorectal Cancer: Clinical Insight from Feminization of Male Cancer Cells.
What is the NCIC-CTG LY.12.,"Randomized Comparison of Gemcitabine, Dexamethasone, and Cisplatin Versus Dexamethasone, Cytarabine, and Cisplatin Chemotherapy Before Autologous Stem-Cell Transplantation for Relapsed and Refractory Aggressive Lymphomas: NCIC-CTG LY.12."
What is residential treatment effective for opioid use disorders?,"Is residential treatment effective for opioid use disorders? A longitudinal comparison of treatment outcomes among opioid dependent, opioid misusing, and non-opioid using emerging adults with substance use disorder."
What is the molecular target for triple negative breast cancer?,ICAM-1 as a molecular target for triple negative breast cancer.
What is hypnosis capable of helping individuals with a wide variety of problems?,"Hypnosis is a brief intervention ready for wider dissemination in medical contexts. Overall, hypnosis remains underused despite evidence supporting its beneficial clinical impact. This review will evaluate the evidence supporting hypnosis for dissemination using guidelines formulated by Glasgow and colleagues (1999). Five dissemination dimensions will be considered: Reach, Efficacy, Adoption, Implementation, and Maintenance (RE-AIM). REACH: In medical settings, hypnosis is capable of helping a diverse range of individuals with a wide variety of problems. EFFICACY: There is evidence supporting the use of hypnosis for chronic pain, acute pain and emotional distress arising from medical procedures and conditions, cancer treatment-related side-effects and irritable bowel syndrome. ADOPTION: Although hypnosis is currently not a part of mainstream clinical practices, evidence suggests that patients and healthcare providers are open to trying hypnosis, and may become more so when educated about what hypnosis can do. IMPLEMENTATION: Hypnosis is a brief intervention capable of being administered effectively by healthcare providers. MAINTENANCE: Given the low resource needs of hypnosis, opportunities for reimbursement, and the ability of the intervention to potentially help medical settings reduce costs, the intervention has the qualities necessary to be integrated into routine care in a self-sustaining way in medical settings. In sum, hypnosis is a promising candidate for further dissemination."
How many patients were diagnosed with metastatic phaeo/PGL?,"BACKGROUND: Phaeochromocytoma (phaeo) and paraganglioma (PGL) are rare conditions which are malignant in up to 30%. Optimal treatment is controversial but, in patients with metastatic 123I-MIBG avid tumours, we offer 131I-MIBG therapy. We summarise response rates, survival and safety in a cohort of such patients treated with 131I-MIBG in our centre from 1986 to 2012. DESIGN/METHODS: Retrospective analysis of the casenotes of patients with metastatic phaeo/PGL who received 131I-MIBG was undertaken; patients underwent clinical, biochemical and radiological evaluation within 6 months of each course of 131I-MIBG therapy. RESULTS: Twenty two patients (9 male) were identified, 12 with metastatic PGL and 10 with phaeo. Overall median follow up time after first dose of 131I-MIBG was 53 months. In total, 68 doses of 131I-MIBG were administered; average dose was 9967 MBq (269.4 mCi). After the first dose, >50% of patients demonstrated disease stability or partial response; progressive disease was seen in 9%. A subset of patients underwent repeated treatment with the majority demonstrating partial response or stable disease. No life threatening adverse events were reported but three patients developed hypothyroidism and two developed ovarian failure after repeated dosing. Five year survival after original diagnosis was 68% and median (+IQR) survival from date of diagnosis was 17 years (7.6-26.4) with no difference in survival according to diagnosis (p<0.1). CONCLUSIONS: 131I-MIBG is well tolerated and associates with disease stabilisation or improvement in the majority of patients with metastatic phaeo/PGL. However, stronger conclusions on treatment effectiveness are limited by lack of a directly comparable 'control group as well as an alternative 'gold standard' treatment."
What was the purpose of the study?,"BACKGROUND: The mechanisms regulating airway remodeling changes remain poorly understood. Recently, a smooth muscle progenitor cell was identified in the peripheral circulatory system that plays an important role in the reconstruction of injured blood vessels. However, to the best of our knowledge, there is no report in the medical literature regarding the role of smooth muscle progenitor cells (SPCs) in asthma. OBJECTIVE: The aim of this study was to investigate the relationship between SPCs and the development of airway remodelling in a murine model of asthma. METHODS: Chronic asthma with airway remodeling was generated by sensitizing and stimulating BALB/c mice with atomized ovalbumin (OVA). Bronchoalveolar lavage fluid (BALF) was collected for eosinophils (EOS) counting and histological analysis. The Ficoll method was used to isolate mononuclear cells from peripheral blood. Smooth muscle myosin heavy chain (SM-MHC) and highly glycosylated type I transmembrane protein (CD34+) were selected as two markers to detect the expression of SPCs by Flow Cytometry. RESULTS: Long-term inhalation of OVA produced thickening of the epithelial and smooth muscle layer, goblet cell hyperplasia, collagen deposition around smooth muscle, luminal exudates and inflammatory cell infiltration. The number of SPCs in the asthma group was significantly higher than in the control group. CONCLUSION: Long-term inhalation of OVA results in airway remodeling and the smooth progenitor muscle cell are involved in the development of airway remodeling."
What is the response to the Opportunistic Pseudomonas ,Host Genetic Background Influences the Response to the Opportunistic Pseudomonas aeruginosa Infection Altering Cell-Mediated Immunity and Bacterial Replication.
What is Nfluenza 101?,Nfluenza 101: What You Need to Know.
What is a Zinc Finger Protein?,"ZFC3H1, a Zinc Finger Protein, Modulates IL-8 Transcription by Binding with Celastramycin A, a Potential Immune Suppressor."
What is the state of the art treatment of progressive or refractory multiple myel,[State of the art treatment of progressive or refractory multiple myeloma.]
What is the Inner Foreskin of Healthy Males at Risk of HIV Infection?,The Inner Foreskin of Healthy Males at Risk of HIV Infection Harbors Epithelial CD4+ CCR5+ Cells and Has Features of an Inflamed Epidermal Barrier.
What is the most effective feigning group in identifying feigning,"Malingered posttraumatic stress disorder (PTSD) poses a formidable clinical challenge because of the apparent ease in feigning PTSD. As an additional confound, some patients with genuine PTSD produce elevated profiles on feigning indicators that are difficult to distinguish from feigned PTSD. The current study utilized 109 inpatients from a trauma unit to examine whether the Personality Assessment Inventory and the Detailed Assessment of Posttraumatic Stress can effectively differentiate between genuine and feigned PTSD. As a primary focus, Resnick's model of malingered PTSD was evaluated with its three subtypes: pure malingering, partial malingering, and false imputation. They were tested on their ability to (a) effectively simulate PTSD and (b) avoid being classified as feigning. The partial malingering group proved to be the best feigning group in achieving these two goals. Overall, the Personality Assessment Inventory Malingering Index and Negative Distortion Scale were the most effective at identifying feigning."
What is the population of India?,"BACKGROUND: Malaria contributes to 881000 deaths worldwide annually and India is a major contributor in the region. This study aimed at detecting land cover changes and assesses their relationship with the burden of malaria in Mangalore taluk of southern India. METHODOLOGY: Landsat TM images were obtained from the U.S. Geological Survey data repository. The statistics for the malaria incidences in the region were obtained from the National Vector Borne Diseases Control Program division of the State of Karnataka. The images were preprocessed, classified and change detection statistics were employed for major land cover types. RESULTS AND CONCLUSIONS: An increase in the urban land cover by 20% with a reduction in the mountainous terrain by 34.7% and vegetation by 38.7% was noted between the years 2003 and 2005. The annual incidence of malaria increased five-fold from 203 to 1035/100000 population during the period. This study demonstrates the application of publicly available remote sensed data as a cost effective approach to study the agent, host and environment relationships in resource scarce settings which would provide valuable information planning and policy making at regional levels."
What is the name of the biomarker that was used to assess the effect of galect,"BACKGROUND: Heart failure (HF) continues to be an illness of daunting proportions with a four- year mortality touching 50%. Biomarkers for prognosticating patients with heart failure have generated immense interest. Several studies have been conducted on a novel biomarker, galectin-3 to assess its prognostic effect in heart failure populations. However, the studies have generated conflicting results. Hence a systematic review was done to assess the utility of galectin-3 as a prognostic biomarker in HF. DESIGN: This study was a systematic review. METHODS: A literature search was done using terms 'galectin-3 and heart' and 'galectin-3 and heart failure' in MEDLINE, Science Direct, Scopus, Springer Link, Cochrane Library and Google Scholar for original articles using a predefined inclusion/exclusion criteria. RESULTS: Altogether 27 original articles were selected for the systematic review. Multivariate analysis showed galectin-3 to be ineffective in predicting all-cause mortality and cardiovascular mortality especially under the influence of factors such as estimated glomerular filtration rate (eGFR), left ventricular ejection fraction (LVEF) and N-terminal pro-B-type natriuretic peptide (NTproBNP). Galectin-3 was not found to be superior to NTproBNP, sST2, GDF-15 or C-reactive protein (CRP) as a predictor of mortality. However the combination of natriuretic peptides and galectin-3 has been observed to be superior in predicting mortality compared to either of the biomarkers alone. The role of galectin-3 in remodelling has not been conclusively proven as seen in earlier pre-clinical studies. CONCLUSION: The current weight of evidence does not suggest galectin-3 to be a predictor of mortality. However, assessment of galectin-3 in a multi-biomarker panel may have a distinct advantage in prognosticating patients with heart failure."
What is the translation of L Protease from Foot and Mouth Disease Virus Confers,L Protease from Foot and Mouth Disease Virus Confers eIF2-Independent Translation for Mrnas Bearing Picornavirus Ires.
What is the significance of multiprofessional teamwork for successful multimodal rehabilitation?,"Objective: Systematic reviews indicate the effectiveness of multimodal rehabilitation. In Germany this has been shown, in particular, for work-related medical rehabilitation. A recently published guideline on work-related medical rehabilitation support the dissemination of these programmes. The feasibility of this guideline was examined in a multicentre study. This paper presents findings on the relevance of multiprofessional teamwork for the implementation of successful work-related medical rehabilitation. Methods: Focus groups were conducted with 7 inpatient orthopaedic rehabilitation teams and examined using qualitative content analysis. Results: Multiprofessional teamwork emerged inductively as a meaningful theme. All teams described multiprofessional teamwork as a work-related medical rehabilitation success factor, referring to its relevance for holistic treatment of multifactorially impaired patients. Although similar indicators of successful multiprofessional teamwork were named, the teams realized multiprofessional teamwork differently. We found 3 team types, corresponding to multidisciplinary, interdisciplinary and transdisciplinary team models. These types and models constitute a continuum of collaborative practice, which seems to be affected by context-related factors. Conclusion: The significance of multiprofessional teamwork for successful multimodal rehabilitation was underlined. Indicators of ideal multiprofessional teamwork and contextual facilitators were specified. The contingency approach to teamwork, as well as the assumption of multiprofessional teamwork as a continuum of collaborative practice, is supported. Stronger consideration of multiprofessional teamwork in the work-related medical rehabilitation guideline is indicated."
What is the BCLC Staging System?,Hepatocellular Carcinoma Management in Nonalcoholic Fatty Liver Disease Patients: Applicability of the BCLC Staging System.
What was the influence of serum Ub on platelet functions?,"Extracellular ubiquitin (Ub) with platelet aggregation property was found higher in acute myocardial infarction (AMI) patients. Here we detected the platelet functions and serum Ub levels in 250 AMI patients and 50 healthy volunteers before and after aspirin treatment. The influence of serum Ub on platelet functions was determined in vitro. We found that 47 out of 250 AMI patients showed aspirin resistance (AR) and 203 showed aspirin sensitivity (AS). During hospitalization, AR group had higher serum Ub levels than the AS group or the healthy group, and the serum Ub levels was related to the rates of thrombosis events. The patients with higher serum Ub levels showed that the platelets had more ubiquitinated platelets, higher contents of ubiquitinated proteins and ubiquitinated cyclooxygenase-1 (COX-1). The levels of ubiquitinated COX-1 in the platelets was inversely correlated with acetylated COX-1, the separated ubiquitinated COX-1 activity was approximately twofold or fourfold higher than the total COX-1(ubiquitinated COX-1 and COX-1) or COX-1. In vitro, we found that extracellular Ub, via the CXC chemokine receptor 4 (CXCR4) pathway, facilitated COX-1 to be ubiquitined and prevented aspirin to acetylate its target. Platelets had higher levels of ubiquitinated COX-1 showing poor response to aspirin. Such results were not detected in Ub-free serum or ovalbumin incubated platelets. Serum Ub, via the CXCR4 pathway, facilitated COX-1 to be ubiquitined and activated the platelets possibly involved in the pathogenesis of AR."
What was the goal of this study?,"BACKGROUND: The aim of this study was to evaluate the role of magnetic resonance cholangiopancreatography in cases of suspected choledocholithiasis. METHODS: Suitable candidates were recruited from a database of all consecutive patients who underwent magnetic resonance cholangiopancreatography between March 2009 and December 2012. Patients were stratified into low, medium and high risk for choledocholithiasis by assessing clinical symptoms, liver function tests and ultrasonography. True negatives and false positives were calculated based on endoscopic retrograde cholangiopancreatography, intraoperative cholangiogram and clinical follow-up. RESULTS: Of 201 magnetic resonance cholangiopancreatography investigations conducted, choledocholithiasis was diagnosed in 37 (18%) patients. In total, there was one false negative and three false positives. Total sensitivity and specificity values were 97% and 98%, respectively. These values were highest among low-risk patients (100% for both sensitivity and specificity). By initially opting for magnetic resonance imaging in suitable moderate- and high-risk patients, unnecessary endoscopic retrograde cholangiopancreatography procedures were avoided in 61% and 65% of patients, respectively. CONCLUSION: Magnetic resonance cholangiopancreatography for patients with suspected choledocholithiasis yields high sensitivity and specificity. Given its reduced risk profile and relative ease of administration, magnetic resonance cholangiopancreatography is a necessary tool for the assessment of choledocholithiasis with the capacity to rival gold standard diagnostic techniques and help reduce the number of unnecessary interventional procedures."
What is the name of the Nanoconjugate?,Detection and Characterization of Cancer Cells and Pathogenic Bacteria Using Aptamer-Based Nano-Conjugates.
What is the name of the two-side role of nanoparticles in pulmonary diseases,"Due to the rapid development of the nanotechnology industry in the last decade, nanoparticles (NPs) are omnipresent in our everyday life today. Many nanomaterials have been engineered for medical purposes. These purposes include therapy for pulmonary diseases. On other hand, people are endeavoring to develop nanomaterials for improvement or replacement of traditional therapies. On the other hand, nanoparticles, as foreign material in human bodies, are reported to have potential adverse effects on the lung, including oxidase stress, inflammation, fibrosis and genotoxicity. Further, these damages could induce pulmonary diseases and even injuries in other tissues. It seems that nanoparticles may exert two-sided effects. Toxic effects of nanomaterials should be considered when their use is developed for therapies. Hence this review will attempt to summarize the two-side roles of nanoparticles in both therapies for pulmonary diseases and initiation of lung diseases and even secondary diseases caused by lung injuries. Determinants of these effects such as physicochemical properties of nanoparticles will also be discussed."
What is the name of the T. cruzi Clade?,"High Local Diversity of Trypanosoma in a Common Bat Species, and Implications for the Biogeography and Taxonomy of the T. cruzi Clade."
What is the name of the earliest Imitator of Mycosis Fungoides,Selected Inflammatory Imitators of Mycosis Fungoides: Histologic Features and Utility of Ancillary Studies.
What is the main predictor of stroke?,"In older men, higher plasma testosterone or dihydrotestosterone are independent predictors for reduced incidence of stroke but not myocardial infarction."
What is the main reason for the increase in internalized stigma among PLHIV?,"OBJECTIVE:: Programme implementers have argued that the increasing availability of antiretroviral therapy (ART) will reduce the stigma of HIV. We analyzed data from Uganda to assess how HIV-related stigma has changed during a period of ART expansion. DESIGN:: Serial cross-sectional surveys. METHODS:: We analyzed data from the Uganda AIDS Rural Treatment Outcomes study during 2007-2012 to estimate trends in internalized stigma among people living with HIV (PLHIV) at the time of treatment initiation. We analyzed data from the Uganda Demographic and Health Surveys from 2006 to 2011 to estimate trends in stigmatizing attitudes and anticipated stigma in the general population. We fitted regression models adjusted for sociodemographic characteristics, with year of data collection as the primary explanatory variable. RESULTS:: We estimated an upward trend in internalized stigma among PLHIV presenting for treatment initiation [adjusted b = 0.18; 95% confidence interval (CI), 0.06-0.30]. In the general population, the odds of reporting anticipated stigma were greater in 2011 compared with 2006 [adjusted odds ratio (OR) = 1.80; 95% CI, 1.51-2.13], despite an apparent decline in stigmatizing attitudes (adjusted OR = 0.62; 95% CI, 0.52-0.74). CONCLUSION:: Internalized stigma has increased over time among PLHIV in the setting of worsening anticipated stigma in the general population. Further study is needed to better understand the reasons for increasing HIV-related stigma in Uganda and its impact on HIV prevention efforts."
What is the name of the long-term follow-up of adult men born with hypos,Long-term follow-up of adult men born with hypospadias: Urological and cosmetic results.
What is the Mini-Mental State Examination?,The Mini-Mental State Examination as a diagnostic and screening test for delirium: systematic review and meta-analysis.
What was the mean hospital stay in 4 patients?,"AIM: In this study, 31 patients with a diagnosis of Type II odontoid fractures were reported. All patients were treated with anterior transodontoid screw fixation and clinical outcomes were reported. MATERIAL and METHODS: In this study, the retrospective clinical analysis of 31 patients with traumatic type II odontoid fractures who were treated through anterior transodontoid fixation in Neurosurgery Department at VKV American Hospital between 1998 and 2012 was performed. The age, sex, cause of injury, diagnosis time, neurological examination before and after surgery, follow-up period were evaluated. The neurological status of patients was classified according to the Frankel scale. RESULTS: In 4 patients, 2 transodontoid screws were inserted. The mean hospital stay was 3.35 days. Posterior occipito-cervical fusion was done in 1 patient due to the lack of fusion in the first operation. No vascular injury, screw malposition, infection, neurologic deterioration, or complications were observed during the peroperative and postoperative stage. The mean postoperative follow-up period was 36 months after surgery. Radiological imaging of patients were performed at the early and late postoperative stage. CONCLUSION: We found satisfying fusion rates and better patient comfort during the postoperative period. We think that stabilization and fusion through a transodontoid screw is a minimal invasive method."
What effect did Ecliptae herba extract have on pre-osteocla,Inhibitory effect of Ecliptae herba extract and its component wedelolactone on pre-osteoclastic proliferation and differentiation.
What is a provisional and controversial entity with a broad differential diagnosis?,"Context.-Primary cutaneous CD4+ small/medium T-cell lymphoma is a provisional and controversial entity with a broad differential diagnosis. Despite being an uncommon lymphoma, it is a frequent diagnostic consideration in cutaneous biopsies with a dense lymphoid infiltrate because it shows overlapping features with reactive lymphoid hyperplasia (pseudolymphoma) and a variety of other primary cutaneous and systemic lymphomas. However, proper classification of this process is important for determining patient prognosis and treatment options. Objective.-To review the clinical, morphologic, immunophenotypic, and genetic features of primary cutaneous CD4+ small/medium T-cell lymphoma and contrast those features with entities in the differential diagnosis. Data Sources.-Applicable literature will be reviewed with emphasis on current controversies and distinguishing characteristics. Conclusions.-Although many consider primary cutaneous CD4+ small/medium T-cell lymphoma to be indistinguishable from reactive lymphoid hyperplasia/pseudolymphoma, it can be differentiated from other primary cutaneous and systemic lymphomas. Patients with solitary lesions of primary cutaneous CD4+ small/medium T-cell lymphoma generally have an excellent prognosis. Nevertheless, a subset of patients who have been reported to meet criteria for this lymphoma have followed a more-aggressive course; however, those patients show some differing clinical, morphologic, and immunophenotypic features."
What is the highest resolution typing method available for transmission epidemiology?,"BACKGROUND: NDM-producing Klebsiella pneumoniae represent a major clinical and infection control challenge, particularly in resource-limited settings with high rates of antimicrobial resistance. Determining whether transmission occurs at a gene, plasmid or bacterial strain level, within hospital and/or the community, has implications for monitoring and controlling spread. Whole genome sequencing (WGS) is the highest-resolution typing method available for transmission epidemiology. METHODS: We sequenced carbapenem-resistant K. pneumoniae isolates from 26 individuals involved in several infection case clusters in a Nepali neonatal unit, and 68 other clinical Gram-negative isolates from a similar timeframe, using Illumina and PacBio technologies. Within-outbreak chromosomal and closed plasmid structures were generated, and used as dataset-specific references. RESULTS: Three temporally separated case clusters were caused by a single NDM-K. pneumoniae strain, with a conserved set of four plasmids, one being a 304,526bp blaNDM-1-plasmid. The plasmids contained a large number of antimicrobial/heavy metal resistance and plasmid maintenance genes, which may have explained persistence. No obvious environmental/human reservoir was found. There was no evidence of transmission of outbreak plasmids to other Gram-negative clinical isolates, although blaNDM variants were present in other isolates in different genetic contexts. CONCLUSIONS: WGS can effectively define complex antimicrobial resistance epidemiology. Wider sampling frames are required to contextualize outbreaks. Infection control may be effective in terminating outbreaks caused by particular strains, even in areas with widespread resistance, although this study could not demonstrate evidence supporting specific interventions. Larger, detailed studies are needed to characterize resistance genes, vectors and host strains involved in disease, to enable effective intervention."
What is the effect of Intra-Aortic Balloon Counterpulsation Pump,Effects of Intra-Aortic Balloon Counterpulsation Pump on Mortality of Acute Myocardial Infarction.
What was the mean GSH-Px value in a population at high risk?,"BACKGROUND: Studies of associations between plasma GSH-Px activity and cardiovascular risk factors have been done in humans, and contradictory results have been reported. The aim of our study was to assess the association between the scavenger antioxidant enzyme glutathione peroxidase (GSH-Px) activity in plasma and the presence of novel and classical cardiovascular risk factors in elderly patients. METHODS: We performed a cross-sectional study with baseline data from a subsample of the PREDIMED (PREvencion con DIeta MEDiterranea) study in Spain. Participants were 1,060 asymptomatic subjects at high risk for cardiovascular disease (CVD), aged 55 to 80, selected from 8 primary health care centers (PHCCs). We assessed classical CVD risk factors, plasma oxidized low-density lipoproteins (ox-LDL), and glutathione peroxidase (GSH-Px) using multilevel statistical procedures. RESULTS: Mean GSH-Px value was 612 U/L (SE: 12 U/L), with variation between PHCCs ranging from 549 to 674 U/L (Variance = 1013.5; P<0.001). Between-participants variability within a PHCC accounted for 89% of the total variation. Both glucose and oxidized LDL were positively associated with GSH-Px activity after adjustment for possible confounder variables (P = 0.03 and P = 0.01, respectively). CONCLUSION: In a population at high cardiovascular risk, a positive linear association was observed between plasma GSH-Px activity and both glucose and ox-LDL levels. The high GSH-Px activity observed when an oxidative stress situation occurred, such as hyperglycemia and lipid oxidative damage, could be interpreted as a healthy defensive response against oxidative injury in our cardiovascular risk population."
What is the effect of exogenous mechanical tension on skin wound healing?,"Skin wound healing is finely regulated by both matrix synthesis and degradation which are governed by dermal fibroblast activity. Actually, fibroblasts synthesize numerous extracellular matrix proteins (i.e., collagens), remodeling enzymes and their inhibitors. Moreover, they differentiate into myofibroblasts and are able to develop endogenous forces at the wound site. Such forces are crucial during skin wound healing and have been widely investigated. However, few studies have focused on the effect of exogenous mechanical tension on the dermal fibroblast phenotype, which is the objective of the present paper. To this end, an exogenous, defined, cyclic and uniaxial mechanical strain was applied to fibroblasts cultured as scratch-wounded monolayers. Results showed that fibroblasts response was characterized by both an increase in procollagen type-I and TIMP-1 synthesis, and a decrease in MMP-1 synthesis. The monitoring of scratch-wounded monolayers did not show any decrease in kinetics of the filling up when mechanical tension was applied. Additional results obtained with proliferating fibroblasts and confluent monolayer indicated that mechanical tension-induced response of fibroblasts depends on their culture conditions. In conclusion, mechanical tension leads to the differentiation of dermal fibroblasts and may increase their wound-healing capacities. So, the exogenous uniaxial and cyclic mechanical tension reported in the present study may be considered in order to improve skin wound healing."
What is the potential therapeutic target for Pancreatic Cancer?,Annexin A8 Is a Prognostic Marker and Potential Therapeutic Target for Pancreatic Cancer.
What is the antiinflammatory effect of Phytosterols in Experimental Murine Colitis,"Antiinflammatory Effect of Phytosterols in Experimental Murine Colitis Model: Prevention, Induction, Remission Study."
What is the median radiation dose emitted by fluoroscopic equipment?,"Medical radiation exposure increases the likelihood of cataract formation. A personal dosimeter was attached to the left temple of 77 anaesthetists during 45 endovascular aortic aneurysm repairs and 32 interventional neuroradiology procedures. Compared with interventional neuroradiology, the median (IQR [range]) total radiation dose emitted by fluoroscopic equipment was significantly lower during endovascular aortic aneurysm repair (4175 (3127-5091 [644-9761]) mGy than interventional neuroradiology (1420 (613-2424 [165-10 840]) mGy, p < 0.001). However, radiation exposure to the anaesthetist's temple was significantly greater during endovascular aortic aneurysm repair (15 (6-41 [1-109]) muSv) than interventional neuroradiology (4 (2-8 [0-67]) muSv, p < 0.001). These data suggest that anaesthetists at our institution would have to deliver anaesthesia for ~1300 endovascular aortic aneurysm repairs and ~5000 interventional neuroradiology cases annually to exceed the general occupational limits, and ~10 000 endovascular aortic aneurysm repairs and ~37 500 interventional neuroradiology cases to exceed the ocular exposure limits recommended by the International Commission on Radiological Protection. Nevertheless, anaesthetists should be aware of the risk of ocular radiation exposure, and reduce this by limiting the time of exposure, increasing the distance from the source of radiation, and shielding."
What was the cytotoxicity of LL-37 determined by?,"BACKGROUND: LL-37, the only member of the antimicrobial peptide cathelicidin family in humans, exerts a variety of biological activities, especially immunomodulation through either direct chemotactic activity or up-regulation of several cytokines and chemokines in various cell types. In this study, we aimed to determine the immunoregulatory effect of LL-37 on Th1/Th2 cytokine expression and production in human gingival epithelial cells (HGECs). METHODS: Cultured HGECs were treated with different concentrations of LL-37 for different numbers of times. The cytotoxicity of LL-37 was determined by an MTT assay. Total RNA was isolated for RT-PCR and real-time PCR analyses of cytokine expression. Cell-free culture supernatants were assayed for Th1/Th2 cytokine levels by a cytokine bead array. RESULTS: Out of eleven Th1/Th2 cytokines tested, treatment of HGECs with non-toxic doses of LL-37 (2-6 muM) significantly raised only IL-8 levels in the cell-free culture supernatants, when compared to control untreated cells (P <0.05). Consistent with the elevated IL-8 levels, IL-8 mRNA expression was remarkably and significantly induced by LL-37 treatment (P < 0.05), when compared to the modest mRNA induction of other three cytokines, including IL-1beta, IL-6, and TNF-alpha. The time-course study demonstrated a cumulative IL-8 mRNA induction by LL-37 treatment within a 24-hour interval. CONCLUSIONS: These findings indicate that LL-37 favorably induces IL-8 expression and secretion in HGECs, suggesting both direct and indirect involvement of LL-37 in neutrophil recruitment into an inflammatory site within diseased periodontal tissues."
What is an isoform of SOD normally found both intra- and extra-cellularly,"Extracellular superoxide dismutase (EC-SOD) is an isoform of SOD normally found both intra- and extra-cellularly and accounting for most SOD activity in blood vessels. Here we explored the role of EC-SOD in protecting against brain damage induced by chronic hypoxia. EC-SOD Transgenic mice, were exposed to hypoxia (FiO2.1%) for 10 days (H-KI) and compared to transgenic animals housed in room air (RA-KI), wild type animals exposed to hypoxia (H-WT or wild type mice housed in room air (RA-WT). Overall brain metabolism evaluated by positron emission tomography (PET) showed that H-WT mice had significantly higher uptake of 18FDG in the brain particularly the hippocampus, hypothalamus, and cerebellum. H-KI mice had comparable uptake to the RA-KI and RA-WT groups. To investigate the functional state of the hippocampus, electrophysiological techniques in ex vivo hippocampal slices were performed and showed that H-KI had normal synaptic plasticity, whereas H-WT were severely affected. Markers of oxidative stress, GFAP, IBA1, MIF, and pAMPK showed similar values in the H-KI and RA-WT groups, but were significantly increased in the H-WT group. Caspase-3 assay and histopathological studies showed significant apoptosis/cell damage in the H-WT group, but no significant difference in the H-KI group compared to the RA groups. The data suggest that EC-SOD has potential prophylactic and therapeutic roles in diseases with compromised brain oxygenation."
What is the main concern in cancer patients?,"Loss of muscle mass related to anti-cancer therapy is a major concern in cancer patients, being associated with important clinical endpoints including survival, treatment toxicity and patient-related outcomes. We investigated effects of voluntary exercise during cisplatin treatment on body weight, food intake as well as muscle mass, strength and signalling. Mice were treated weekly with 4 mg/kg cisplatin or saline for 6 weeks, and randomized to voluntary wheel running or not. Cisplatin treatment induced loss of body weight (29.8%, P<0.001), lean body mass (20.6%, P = 0.001), as well as anorexia, impaired muscle strength (22.5% decrease, P<0.001) and decreased glucose tolerance. In addition, cisplatin impaired Akt-signalling, induced genes related to protein degradation and inflammation, and reduced muscle glycogen content. Voluntary wheel running during treatment attenuated body weight loss by 50% (P<0.001), maintained lean body mass (P<0.001) and muscle strength (P<0.001), reversed anorexia and impairments in Akt and protein degradation signalling. Cisplatin-induced muscular inflammation was not prevented by voluntary wheel running, nor was glucose tolerance improved. Exercise training may preserve muscle mass in cancer patients receiving cisplatin treatment, potentially improving physical capacity, quality of life and overall survival."
What is a common battlefield and in-garrison injury caused by transmission of mechanical forces to,"Mild traumatic brain injury (mTBI) or concussion is a common battlefield and in-garrison injury caused by transmission of mechanical forces to the head. The energy transferred in such events can cause structural and/or functional changes in the brain that manifest as focal neurological, cognitive, or behavioral dysfunction. Current diagnostic criteria for mTBI are highly limited, variable, and based on subjective self-report. The subjective nature of the symptoms, both in quantity and quality, together with their large overlap in other physical and behavioral maladies, limit the clinician's ability to accurately diagnose, treat, and make prognostic decisions after such injuries. These diagnostic challenges are magnified in an operational environment as well. The Department of Defense has invested significant resources into improving the diagnostic tools and accuracy for mTBI. This focus has been to supplement the clinician's examination with technology that is better able to objectify brain dysfunction after mTBI. Through this review, we discuss the current state of three promising technologies-soluble protein biomarkers, advanced neuroimaging, and quantitative electroencephalography-that are of particular interest within military medicine."
What is the effect of 5-ARIs on the androgen-mediated angiogenic,"PURPOSE OF REVIEW: To summarize the history of the use of 5-alpha-reductase inhibitors in the treatment of urologic diseases and discuss the current practices and indications for therapy. RECENT FINDINGS: 5-Alpha-reductase inhibitors (5-ARIs) are indicated in the treatment of benign prostatic hyperplasia (BPH) with obstructive urinary symptoms to reduce symptoms, reduce the risk of acute urinary retention, and reduce the risk of needing surgical management for this condition. These drugs have also been employed in the treatment of recurrent and refractory hematuria of prostatic origin because of their effect on the androgen-mediated angiogenic pathways in the prostate. Data support the use of 5-ARIs for this indication, though this is off-label use. There is no role for the use of 5-ARIs in primary prostate cancer chemoprevention and they may increase the risk of developing high-grade prostate cancer. Current investigations are underway to determine the efficacy of 5-ARIs in the secondary treatment of localized prostate cancer as adjunctive therapy, which may decrease the likelihood of prostate cancer progression and increase the likelihood that patients will remain on active surveillance. SUMMARY: 5-ARIs have significantly impacted the medical treatment of urologic disease, in particular BPH, and prostatic hematuria. Their use in the secondary treatment of prostate cancer is currently under investigation."
What is the reversal time of the postprandial thickness of lateral abdominal,"OBJECTIVES: Low thickness of Transversus Abdominis, Internal Oblique and External Oblique muscles may play a role in development of low back pain. Ultrasonography is increasingly utilized to measure the thickness of these muscles. Prandial state has recently been proposed as a confounding factor in such measurements. We aimed to compare the reversal time of the postprandial thickness of these muscles with preprandial values. The measurement errors of ultrasonographic values were also assessed in both immediate preprandial and postprandial states. DESIGN: Interventional cross-sectional study. METHODS: The ultrasonographic thickness of lateral abdominal muscles was measured at rest and during abdominal drawing-in maneuver in 20 healthy participants before and after consumption of a specific meal. Postprandial ultrasound measurements continued every 15 min until their thickness reached 95% of their preprandial values. RESULTS: There was a statistically significant reduction in postprandial thickness of these muscles (all p-values <0.001 on both sides). The reversal times were 1.5, 1.3 and 1.2 h for Transversus Abdominis, Internal Oblique, and External Oblique muscles, respectively. Standard Error of Measurement and Smallest Detectable Change were in the range of 0.007-0.013 mm and 0.020-0.035 mm, respectively. CONCLUSIONS: To limit the effects of prandial state on the sonographic thickness of lateral abdominal muscles, we recommend measuring these values at least 1.5-2 h after food consumption. For the future studies, controlling the participants according to their prandial state is recommended."
What is the structure and function of large-scale Brain Systems?,Structure and Function of Large-Scale Brain Systems.
What is the name of the biocompatible Cinnamaldehyde Functionalized Magnetit,"Synthesis, Characterization and In Vitro Study of Biocompatible Cinnamaldehyde Functionalized Magnetite Nanoparticles (CPGF Nps) For Hyperthermia and Drug Delivery Applications in Breast Cancer."
What is the most frequently applied test to assess obsessive compulsive symptoms,"The Yale-Brown Obsessive Compulsive Scale (Y-BOCS) is the most frequently applied test to assess obsessive compulsive symptoms. We conducted a reliability generalization meta-analysis on the Y-BOCS to estimate the average reliability, examine the variability among the reliability estimates, search for moderators, and propose a predictive model that researchers and clinicians can use to estimate the expected reliability of the Y-BOCS. We included studies where the Y-BOCS was applied to a sample of adults and reliability estimate was reported. Out of the 11,490 references located, 144 studies met the selection criteria. For the total scale, the mean reliability was 0.866 for coefficients alpha, 0.848 for test-retest correlations, and 0.922 for intraclass correlations. The moderator analyses led to a predictive model where the standard deviation of the total test and the target population (clinical vs. nonclinical) explained 38.6% of the total variability among coefficients alpha. Finally, clinical implications of the results are discussed."
What is the name of the soft tissue Sarcoma committee?,"Shorter-Duration Therapy Using Vincristine, Dactinomycin, and Lower-Dose Cyclophosphamide With or Without Radiotherapy for Patients With Newly Diagnosed Low-Risk Rhabdomyosarcoma: A Report From the Soft Tissue Sarcoma Committee of the Children's Oncology Group."
What was the MER identified in?,"PURPOSE: We examined the utility of post-therapy surveillance imaging in a large, prospectively enrolled cohort of patients with diffuse large B-cell lymphoma (DLBCL) from the United States and confirmed our results in an independent cohort of patients from France. METHODS: Patients with newly diagnosed DLBCL and treated with anthracycline-based immunochemotherapy were identified from the Molecular Epidemiology Resource (MER) of the University of Iowa/Mayo Clinic Lymphoma Specialized Program of Research Excellence and the Leon Berard Cancer Center, Lyon, France. In those with relapse, details at relapse and outcomes were abstracted from records. RESULTS: 680 individuals with DLBCL were identified from the MER, 552 (81%) of whom achieved remission after induction. 112 of the 552 patients (20%) suffered a relapse. The majority (64%) of relapses were identified before a scheduled follow-up visit. Surveillance imaging detected DLBCL relapse before clinical manifestations in nine out of 552 patients (1.6%) observed after therapy. In the Lyon cohort, imaging identified asymptomatic DLBCL relapse in four out of 222 patients (1.8%). There was no difference in survival after DLBCL relapse in patients detected at scheduled follow-up versus before scheduled follow-up in both the MER (P = .56) and Lyon cohorts (P = .25). CONCLUSION: The majority of DLBCL relapses are detected outside of planned follow-up, with no difference in outcome in patients with DLBCL detected at a scheduled visit compared with patients with relapse detected outside of planned follow-up. These data do not support the use of routine surveillance imaging for follow-up of DLBCL."
What is the name of the therapeutic candidate that is targeted by Janus kinase,"Advances in molecular biology have provided the basis for development of new therapeutic approaches to psoriasis. New, more effective therapies target specific molecules in the inflammatory cascade involved in the pathogenesis of psoriasis.The biologic era of psoriasis therapy began with inhibitors of T-cell activation, tumor necrosis factor-alpha, and interleukin (IL)-12/23. Continued investigation has led to therapies and therapeutic candidates that target IL-17, IL-23, phosphodiesterase-4, and isomers of Janus kinase."
What is the current status of Quantitative Susceptibility Mapping?,Quantitative Susceptibility Mapping: Current Status and Future Directions.
What is the Efficacy of intratumoral chemotherapy using?,Efficacy of intratumoral chemotherapy using arsenic trioxide (As2O3) sustained release tablets for the treatment of neurogliocytoma in nude mice.
What causes signaling deficits in corticostriatal circuitry that are reversed by,Cocaine self-administration causes signaling deficits in corticostriatal circuitry that are reversed by BDNF in early withdrawal.
What is the Phase I/II Study of the Antibody-Drug Conjugate,Phase I/II Study of the Antibody-Drug Conjugate Glembatumumab Vedotin in Patients With Locally Advanced or Metastatic Breast Cancer.
What is the name of the new drug that is used to threaten military readiness?,The Ketamine Analog Methoxetamine: A New Designer Drug to Threaten Military Readiness.
What is CisMiner's method to detect putative CRMs?,"Eukaryotic gene control regions are known to be spread throughout non-coding DNA sequences which may appear distant from the gene promoter. Transcription factors are proteins that coordinately bind to these regions at transcription factor binding sites to regulate gene expression. Several tools allow to detect significant co-occurrences of closely located binding sites (cis-regulatory modules, CRMs). However, these tools present at least one of the following limitations: 1) scope limited to promoter or conserved regions of the genome; 2) do not allow to identify combinations involving more than two motifs; 3) require prior information about target motifs. In this work we present CisMiner, a novel methodology to detect putative CRMs by means of a fuzzy itemset mining approach able to operate at genome-wide scale. CisMiner allows to perform a blind search of CRMs without any prior information about target CRMs nor limitation in the number of motifs. CisMiner tackles the combinatorial complexity of genome-wide cis-regulatory module extraction using a natural representation of motif combinations as itemsets and applying the Top-Down Fuzzy Frequent- Pattern Tree algorithm to identify significant itemsets. Fuzzy technology allows CisMiner to better handle the imprecision and noise inherent to regulatory processes. Results obtained for a set of well-known binding sites in the S. cerevisiae genome show that our method yields highly reliable predictions. Furthermore, CisMiner was also applied to putative in-silico predicted transcription factor binding sites to identify significant combinations in S. cerevisiae and D. melanogaster, proving that our approach can be further applied genome-wide to more complex genomes. CisMiner is freely accesible at: http://genome2.ugr.es/cisminer. CisMiner can be queried for the results presented in this work and can also perform a customized cis-regulatory module prediction on a query set of transcription factor binding sites provided by the user."
What is the role of Gender and Distance Mentoring in the Surgical Education Research Fellowship?,The Role of Gender and Distance Mentoring in the Surgical Education Research Fellowship.
What is the transition from a normal rhythm to an arrhythmia?,"In a normal human life span, the heart beats about 2 to 3 billion times. Under diseased conditions, a heart may lose its normal rhythm and degenerate suddenly into much faster and irregular rhythms, called arrhythmias, which may lead to sudden death. The transition from a normal rhythm to an arrhythmia is a transition from regular electrical wave conduction to irregular or turbulent wave conduction in the heart, and thus this medical problem is also a problem of physics and mathematics. In the last century, clinical, experimental, and theoretical studies have shown that dynamical theories play fundamental roles in understanding the mechanisms of the genesis of the normal heart rhythm as well as lethal arrhythmias. In this article, we summarize in detail the nonlinear and stochastic dynamics occurring in the heart and their links to normal cardiac functions and arrhythmias, providing a holistic view through integrating dynamics from the molecular (microscopic) scale, to the organelle (mesoscopic) scale, to the cellular, tissue, and organ (macroscopic) scales. We discuss what existing problems and challenges are waiting to be solved and how multi-scale mathematical modeling and nonlinear dynamics may be helpful for solving these problems."
What is the protective antibody response of mice with live-attenuated late liver stage-,Immunization of mice with live-attenuated late liver stage-arresting P. yoelii parasites generates protective antibody responses to pre-erythrocytic stages of malaria.
What is the name of the patent Corpus that is annotated chemical patent?,Annotated Chemical Patent Corpus: A Gold Standard for Text Mining.
"What is the incidence of malaria in Mangalore, India?","Temporal changes in land cover types and the incidence of malaria in Mangalore, India."
What is the name of the fungi that is a severe threat to the life of,"Penicillium marneffei, one of the most important thermal dimorphic fungi, is a severe threat to the life of immunocompromised patients. However, the pathogenic mechanisms of P. marneffei remain largely unknown. In this work, we developed a model host by using nematode Caenorhabditis elegans to investigate the virulence of P. marneffei. Using two P. marneffei clinical isolate strains 570 and 486, we revealed that in both liquid and solid media, the ingestion of live P. marneffei was lethal to C. elegans (P<0.001). Meanwhile, our results showed that the strain 570, which can produce red pigment, had stronger pathogenicity in C. elegans than the strain 486, which can't produce red pigment (P<0.001). Microscopy showed the formation of red pigment and hyphae within C. elegans after incubation with P. marneffei for 4 h, which are supposed to be two contributors in nematodes killing. In addition, we used C. elegans as an in vivo model to evaluate different antifungal agents against P. marneffei, and found that antifungal agents including amphotericin B, terbinafine, fluconazole, itraconazole and voriconazole successfully prolonged the survival of nematodesinfected by P. marneffei. Overall, this alternative model host can provide us an easy tool to study the virulence of P. marneffei and screen antifungal agents."
What is the most frequent genetic alteration in hepatocellular carcinoma known at this time,"Transcriptional regulation of the TERT gene is a major cause of the cancer-specific increase in telomerase activity. Recently, frequent somatic mutations in the TERT promoter have been described in several tumor entities such as melanoma, glioblastoma, bladder cancer, and hepatocellular carcinoma. By generating a putative consensus binding site for ETS transcription factors within the TERT promoter, these mutations are predicted to increase promoter activity and TERT transcription. In order to improve the understanding of the role of TERT promoter mutation in liver tumorigenesis, the mutational status of the TERT promoter was analyzed in 78 hepatocellular carcinomas, 15 hepatocellular adenomas, and 52 intrahepatic cholangiocarciomas. The promoter region of TERT was screened for the two hotspot mutations using PCR and restriction fragment length analysis, utilizing the introduction of novel restriction sites by the somatic mutations. TERT promoter mutation was found in 37 of 78 hepatocellular carcinomas (47 %) and was restricted to the -124C>T mutation. Frequency of mutations was associated with grade of differentiation ranging from 39 % in well-differentiated tumors to 73 % in high-grade hepatocellular carcinomas. TERT promoter mutations were not found in 15 hepatocellular adenomas and 52 intrahepatic cholangiocarcinomas. These data show that TERT promoter mutation is the most frequent genetic alteration in hepatocellular carcinoma known at this time. The striking predominance of the -124C>T mutation compared with other tumor entities suggest a biological difference of the two hotspot mutations. Analysis of TERT promoter mutation might become a diagnostic tool distinguishing hepatocellular adenoma from well-differentiated hepatocellular carcinoma."
What is the name of the group of metal-containing coordination compounds that are on the market?,"The field of medicinal inorganic chemistry has grown consistently during the past 50 years; however, metal-containing coordination compounds represent only a minor proportion of drugs currently on the market, indicating that research in this area has not yet been thoroughly realized. Although platinum-based drugs as cancer chemotherapeutic agents have been widely studied, exact knowledge of the mechanisms governing their accumulation in cells is still lacking. However, evidence suggests active uptake and efflux mechanisms are involved; this may be involved also in other experimental metal coordination and organometallic compounds with promising antitumor activities in vitro and in vivo, such as ruthenium and gold compounds. Such knowledge would be necessary to elucidate the balance between activity and toxicity profiles of metal compounds. In this review, we present an overview of the information available on the cellular accumulation of Pt compounds from in vitro, in vivo and clinical studies, as well as a summary of reports on the possible accumulation mechanisms for different families of experimental anticancer metal complexes (e.g., Ru Au and Ir). Finally, we discuss the need for rationalization of the investigational approaches available to study metallodrug cellular transport."
What is the main factor in the AUD response?,"Abstract Background: Adults with alcohol use disorders (AUDs) show different behavioral and neurological functioning during emotional processing tasks from healthy controls. Adults with a family history (FHP) of AUD also show different activation in limbic brain areas, such as the amygdala. However, it is unclear if this pattern exists during adolescence before any episodes of heavy alcohol use. Objectives: We hypothesized that the amygdalar response to subliminally-presented fearful faces would be reduced in FHP adolescents compared to peers who were family history negative (FHN) for AUD. Method: An adapted Masked Faces paradigm was used to examine blood oxygen level-dependent response to subliminal fearful vs. neutral faces in 14 FHP (6 females, 8 males) and 15 FHN (6 females, 9 males) youth, ages 11-15 years. Both FHP and FHN youth had no history of heavy alcohol consumption. Results: A significant difference was seen between groups in the left superior parietal lobule FHN youth showed deactivation to fearful and neutral masked faces compared to baseline, whereas FHP youth showed deactivation only to fearful masked faces. No significant differences in amygdalar activation were seen between groups. Conclusion: The left superior parietal lobule is part of the fronto-parietal network, which has been implicated in attentional control. Lack of reduced neural activity to neutral faces among FHP youth may represent differences in suppressing attention networks to less salient emotional stimuli, or perhaps, a higher threshold of saliency for emotional stimuli among at-risk youth."
What is the Fatal Waterhouse-Friderichsen syndrome?,Fatal Waterhouse-Friderichsen syndrome due to Serotype C Neisseria meningitidis in a young HIV negative MSM (men who have sex with men).
What is the name of the novel RGD-Modified Lipid-Polymer Hy,Discovery and in Vivo Evaluation of Novel RGD-Modified Lipid-Polymer Hybrid Nanoparticles for Targeted Drug Delivery.
What is the effect of OIS on thyroid carcinoma?,"Oncogene-induced senescence (OIS) is a robust and sustained antiproliferative response to oncogenic stress and constitutes an efficient barrier to tumour progression. We have recently proposed that OIS may be involved in the pathogenesis of thyroid carcinoma by restraining tumour progression as well as the transition of well differentiated to more aggressive variants. Here, an OIS inducible model was established and used for dissecting the molecular mechanisms and players regulating senescence in human primary thyrocytes. We show that oncogenic RAS induces senescence in thyrocytes as judged by changes in cell morphology, activation of p16INK4a and p53/p21CIP1 tumour suppressor pathways, senescence-associated beta-galactosidase (SA-beta-Gal) activity, and induction of proinflammatory components including IL-8 and its receptor CXCR2. Using RNA interference (RNAi) we demonstrate that p16INK4a is necessary for the onset of senescence in primary thyrocytes as its depletion rescues RAS-induced senescence. Furthermore, we found that IL-8/CXCR2 network reinforces the growth arrest triggered by oncogenic RAS, as its abrogation is enough to resume proliferation. Importantly, we observed that CXCR2 expression coexists with OIS markers in thyroid tumour samples, suggesting that CXCR2 contributes to senescence, thus limiting thyroid tumour progression."
What is the name of the migratory pathways of naive and memory T,": Little is known about different phases of T-cell maturation in gut mucosa. Based on current knowledge about the migratory pathways of naive and memory T cells, it is believed that access to peripheral, nonlymphoid tissues is restricted to memory T cells. Surprisingly, there is increasing evidence of high numbers of naive T cells in the chronically inflamed gut tissue of patients with inflammatory bowel disease. This could partially be explained by new formation of ectopic lymphoid organs. Ongoing recruitment of naive T cells at inflammatory sites might play a role in the immunopathogenesis of inflammatory bowel disease."
How many patients were eligible for follow-up?,"The Simvastatin and Ezetimibe in Aortic Stenosis (SEAS) clinical trial, including 1,873 patients found an increased risk for cancer with lipid-lowering therapy with ezetimibe/simvastatin 10/40 mg/day, relative to placebo. In a registry-based follow-up study over 21 months from the conclusion of the SEAS trial, new incident cancer and total mortality were investigated in the SEAS study cohort from Denmark, Finland, Norway, Sweden, and the United Kingdom. Among 1,359 subjects eligible for follow-up (73% of the original total cohort), 1,194 had no history of cancer (primary follow-up cohort). New cancers and deaths were identified in the national cancer and mortality registries and classified by an Expert Review Committee. Data were analyzed using Cox proportional-hazards models of new cancers and mortality during follow-up according to treatment group assigned in the SEAS base study and with age, gender, smoking history, and previous cancers as covariates. The primary follow-up cohort had 12 patients with new cancers in the ezetimibe/simvastatin group and 22 in the placebo group (hazard ratio 0.55, 95% confidence interval 0.27 to 1.11), indicating no significant difference between the treatment groups. During follow-up, 43 patients assigned to ezetimibe/simvastatin and 33 assigned to placebo died (hazard ratio 1.29, 95% confidence interval 0.82 to 2.03). In conclusion, in this registry-based observational follow-up study of the original SEAS study patient population, treatment with ezetimibe/simvastatin was not associated with an increased risk for cancer or mortality in the 21-month period after the completion of the original SEAS study."
"Pallidifloside D, a saponin glycoside constituent from smila","Pallidifloside D, a saponin glycoside constituent from smilax riparia, resist to hyperuricemia based on URAT1 and GLUT9 in hyperuricemic mice."
What is the sigE gene that is dispensable for replication in human pneumocyte,"SigE represents one of the best characterized alternative sigma factors of Mycobacterium tuberculosis, playing a major role in the response to several environmental stresses and essential for growth in macrophages and virulence. In previous work we demonstrated that a mutant of M. tuberculosis in which the sigE gene was disrupted by a cassette conferring hygromycin resistance is a promising vaccine candidate conferring better protection than Mycobacterium bovis BCG in a mouse model of infection. In this work we describe the construction of a new unmarked mutant in which the entire sigE gene was disrupted in order to fulfill the requirements of the Geneva consensus to enter clinical trials. After showing that the phenotype of this mutant is superimposable to that of the previous one, we further characterized the role of SigE in the M tuberculosis intracellular behavior showing that it is dispensable for replication in human pneumocytes, while it is essential for the arrest of phagosome maturation in THP-1-derived macrophages."
What is critical to the Protective Immune Response during Chemically Induced Squam,Inflammasome Activation Is Critical to the Protective Immune Response during Chemically Induced Squamous Cell Carcinoma.
What is the key cost driver of Oncology Inpatient Treatment?,Radiation Therapy Remains The Key Cost Driver Of Oncology Inpatient Treatment.
What causes the increase in Muscle Sympathetic Nerve Activity?,"Prenatal Hypoxia Leads to Increased Muscle Sympathetic Nerve Activity, Sympathetic Hyperinnervation, Premature Blunting of Neuropeptide Y Signaling, and Hypertension in Adult Life."
What is the stigma in rural Uganda?,Persistent HIV-related stigma in rural Uganda during a period of increasing HIV incidence despite treatment expansion.
What is the standard treatment for managing food allergies?,"Allergen avoidance is the standard treatment for managing food allergies. Complete avoidance is difficult, and accidental exposure often occurs. Immunotherapy is a significant focus for treating food allergies, and oral immunotherapy (OIT) appears to be particularly effective in inducing desensitization. The majority of patients who receive OIT show increased threshold doses of their food allergen. The efficacy of OIT is different among food antigen, and milk OIT is relatively difficult to achieve tolerance. OIT may induce mild to moderate symptoms during the therapy, widespread acceptance of OIT for long-term therapy is unclear. Recently, novel immunotherapies for food allergies, such as sublingual immunotherapy (SLIT), and epicutaneous immunotherapy (EPIT) and using an anti-IgE monoclonal antibody (omalizumab), have been assessed. In addition, a combination of OIT with omalizumab, which was found to increase the threshold doses of the offending foods without producing adverse reactions, may be effective and useful in the treatment of food allergies. These treatments have been used only in research settings; further studies in large numbers of patients are needed to demonstrate their long-term safety and benefits in clinical practice."
What is the Extent of Community Versus Hospital-associated Transmission in an Endemic Setting?,Genome Sequencing of an Extended Series of NDM-Klebsiella pneumoniae Neonatal Infections in a Nepali Hospital Characterizes the Extent of Community Versus Hospital-associated Transmission in an Endemic Setting.
What is the main cause of CRT?,"Chemoradiotherapy (CRT) represents a standard treatment for many human cancers, frequently combined with radical surgical resection. However, a considerable percentage of primary cancers are at least partially resistant to CRT, which represents a substantial clinical problem, because it exposes cancer patients to the potential side effects of both irradiation and chemotherapy. It is therefore exceedingly important to determine the molecular characteristics underlying CRT-resistance and to identify novel molecular targets that can be manipulated to re-sensitize resistant tumors to CRT. In this review, we highlight much of the recent evidence suggesting that the signal transducer and activator of transcription 3 (STAT3) plays a prominent role in mediating CRT-resistance, and we outline why inhibition of STAT3 holds great promise for future multimodal treatment concepts in oncology."
What is the biotechnologically relevant polyamide family?,"Features of the biotechnologically relevant polyamide family ""cyanophycins"" and their biosynthesis in prokaryotes and eukaryotes."
What was the increase in MIC50 of imipenem-resistant isolates?,"A total of 925 Acinetobacter spp. isolates were collected from routine clinical samples of patients admitted to the university hospital of Buenos Aires city during the period 2004-2012. From this collection, 129 isolates identified as Acinetobacter baumannii were selected for molecular studies. Minimal inhibitory concentrations (MICs) of antimicrobials were determined by agar dilution method. Colistin (COL) heteroresistance was investigated by means of population analysis studies. PCR-based methods were used for epidemiological analysis and for the screening of carbapenemases and the blatetB gene. We have observed a steady rise in the MIC50 of imipenem (IMI)-resistant isolates and an increment in the presence of blaOXA-23-like gene (74-100%) as well. A rapid increasing rate of minocycline (MIN) resistance and a rise of the MIC50 of the resistant isolates have been detected since the year 2008. All isolates harboured the tet (B) gene. An increase in the value of the tigecycline (TIG) MIC was seen from the year 2007 onwards. This loss of activity was observed among different clones. A rise of COL heteroresistance from 46.4% in 2004 to 95% in 2012 was detected. During this period, COL consumption also increased (11.1-fold). However, COL resistance remained sporadic."
What is the name of the patient with disorder of Sex Development?,Unbiased Identification of Patients with Disorders of Sex Development.
What is the most significant correlation between proteinuria and foot process effacement?,"Abstract Background: Proteinuria is an uncommon clinical manifestation of IgA nephropathy and is usually seen in cases with severe lesions like endocapillary proliferation. However, it is occasionally seen even with cases with mild glomerular manifestations and may even be of nephrotic range. Predictor: Podocyte foot process effacement. Outcome: Severity of proteinuria. Measurements: Podocyte foot process effacement was measured. Morphometric analysis was performed on transmission electron microscope images using a computerized digital photomicrograph system (BioWizard 4.2 Image analysis software, New Delhi, India). Proteinuria was measured quantitatively assigned into five grades. Results: It was found that as the extent of proteinuria increased, the effacement ratio also increased, and this was most significant between ""no"" proteinuria and the rest of the categories. Conclusion: Nephrotic presentation in IgA nephropathy is a known phenomenon and in certain cases may show near normal glomerular morphology with severe foot process effacement on EM being the only significant finding to explain the proteinuria. Proteinuria in these cases shows a significant correlation with degree of foot process effacement. Renal biopsy is important in these cases because they are known to have a better prognosis and are usually steroid responsive."
What is the effect of golden-angle KWIC with generalized kinetic model analysis on,Simulation study of the effect of golden-angle KWIC with generalized kinetic model analysis on diagnostic accuracy for lesion discrimination.
What is the most common intramedullary tumor in the spinal cord?,"In adolescents and young adults, ependymomas are the most common intramedullary tumors in the spinal cord.These tumors arise from ependymal cell lining the ventricles and spinal canal. The clinical presentation of intramedullary ependymomas are variable and nonspecific. They usually present with diffuse back or neck pain as a chief complaint. Upper and lower motor neuron deficits, numbness which typically progresses from distal to proximal, are other common symptoms. Gross total resection of ependymomas can achieve long-term tumor control with preservation of function. Here we present a 29-year old man who presented with progressive weakness of the left leg, bowel and bladder incontinence. During surgery, somatosensory evoked potentials (SSEPs) and motor evoked potentials (MEPs) were used and we achieved gross total resection while preserving the spinal cord. The patient made excellent recovery and all of his preoperative deficitis improved completely. He returned to work on postoperative 2-month."
What is the common cause of healthcare-associated infections?,"Pseudomonas aeruginosa is a common cause of healthcare-associated infections including pneumonia, bloodstream, urinary tract, and surgical site infections. The clinical outcome of P. aeruginosa infections may be extremely variable among individuals at risk and patients affected by cystic fibrosis. However, risk factors for P. aeruginosa infection remain largely unknown. To identify and track the host factors influencing P. aeruginosa lung infections, inbred immunocompetent mouse strains were screened in a pneumonia model system. A/J, BALB/cJ, BALB/cAnNCrl, BALB/cByJ, C3H/HeOuJ, C57BL/6J, C57BL/6NCrl, DBA/2J, and 129S2/SvPasCRL mice were infected with P. aeruginosa clinical strain and monitored for body weight and mortality up to seven days. The most deviant survival phenotypes were observed for A/J, 129S2/SvPasCRL and DBA/2J showing high susceptibility while BALB/cAnNCrl and C3H/HeOuJ showing more resistance to P. aeruginosa infection. Next, one of the most susceptible and resistant mouse strains were characterized for their deviant clinical and immunological phenotype by scoring bacterial count, cell-mediated immunity, cytokines and chemokines profile and lung pathology in an early time course. Susceptible A/J mice showed significantly higher bacterial burden, higher cytokines and chemokines levels but lower leukocyte recruitment, particularly neutrophils, when compared to C3H/HeOuJ resistant mice. Pathologic scores showed lower inflammatory severity, reduced intraluminal and interstitial inflammation extent, bronchial and parenchymal involvement and diminished alveolar damage in the lungs of A/J when compared to C3H/HeOuJ. Our findings indicate that during an early phase of infection a prompt inflammatory response in the airways set the conditions for a non-permissive environment to P. aeruginosa replication and lock the spread to other organs. Host gene(s) may have a role in the reduction of cell-mediated immunity playing a critical role in the control of P. aeruginosa infection. These results now provide a basis for mapping genomic regions underlying host susceptibility to P. aeruginosa infection."
What is the main application for the SALDI-MS?,"Surface-assisted laser desorption/ionization mass spectrometry (SALDI-MS) is ideally suited for the high-throughput analysis of small molecules in bodily fluids (e.g. saliva, urine, and blood plasma). A key application for this technique is the testing of drug consumption in the context of workplace, roadside, athlete sports and anti-addictive drug compliance. Here, we show that vertically-aligned ordered silicon nanopillar (SiNP) arrays fabricated using nanosphere lithography followed by metal-assisted chemical etching (MACE) are suitable substrates for the SALDI-MS detection of methadone and small peptides. Porosity, length and diameter are fabrication parameters that we have explored here in order to optimize analytical performance. We demonstrate the quantitative analysis of methadone in MilliQ water down to 32 ng mL-1. Finally, the capability of SiNP arrays to facilitate the detection of methadone in clinical samples is also demonstrated."
What is the genetic deficiency of the lysosomal enzyme alpha,"Patients with mucopolysaccharidosis type I (MPS I), a genetic deficiency of the lysosomal enzyme alpha-l-iduronidase (IDUA), exhibit accumulation of glycosaminoglycans in tissues, with resulting diverse clinical manifestations including neurological, ocular, skeletal, and cardiac disease. MPS I is currently treated with hematopoietic stem cell transplantation or weekly enzyme infusions, but these therapies have significant drawbacks for patient safety and quality of life and do not effectively address some of the most critical clinical sequelae, such as life-threatening cardiac valve involvement. Using the naturally occurring feline model of MPS I, we tested liver-directed gene therapy as a means of achieving long-term systemic IDUA reconstitution. We treated four MPS I cats at 3-5 mo of age with an adeno-associated virus serotype 8 vector expressing feline IDUA from a liver-specific promoter. We observed sustained serum enzyme activity for 6 mo at approximately 30% of normal levels in one animal, and in excess of normal levels in three animals. Remarkably, treated animals not only demonstrated reductions in glycosaminoglycan storage in most tissues, but most also exhibited complete resolution of aortic valve lesions, an effect that has not been previously observed in this animal model or in MPS I patients treated with current therapies. These data point to clinically meaningful benefits of the robust enzyme expression achieved with hepatic gene transfer that extend beyond the economic and quality of life advantages over lifelong enzyme infusions."
What is the most common coping strategy for AD caregivers?,"Focusing on the understudied, increasing population of male Alzheimer's disease (AD) caregivers, the purpose of this study was to identify their likelihood of utilizing 3 coping strategies (task focused, emotion focused, and avoidance focused) and to examine the effects of each coping strategy on caregiving burden. Data were collected from 138 male AD caregivers in southern United States, including geographically proportional representation of African Americans in the sample. Stepwise regression revealed effects of each coping strategy on caregiving burden, controlling for demographics. The sample reported high burden. Task focused was the highest reported coping strategy. Yet, regression models indicated no significant effect of task-focused coping on burden outcomes. Emotion-focused and avoidance-focused coping each showed significant proportional effects on burden. Implications suggest that emotion- and avoidance-focused coping among male AD caregivers may be maladaptive, that is, reinforcing burden. Male AD caregivers may benefit from more task-focused coping, such as planning and active problem solving."
What is the goal-directed learning and obsessive-compulsive disorder,Goal-directed learning and obsessive-compulsive disorder.
What is the name of the group that recommends a colectomy in presence of high risk,"BACKGROUND AND AIMS: The National Comprehensive Cancer Network (NCCN) recommends a colectomy in presence of high risk T1 colon polyps considering the risk of incomplete lymph node dissection or presence of residual disease. We evaluated the outcomes of segmental versus standard colon resection for high risk T1 colon cancers, in order to demonstrate if segmental colectomy (SegCR) allows same short-term and oncological results compared to standard radical colectomy (StaCR). METHODS. A matched case-control study on patients who had undergone segmental versus standard colon resection was performed. One-hundred and two patients with high risk T1 colon cancer after endoscopic polypectomy, divided in 2 homogeneous groups of 51 cases, were analyzed and intra-operative, post-operative and oncological data were compared. RESULTS. Segmental colectomy allowed less operative time and intra-operative blood loss compared to StaCR (p < 0.001). Hospital stay after SegCR was shorter compared to StaCR (p < 0.001). No differences were found in terms of overall morbidity and mortality rates. Five-year actuarial overall, disease-free and disease-specific survival after StaCR were similar to SegCR (87%, 96% and 95% vs. 88%, 97% and 94%, respectively, p = 0.51, p=0.33, p=0.78). CONCLUSIONS. According to our findings, SegCR can be a valid alternative to StaCR for high risk T1 colon polyps. Segmental colectomy allows better peri-operative outcomes compared to StaCR ensuring the same oncological long-term outcomes."
How many controls were surveyed?,"OBJECTIVES/HYPOTHESIS: The association between extraesophageal reflux (EER) and symptoms of gastroesophageal reflux disease (GERD) is inadequately understood. We used the Comprehensive Reflux Symptom Scale (CReSS) to evaluate EER and reflux-symptom prevalence in gastroenterology and otolaryngology outpatients and symptom awareness among UK gastroenterologists. STUDY DESIGN: Cross-sectional cohort survey. METHODS: Six hundred thirty-nine participants were surveyed: 103 controls, 359 patients undergoing esophagogastroduodenoscopy (EGD), and 177 otolaryngology clinic patients with throat symptoms. Participants completed the CReSS questionnaire. The study was undertaken in the Endoscopy Unit and the Department of Otolaryngology-Head and Neck Surgery, Newcastle upon Tyne Hospitals, Newcastle-upon-Tyne, United Kingdom. Registered members of the British Gastroenterology Society were asked to rate how frequently reflux patients might complain of each CReSS item. RESULTS: The median CReSS total in volunteers (4) was significantly lower (P < .002) than in ear, nose, and throat (ENT) patients (26) or EGD patients with (42) or without (32) esophageal inflammation. All items were scored as >/=1 by >15% of ENT patients and 28% of EGD patients. Three major, robust CReSS factors: esophageal, pharyngeal, and upper airway emerged. Of 259 gastroenterologists, >20% scored 8 of the 34 symptoms as never being reported by reflux patients. CONCLUSIONS: Endorsement of each EER CReSS item by 28% to 58% of patients with endoscopic evidence of GERD supports the Montreal consensus on an EER-GERD continuum. Gastroenterologists vary considerably in their appreciation of EER symptom relevance. The advantages of CReSS include standardized, comprehensive capture of patient experience; discriminant validity of ENT and GERD patients from volunteers; and discrete esophageal, pharyngeal, and upper airway subscales. LEVEL OF EVIDENCE: 4 Laryngoscope, 2014."
What is the purpose of the study?,"Background:In acute encephalopathy, deterioration of the condition can be rapid and early intervention is essential to prevent progression of the disease. However, in the acute period, differentiating acute encephalopathy from febrile seizures is difficult. Thus, an early diagnostic marker has been sought to enable early intervention. Proton nuclear magnetic resonance (1H NMR) spectroscopy is used to study the chemical characteristics of biological fluids such as cerebrospinal fluid (CSF). The purpose of this study was to ascertain if pattern recognition of 1H NMR spectra could differentiate CSF obtained from patients with acute encephalopathy and febrile seizures.Methods:CSF was obtained from patients with acute encephalopathy (n = 4), complex febrile seizures (n = 9) and simple febrile seizures (n = 9).Results:NMR spectra of CSF did not visually differ across the three groups. Spectral data were analyzed by partial least squares discriminant analysis and visualized by plotting the partial least squares scores of each sample. The three patient groups clustered separately on the plots.Conclusion:In this preliminary study, we were able to visualize different characteristics of CSF obtained from patients with acute encephalopathy and simple and complex febrile seizures using pattern recognition analysis of 1H NMR data.Pediatric Research (2014); doi:10.1038/pr.2014.141."
What was the pathogenetic role of VEGF in long-term retinal and kidney,"The pathogenetic role of vascular endothelial growth factor (VEGF) in long-term retinal and kidney complications of diabetes has been demonstrated. Conversely, little is known in diabetic neuropathy. We examined the modulation of VEGF pathway at mRNA and protein level on dorsal root ganglion (DRG) neurons and Schwann cells (SC) induced by hyperglycaemia. Moreover, we studied the effects of VEGF neutralization on hyperglycemic DRG neurons and streptozotocin-induced diabetic neuropathy. Our findings demonstrated that DRG neurons were not affected by the direct exposition to hyperglycaemia, whereas showed an impairment of neurite outgrowth ability when exposed to the medium of SC cultured in hyperglycaemia. This was mediated by an altered regulation of VEGF and FLT-1 receptors. Hyperglycaemia increased VEGF and FLT-1 mRNA without changing their intracellular protein levels in DRG neurons, decreased intracellular and secreted protein levels without changing mRNA level in SC, while reduced the expression of the soluble receptor sFLT-1 both in DRG neurons and SC. Bevacizumab, a molecule that inhibits VEGF activity preventing the interaction with its receptors, restored neurite outgrowth and normalized FLT-1 mRNA and protein levels in co-cultures. In diabetic rats, it both prevented and restored nerve conduction velocity and nociceptive thresholds. We demonstrated that hyperglycaemia early affected neurite outgrowth through the impairment of SC-derived VEGF/FLT-1 signaling and that the neutralization of SC-secreted VEGF was protective both in vitro and in vivo models of diabetic neuropathy."
What is the effect of DCI on menstrual cycle regularity in PCOS women?,"Abstract Polycystic ovary syndrome is characterized by irregular cycles, hyperandrogenism, polycystic ovary at ultrasound and insulin resistance. The effectiveness of d-chiro-inositol (DCI) treatment in improving insulin resistance in PCOS patients has been confirmed in several reports. The objective of this study was to retrospectively analyze the effect of DCI on menstrual cycle regularity in PCOS women. This was a retrospective study of patients with irregular cycles who were treated with DCI. Of all PCOS women admitted to our centre, 47 were treated with DCI and had complete medical charts. The percentage of women reporting regular menstrual cycles significantly increased with increasing duration of DCI treatment (24% and 51.6% at a mean of 6 and 15 months of treatment, respectively). Serum AMH levels and indexes of insulin resistance significantly decreased during the treatment. Low AMH levels, high HOMA index, and the presence of oligomenorrhea at the first visit were the independent predictors of obtaining regular menstrual cycle with DCI. In conclusion, the use of DCI is associated to clinical benefits for many women affected by PCOS including the improvement in insulin resistance and menstrual cycle regularity. Responders to the treatment may be identified on the basis of menstrual irregularity and hormonal or metabolic markers."
What was the result of a combination of BAX and CDKN1A polymorph,BAX and CDKN1A polymorphisms correlated with clinical outcomes of gastric cancer patients treated with postoperative chemotherapy.
What is the lowest limit of quantification of the anti-PT assay?,"Infants under 6 months of age are at greatest risk of mortality and severe morbidity from pertussis disease. Interventions that increase pertussis protection in newborns are therefore a clear public health imperative. The objective of this study was to assess maternal pertussis toxin antibody (anti-PT) level as a potential source of mother-to-child transfer of pertussis-associated antibodies that may reduce neonatal risk of pertussis disease. Anti-PT level was assessed in a 2013 cohort of pregnant women from two regions in two Canadian provinces, British Columbia and Nova Scotia. Basic demographics, health, and pertussis immunization history were collected, along with blood specimens. Anti-PT levels were compared for self-reported vaccination status and prior pertussis disease. To assess secular trend, a parallel analysis was also undertaken, using anonymized residual sera from a 1996-1997 cohort of pregnant women in British Columbia. A total of 169 pregnant women participated in the prospective study - 50 from Nova Scotia and 119 from British Columbia. The mean and median age of participants from both sites was 31 years of age (range 16-42 years). The lower limit of quantification of the anti-PT assay was 10 ELISA units per milliliter (EU/ml). Overall, 59% of women had anti-PT levels less than 10EU/ml and anti-PT level did not differ with time since last self-reported pertussis vaccination (chi2(2)=3.166, p=0.205). Among a 1996-1997 cohort of pregnant women in British Columbia, 51% had anti-PT levels less than 10EU/ml. Our study found that most pregnant women in two geographically disparate health regions in Canada have low residual anti-PT levels, may be vulnerable to pertussis infection themselves, and would unlikely be a source of passive ante- or postnatal transfer of anti-PT to their newborn."
What is the goal of the design of sensor visualizations?,"BACKGROUND: Smart home sensor systems provide a valuable opportunity to continuously and unobtrusively monitor older adult wellness. However, the density of sensor data can be challenging to visualize, especially for an older adult consumer with distinct user needs. OBJECTIVE: We describe the design of sensor visualizations informed by interviews with older adults. The goal of the visualizations is to present sensor activity data to an older adult consumer audience that supports both longitudinal detection of trends and on-demand display of activity details for any chosen day. METHODS: The design process is grounded through participatory design with older adult interviews during a six-month pilot sensor study. Through a secondary analysis of interviews, we identified the visualization needs of older adults. We incorporated these needs with cognitive perceptual visualization guidelines and the emotional design principles of Norman to develop sensor visualizations. RESULTS: We present a design of sensor visualization that integrate both temporal and spatial components of information. The visualization supports longitudinal detection of trends while allowing the viewer to view activity within a specific date. CONCLUSIONS: Appropriately designed visualizations for older adults not only provide insight into health and wellness, but also are a valuable resource to promote engagement within care."
What is the CXCL12 G801A polymorphism associated with?,The CXCL12 G801A Polymorphism Is Associated with Cancer Risk: A Meta-Analysis.
What is an evidence-based method for examining and reporting cognitive processes in nutrition research?,An evidence-based method for examining and reporting cognitive processes in nutrition research.
What is the basis for a motor assessment?,Qualitative motor assessment allows to predict the degree of motor disturbances.
What is the purpose of Personalizing Behavioral Interventions Through Single-Patient (N,Personalizing Behavioral Interventions Through Single-Patient (N-of-1) Trials.
What was the most common type of hospital in Iran?,"OBJECTIVE: To examine the extent of implementation for patient safety (PS) and patient-centeredness (PC) strategies and their association with hospital characteristics (type, ownership, teaching status, annual evaluation grade) in Iran. METHODS: A cross-sectional study through an adapted version of the MARQuIS questionnaire, eliciting information from hospital and nursing managers in 84 Iranian hospitals on the implementation of PS and PC strategies in 2009-2010. RESULTS: The majority of hospitals reported to have implemented 84% of the PS and 72% of the PC strategies. In general, implementation of PS strategies was unrelated to the type of hospital, with the exception of health promotion reports, which were more common in the Social Security Organization (SSO), and MRSA testing, which was reported more often in nonprofit hospitals. MRSA testing was also more common among teaching hospitals compared to non-teaching hospitals. The higher grade hospitals reported PS strategies significantly more frequently than lower grade hospitals. Overall, there was no significant difference in the reported implementation of PC strategies across general and specialized hospitals; except for the provision of information in different languages and recording of patient's diet which were reported significantly more often by general than specialized hospitals. Moreover, patient hotel services were more common in private compared to public hospitals. CONCLUSIONS: Despite substantial reporting of PS and PC strategies, there is still room for strengthening standard setting on safety, patient services and patient-centered information strategies in Iranian hospitals. To assure effective implementation of PS and PC strategies, enforcing standards, creating a PS and PC culture, increasing organizational responsiveness, and partnering with patients and their families need more attention."
What is the effect of PXR's 3'-UTR?,A Functional Polymorphism in the 3'-UTR of PXR Interacts with Smoking to Increase Lung Cancer Risk in Southern and Eastern Chinese Smoker.
What is the anticancer drug undergoing clinical development in NSCLC?,"Picropodophyllin (PPP) is an anticancer drug undergoing clinical development in NSCLC. PPP has been shown to suppress IGF-1R signaling and to induce a G2/M cell cycle phase arrest but the exact mechanisms remain to be elucidated. The present study identified an IGF-1-independent mechanism of PPP leading to pro-metaphase arrest. The mitotic block was induced in human cancer cell lines and in an A549 xenograft mouse but did not occur in normal hepatocytes/mouse tissues. Cell cycle arrest by PPP occurred in vitro and in vivo accompanied by prominent CDK1 activation, and was IGF-1R-independent since it occurred also in IGF-1R-depleted and null cells. The tumor cells were not arrested in G2/M but in mitosis. Centrosome separation was prevented during mitotic entry, resulting in a monopolar mitotic spindle with subsequent prometaphase-arrest, independent of Plk1/Aurora A or Eg5, and leading to cell features of mitotic catastrophe. PPP also increased soluble tubulin and decreased spindle-associated tubulin within minutes, indicating that it interfered with microtubule dynamics. These results provide a novel IGF-1R-independent mechanism of antitumor effects of PPP."
What is the effect of calcium channel blockers and beta-blockers on blood pressure variability in,"OBJECTIVE: Blood pressure variation is one of the factors that affects the risk of stroke recurrence and prognosis. This study investigates the effects of calcium channel blockers and beta-blockers on blood pressure variability in severe ischemic stroke patients. PATIENTS AND METHODS: The clinical data of 24 patients with ischemic stroke in our intensive care unit were analyzed, and received amlodipine or metoprolol for more than 14 days with 24-hour ambulatory blood pressure monitoring. All patients aged 61-90 years, with GCS score </= 8 or associated with other organ dysfunction. RESULTS: Among these 24 ischemic stroke patients, 12 received amlodipine and 12 received metoprolol. The observation period was divided into two phases: 1-6 days and 7-14 days. The decrease in blood pressure was faster in the metoprolol group than in the amlodipine group, while the average standard deviation was significantly greater and the smoothness index was less. CONCLUSIONS: Metoprolol has faster onset than amlodipine and less blood pressure variability than metoprolol."
What is the leader protease from?,"The leader protease (Lpro) from foot-and-mouth disease virus (FMDV) has the ability to cleave eIF4G, leading to a blockade of cellular protein synthesis. In contrast to previous reports, our present findings demonstrate that FMDV Lpro is able to increase translation driven by FMDV IRES. Additionally, inactivation of eIF2 subsequent to phosphorylation induced by arsenite or thapsigargin in BHK cells blocks protein synthesis directed by FMDV IRES, whereas in the presence of Lpro, significant translation is found under these conditions. This phenomenon was also observed in cell-free systems after induction of eIF2 phosphorylation by addition of poly(I:C)."
What is the framework of translational ethics?,Translational ethics: an analytical framework of translational movements between theory and practice and a sketch of a comprehensive approach.
What is the role of Cytokine Responses during Influenza Virus Pathogenesis,The Role of Cytokine Responses During Influenza Virus Pathogenesis and Potential Therapeutic Options.
What is green tea known to have health benefits for humans?,"Green tea is known to have various health benefits for humans. However, the effect of green tea consumption on cognitive dysfunction remains to be clinically verified. We conducted a clinical study to investigate the effects of green tea consumption on cognitive dysfunction. Twelve elderly nursing home residents with cognitive dysfunction (Mini-Mental State Examination Japanese version (MMSE-J) score: <28) participated in the study (2 men, 10 women; mean age, 88 years). The participants consumed green tea powder 2 g/day for 3 months. After three months of green tea consumption, the participants' MMSE-J scores were significantly improved (before, 15.3 +/- 7.7; after, 17.0 +/- 8.2; p = 0.03). This result suggests that green tea consumption may be effective in improving cognitive function or reducing the progression of cognitive dysfunction; however, long-term large-scale controlled studies are needed to further clarify the effect."
What is the effect of Spinal Cord Compression on Vascular Blood Flow and Perfusion,Effect of Spinal Cord Compression on Local Vascular Blood Flow and Perfusion Capacity.
What is the most common benefit of residential treatment?,"BACKGROUND: Opioid misuse and dependence rates among emerging adults have increased substantially. While office-based opioid treatments (e.g., buprenorphine/naloxone) have shown overall efficacy, discontinuation rates among emerging adults are high. Abstinence-based residential treatment may serve as a viable alternative, but has seldom been investigated in this age group. METHODS: Emerging adults attending 12-step-oriented residential treatment (N=292; 18-24 years, 74% male, 95% White) were classified into opioid dependent (OD; 25%), opioid misuse (OM; 20%), and no opiate use (NO; 55%) groups. Paired t-tests and ANOVAs tested baseline differences and whether groups differed in their during-treatment response. Longitudinal multilevel models tested whether groups differed on substance use outcomes and treatment utilization during the year following the index treatment episode. RESULTS: Despite a more severe clinical profile at baseline among OD, all groups experienced similar during-treatment increases on therapeutic targets (e.g., abstinence self-efficacy), while OD showed a greater decline in psychiatric symptoms. During follow-up relative to OM, both NO and OD had significantly greater Percent Days Abstinent, and significantly less cannabis use. OD attended significantly more outpatient treatment sessions than OM or NO; 29% of OD was completely abstinent at 12-month follow-up. CONCLUSIONS: Findings here suggest that residential treatment may be helpful for emerging adults with opioid dependence. This benefit may be less prominent, though, among non-dependent opioid misusers. Randomized trials are needed to compare more directly the relative benefits of outpatient agonist-based treatment to abstinence-based, residential care in this vulnerable age-group, and to examine the feasibility of an integrated model."
How many patients had measured hemoglobin levels at 12 months?,"BACKGROUND:: Prevalence of anemia in patients with inflammatory bowel disease (IBD) is uncertain because of scarcity of population-based studies. The aim of this study was to evaluate prevalence of anemia in a population-based cohort of newly diagnosed patients with IBD to identify risk factors for anemia and to describe contemporary anemia-specific treatment during the first year. METHODS:: All patients with ulcerative colitis or Crohn's disease in the IBD Cohort of Uppsala Region cohort (n = 790) and hemoglobin levels at the time of diagnosis were eligible for inclusion. The WHO definition of anemia was used. RESULTS:: Seven hundred forty-nine (95%) of the patients with IBD were included. Five hundred eighty of 749 (77%) patients had measured hemoglobin levels at 12-month follow-up. The prevalence of anemia at the time of diagnosis was 227/749 (30%). After 1 year, it was 102/580 (18%). Anemia was more common among newly diagnosed patients with Crohn's disease compared with ulcerative colitis (42% versus 24%, P < 0.0001), but after 1 year, there was no difference (18% versus 18%, P = NS). Children had more often anemia compared with adults, both at diagnosis and after 1 year (diagnosis: 55% versus 27%, P < 0.0001; follow-up: 28% versus 16%, P < 0.05). Anemia was associated with colonic engagement in Crohn's disease and the extent of inflammation in ulcerative colitis. Only 46% of patients with anemia were treated with iron supplementation or blood transfusion. CONCLUSIONS:: The overall prevalence of anemia in patients with IBD at the time of diagnosis was high. A large proportion was still anemic after 1 year. Children were more at risk compared with adults. More efforts are needed to treat patients with anemia."
"What is the primary enzyme for repairing 7,8-dihydro-8-ox","8-Oxoguanine-DNA glycosylase-1 (OGG1) is the primary enzyme for repairing 7,8-dihydro-8-oxoguanine (8-oxoG) via the DNA base excision repair pathway (OGG1-BER). Accumulation of 8-oxoG in the genomic DNA leads to genetic instability and carcinogenesis and is thought to contribute to the worsening of various inflammatory and disease processes. However, the disease mechanism is unknown. In this study, we proposed that the mechanistic link between OGG1-BER and proinflammatory gene expression is OGG1's guanine nucleotide exchange factor activity, acquired after interaction with the 8-oxoG base and consequent activation of the small GTPase RAS. To test this hypothesis, we used BALB/c mice expressing or deficient in OGG1 in their airway epithelium and various molecular biological approaches, including active RAS pulldown, reporter and Comet assays, small interfering RNA-mediated depletion of gene expression, quantitative RT-PCR, and immunoblotting. We report that the OGG1-intiated repair of oxidatively damaged DNA is a prerequisite for GDP-->GTP exchange, KRAS-GTP-driven signaling via MAP kinases and PI3 kinases and mitogen-stress-related kinase-1 for NF-kappaB activation, proinflammatory chemokine/cytokine expression, and inflammatory cell recruitment to the airways. Mice deficient in OGG1-BER showed significantly decreased immune responses, whereas a lack of other Nei-like DNA glycosylases (i.e., NEIL1 and NEIL2) had no significant effect. These data unveil a previously unidentified role of OGG1-driven DNA BER in the generation of endogenous signals for inflammation in the innate signaling pathway."
What is the primary Sjogren's syndrome?,Clinical and biological differences between cryoglobulinaemic and hypergammaglobulinaemic purpura in primary Sjogren's syndrome: results of a large multicentre study.
What is the major active component of breviscapine?,"Scutellarin (SCU) is the major active component of breviscapine and has been reported to be capable of decreasing myocardial fibrosis. The aim of the present study is to investigate whether SCU treatment attenuates isoprenaline-induced myocardial fibrosis and the mechanisms of its action. Rats were injected subcutaneously with isoprenaline (Iso) to induce myocardial fibrosis and rats in the SCU treatment groups were intraperitoneally infused with SCU (10 mg.kg-1.d-1 or 20 mg.kg-1.d-1, for 14 days). Post-treatment, cardiac functional measurements and the left and right ventricular weight indices (LVWI and RVWI, respectively) were analysed. Pathological alteration, expression of type I and III collagen, Von Willebrand factor, alpha-smooth muscle actin, cluster of differentiation-31 (CD31), and the Notch signalling proteins (Notch1, Jagged1 and Hes1) were examined. The administration of SCU resulted in a significant improvement in cardiac function and decrease in the cardiac weight indices; reduced fibrous tissue proliferation; reduced levels of type I and III collagen; increased microvascular density; and decreased expression of alpha-smooth muscle actin and increased expression of CD31, Notch1, Jagged1 and Hes1 in isoprenaline-induced myocardial fibrosis in rats. Our results suggest that SCU prevents isoprenaline-induced myocardial fibrosis via inhibition of cardiac endothelial-mesenchymal transition potentially, which may be associated with the Notch pathway."
What is the name of the type of transmission of the Influenza B Virus in Household,Modes of Transmission of Influenza B Virus in Households.
What was the OR of antibiotic prescription?,"Background: Differences in antibiotic consumption between individuals are not only due to differences in primary infection morbidity, other non-medical factors are important. Our objective was to investigate how socio-demographic factors, co-morbidity, and access to primary care affect antibiotic prescribing. Methods: The study population included all 2 078 481 persons in Sweden who received at least one antibiotic prescription during 2010, and an unmatched control population of 788 580 individuals. We used record linkage to obtain data on co-morbidity, various socio-demographic variables, and waiting times for doctor appointments in primary care. We used logistic regression to estimate odds ratios (ORs) for antibiotic prescription. Results: The results showed that over 20% of the population were prescribed antibiotics during 2010. Children aged 0-5 years, persons >/= 75 years of age, those living in urban areas, and women compared with men, received many prescriptions. Co-morbidity was a strong factor that determined the number of antibiotic prescriptions: those with Charlson's index >/= 3 had an OR of 3.03 (95% CI: 3.00-3.07) to obtain antibiotics in the adjusted analysis, compared with individuals without co-morbidity (Charlson's index 0). Short waiting times for a doctor's visit in primary care were associated with a higher number of antibiotic prescriptions. Individuals born in Sweden were prescribed more antibiotics compared with those born in another country. Specifically, persons born in any of the 27 EU countries (excluding Scandinavia) had an OR of antibiotic prescription of 0.78 (95% CI: 0.77-0.78) compared with native-born individuals. Conclusions: We conclude that non-medical factors strongly influence antibiotic prescriptions."
What is the current use of platelet-Rich Plasma?,"US Definitions, Current Use, and FDA Stance on Use of Platelet-Rich Plasma in Sports Medicine."
What was the primary outcome of the trial?,"Importance: Low vitamin D status is linked to increased mortality and morbidity in patients who are critically ill. It is unknown if this association is causal. Objective: To investigate whether a vitamin D3 treatment regimen intended to restore and maintain normal vitamin D status over 6 months is of health benefit for patients in ICUs. Design, Setting, and Participants: A randomized double-blind, placebo-controlled, single-center trial, conducted from May 2010 through September 2012 at 5 ICUs that included a medical and surgical population of 492 critically ill adult white patients with vitamin D deficiency (</=20 ng/mL) assigned to receive either vitamin D3 (n = 249) or a placebo (n = 243). Interventions: Vitamin D3 or placebo was given orally or via nasogastric tube once at a dose of 540 000 IU followed by monthly maintenance doses of 90 000 IU for 5 months. Main Outcomes and Measures: The primary outcome was hospital length of stay. Secondary outcomes included, among others, length of ICU stay, the percentage of patients with 25-hydroxyvitamin D levels higher than 30 ng/mL at day 7, hospital mortality, and 6-month mortality. A predefined severe vitamin D deficiency (</=12 ng/mL) subgroup analysis was specified before data unblinding and analysis. Results: A total of 475 patients were included in the final analysis (237 in the vitamin D3 group and 238 in the placebo group). The median (IQR) length of hospital stay was not significantly different between groups (20.1 days [IQR, 11.1-33.3] for vitamin D3 vs 19.3 days [IQR, 11.1-34.9] for placebo; P = .98). Hospital mortality and 6-month mortality were also not significantly different (hospital mortality: 28.3% [95% CI, 22.6%-34.5%] for vitamin D3 vs 35.3% [95% CI, 29.2%-41.7%] for placebo; hazard ratio [HR], 0.81 [95% CI, 0.58-1.11]; P = .18; 6-month mortality: 35.0% [95% CI, 29.0%-41.5%] for vitamin D3 vs 42.9% [95% CI, 36.5%-49.4%] for placebo; HR, 0.78 [95% CI, 0.58-1.04]; P = .09). For the severe vitamin D deficiency subgroup analysis (n = 200), length of hospital stay was not significantly different between the 2 study groups: 20.1 days (IQR, 12.9-39.1) for vitamin D3 vs 19.0 days (IQR, 11.6-33.8) for placebo. Hospital mortality was significantly lower with 28 deaths among 98 patients (28.6% [95% CI, 19.9%-38.6%]) for vitamin D3 compared with 47 deaths among 102 patients (46.1% [95% CI, 36.2%-56.2%]) for placebo (HR, 0.56 [95% CI, 0.35-0.90], P for interaction = .04), but not 6-month mortality (34.7% [95% CI, 25.4%-45.0%] for vitamin D3 vs 50.0% [95% CI, 39.9%-60.1%] for placebo; HR, 0.60 [95% CI, 0.39-0.93], P for interaction = .12). Conclusions and Relevance: Among critically ill patients with vitamin D deficiency, administration of high-dose vitamin D3 compared with placebo did not reduce hospital length of stay, hospital mortality, or 6-month mortality. Lower hospital mortality was observed in the severe vitamin D deficiency subgroup, but this finding should be considered hypothesis generating and requires further study. Trial Registration: clinicaltrials.gov Identifier: NCT01130181."
What is the name of the systematic review of Carmustine Wafers?,Efficacy and Safety of Carmustine Wafers in the Treatment of Glioblastoma Multiforme: A Systematic Review.
What is a Polysaccharide Co-Polymerase Involved,PssP2 Is a Polysaccharide Co-Polymerase Involved in Exopolysaccharide Chain-Length Determination in Rhizobium leguminosarum.
What is the name of the POSTOPERATIVE CYSTOGRAM FIND,POSTOPERATIVE CYSTOGRAM FINDINGS PREDICT INCONTINENCE FOLLOWING ROBOT-ASSISTED RADICAL PROSTATECTOMY.
What is the main cause of chronic inflammation?,"Chronic inflammation affects most stages of tumorigenesis, including initiation, promotion, malignant differentiation, invasion and metastasis. Inflammasomes have been described as involved with persistent inflammation and are known to exert both pro and antitumour effects. We evaluated the influence of apoptosis-associated speck-like protein containing a caspase recruitment domain (ASC) and caspase (CASP)-1 in the antitumor immune response using a multistage model of squamous cell carcinoma (SCC) development. Absence of ASC and CASP-1 resulted in an earlier incidence and increased number of papilloma. Loss of inflammassome function in mice resulted in decreased presence of natural killer (NK), dendritic (DC), CD4+, CD8+ and CD45RB+ T cells in the tumor lesions as well as in lymph nodes (LN) compared with WT mice. Increased percentage of CD4+CD25+Foxp3+ T cells was associated with association with inflammasome loss of function. Moreover, significant differences were also found with neutrophils and macrophage infiltrating the lesions. Myeloperoxidase (MPO), but not elastase (ELA), activity oscillated among the groups during the SCC development. Levels of proinflammatory cytokines IL-1beta, IL-18, Tumor Necrosis Factor (TNF)-alpha and Interferon (IFN)-gamma were decreased in the tumor microenvironment in the absence of inflammasome proteins. These observations suggest a link between inflammasome function and SCC tumorigenesis, indicating an important role for inflammasome activation in the control of SCC development."
What is the expression profile of cytotoxic T-lymphocyte-associated antigen-4,"Analysis of promoter methylation, polymorphism and expression profile of cytotoxic T-lymphocyte-associated antigen-4 in patients with gastric cancer."
What is the Indolinone MAZ51?,The Indolinone MAZ51 Induces Cell Rounding and G2/M Cell Cycle Arrest in Glioma Cells without the Inhibition of VEGFR-3 Phosphorylation: Involvement of the RhoA and Akt/GSK3beta Signaling Pathways.
What is the structural diversity of renal sulfatides?,"Mammalian kidneys are rich in sulfatides. Especially papillary sulfatides contribute to renal adaptation to chronic metabolic acidosis. Due to differences in their ceramide anchors, the structural diversity of renal sulfatides is large. However, the underling biological function of this complexity is not understood. As a compound's function and its tissue location are intimately connected, we analyzed individual renal sulfatide distributions of control and ceramide synthase 2-deficient mice by imaging mass spectrometry and by LC-MS2, (in controls for cortex, medulla, and papillae separately). To explain locally different structures, we compared our lipid data with regional mRNA levels of corresponding anabolic enzymes. The combination of IMS and in source decay-LC-MS2 analyses revealed exclusive expression of C20-sphingosine-containing sulfatides within renal papillae, whereas conventional C18-sphingosine-containing compounds were predominant in medulla, and sulfatides with a C18-phytosphingosine were restricted to special cortical structures. Ceramide synthase 2 deletion resulted in bulk loss of sulfatides with C23/C24-acyl chains, but did not lead to decreased urinary pH as previously observed in sulfatide-depleted kidneys. Reasons may be the almost unchanged C22-sulfatid levels and constant total renal sulfatide levels due to compensation with C16- to C20-acyl chain-containing compounds. Intriguingly, CerS2-deficient kidneys were completely depleted of phytosphingosine-containing cortical sulfatides without any compensation."
What is the structure-activity analysis of a CFTR channel potentiator?,Structure-activity analysis of a CFTR channel potentiator: Distinct molecular parts underlie dual gating effects.
What is the effect of increased orbitofrontal cortex activation associated with?,"Increased orbitofrontal cortex activation associated with ""pro-obsessive"" antipsychotic treatment in patients with schizophrenia."
What is the component of the CCAN?,"Kinetochores orchestrate chromosome segregation during mitosis and must cope with dynamic forces generated by attached microtubules. In this issue of Developmental Cell, Suzuki et al. (2014) demonstrate that the constitutive centromere-associated network (CCAN) displays a complex architecture that plays a crucial role in resisting these forces."
What is the name of the microRNAs in patients with polycystic ova,Circulating microRNAs in patients with polycystic ovary syndrome.
What is the use of magnetic resonance cholangiopancreatography?,Magnetic resonance cholangiopancreatography: utilization and usefulness in suspected choledocholithiasis.
What is the impact of a collaborative interprofessional learning experience on medical and social work students in,Impact of a collaborative interprofessional learning experience upon medical and social work students in geriatric health care.
What is the microRNA content of exosomes?,Quantitative and stoichiometric analysis of the microRNA content of exosomes.
What is the IgM-Antibodies against Phosphorylcholine in Mother,IgM-Antibodies against Phosphorylcholine in Mothers and Normal or Low Birth Weight Term Newborn Infants.
What is the name of the pregnancy that is a part of the Diabetic pregnancy?,Diabetic pregnancy: an overview of current guidelines and clinical practice.
What is the name of the CNGA1 Mutations in Japanese Population?,Whole Exome Analysis Identifies Frequent CNGA1 Mutations in Japanese Population with Autosomal Recessive Retinitis Pigmentosa.
What is the imaging of metal-on-metal hip arthroplasties?,Cross-sectional imaging of metal-on-metal hip arthroplasties.
What is the new data in critically ill patients suggesting an alternative loading dose rational?,New colistin population pharmacokinetic data in critically ill patients suggesting an alternative loading dose rational.
What is the quantitative comparison of stress fibers and Focal Adhesions?,Image Analysis for the Quantitative Comparison of Stress Fibers and Focal Adhesions.
What is the application of Whole-Tumor Texture Analysis of Diffusion-We,Glioma: Application of Whole-Tumor Texture Analysis of Diffusion-Weighted Imaging for the Evaluation of Tumor Heterogeneity.
What is the name of the bacterium that is characterized by metastatic Renal Cell,Diagnosis of Metastatic Renal Cell Carcinoma on Fine-Needle Aspiration Cytology.
What is the leading cause of lower respiratory tract diseases?,"Human Respiratory Syncytial Virus (hRSV) is the leading cause of lower respiratory tract diseases, affecting particularly newborns and young children. This virus is able to modulate the immune response, generating a pro-inflammatory environment in the airways that causes obstruction and pulmonary alterations in the infected host. To date, no vaccines are available for human use and the first vaccine that reached clinical trials produced an enhanced hRSV-associated pathology 50 years ago, resulting in the death of two children. Currently, only two therapeutic approaches have been used to treat hRSV infection in high risk children: 1. Palivizumab, a humanized antibody against the F protein that reduces to half the number of hospitalized cases and 2. Ribavirin, which fails to have a significant therapeutic effect. A major caveat for these approaches is their high economical cost, which highlights the need of new and affordable therapeutic or prophylactic tools to treat or prevents hRSV infection. Accordingly, several efforts are in progress to understand the hRSV-associated pathology and to characterize the immune response elicited by this virus. Currently, preclinical and clinical trials are being conducted to evaluate safety and efficacy of several drugs and vaccines, which have shown promising results. In this article, we discuss the most important advances in the development of drugs and vaccines, which could eventually lead to better strategies to treat or prevent the detrimental inflammation triggered by hRSV infection."
What was the most variable genes in both species?,"To determine the breadth and underpinning of changes in immunocyte gene expression due to genetic variation in mice, we performed, as part of the Immunological Genome Project, gene expression profiling for CD4+ T cells and neutrophils purified from 39 inbred strains of the Mouse Phenome Database. Considering both cell types, a large number of transcripts showed significant variation across the inbred strains, with 22% of the transcriptome varying by 2-fold or more. These included 119 loci with apparent complete loss of function, where the corresponding transcript was not expressed in some of the strains, representing a useful resource of ""natural knockouts."" We identified 1222 cis-expression quantitative trait loci (cis-eQTL) that control some of this variation. Most (60%) cis-eQTLs were shared between T cells and neutrophils, but a significant portion uniquely impacted one of the cell types, suggesting cell type-specific regulatory mechanisms. Using a conditional regression algorithm, we predicted regulatory interactions between transcription factors and potential targets, and we demonstrated that these predictions overlap with regulatory interactions inferred from transcriptional changes during immunocyte differentiation. Finally, comparison of these and parallel data from CD4+ T cells of healthy humans demonstrated intriguing similarities in variability of a gene's expression: the most variable genes tended to be the same in both species, and there was an overlap in genes subject to strong cis-acting genetic variants. We speculate that this ""conservation of variation"" reflects a differential constraint on intraspecies variation in expression levels of different genes, either through lower pressure for some genes, or by favoring variability for others."
What is the name of the non-native snake Envenomations in the U.,"Non-Native (Exotic) Snake Envenomations in the U.S., 2005-2011."
What is the effect of oral n-3 FA on surgical patients?,"Omega-3 fatty acids (n-3 FA) may have beneficial clinical and immune-modulating effects in surgical patients. In a randomized, double-blind, prospective, placebo-controlled trial, 148 patients referred for elective colorectal cancer surgery received an n-3 FA-enriched oral nutritional supplement (ONS) providing 2.0 g of eicosapentaenoic acid (EPA) and 1.0 g of docosahexaenoic acid (DHA) per day or a standard ONS for seven days before surgery. On the day of operation, there was a significant increase in the production of leukotriene B5 (LTB5) (p < 0.01) and 5-hydroxyeicosapentaenoic acid (5-HEPE) (p < 0.01), a significant decrease in the production of leukotriene B4 (LTB4) (p < 0.01) and a trend for a decrease in the production of 5-hydroxyeicosatetraenoic acid (5-HETE) (p < 0.1) from stimulated neutrophils in the active group compared with controls. There was no association between LTB4 values and postoperative complications. In conclusion, oral n-3 FA exerts anti-inflammatory effects in surgical patients, without reducing the risk of postoperative complications."
How many lesions were treated by endoscopic resection?,"Background and study aims: The curability of endoscopic resection for superficial pharyngeal squamous cell carcinoma (SPSCC) has not been fully elucidated, particularly for lesions invading the subepithelial layer, which carry the risk of metastasis. The aim of this study was to evaluate the curative potential of endoscopic resection for SPSCC invading the subepithelial layer. Patients and methods: From June 2002 to July 2010, 198 SPSCCs in 176 consecutive patients were treated by endoscopic resection at two tertiary referral centers. Selection criteria were initial endoscopic resection, histologically proven squamous cell carcinoma invading the subepithelial layer, no lymph node or distant metastasis before endoscopic resection, and no prior treatment for pharyngeal squamous cell carcinoma. Endoscopic resection was performed under general anesthesia. Long-term survival and clinical outcomes were retrospectively evaluated. Results: Among 176 consecutive patients, 50 lesions in 47 patients (all male; median age 64 years) were histologically diagnosed from endoscopic resection specimens as having subepithelial invasion. Median tumor thickness was 1000 mum (range 200 - 10 000 mum). Six patients developed local recurrence (13 %; 95 % confidence interval [CI] 3.1 % - 22.4 %), and all were cured with organ-preserving intervention. After a median follow-up period of 71 months (range 27 - 116 months), one patient (2 %; 95 %CI 0 - 6.3 %) developed neck lymph node metastasis. A total of 14 patients (30 %) were followed for 5 years or more, and 5-year overall survival and disease-specific survival rates were 84.5 % (95 %CI 73 % - 96 %) and 100 %, respectively. Conclusions: Endoscopic resection has curative potential as a minimally invasive treatment option for SPSCC that invades the subepithelial layer."
What is the name of the small-molecule and nanoparticle toll-like Recept,Trehalose- and glucose-derived glycoamphiphiles: small-molecule and nanoparticle Toll-like Receptor 4 (TLR4) modulators.
What was the primary endpoint of the study?,"OBJECTIVE: The goals of treatment for head and neck cancer are cure and organ-function preservation. For organ preservation, primary treatment via radiotherapy alone is thought to be insufficient for Stage II squamous cell carcinoma of the larynx, oropharynx or hypopharynx. The objective of the present study was to investigate the efficacy and safety of concurrent chemoradiotherapy with S-1 for patients with Stage II squamous cell carcinoma of the pharynx or larynx for primary organ preservation. METHODS: Previously untreated patients with Stage II squamous cell carcinoma of the larynx, oropharynx or hypopharynx received three courses of S-1 (40 or 50 mg twice a day; 2 weeks of administration followed by 1 week of rest every 3 weeks) during conventional radiotherapy (a single daily fraction of 1.8 Gy) to a total dose of 70.2 Gy. The primary endpoint was the local control rate at 3 years. RESULTS: From August 2009 to October 2012, 37 patients were evaluated for the study. The overall response rate was 100%. The 3-year local control rate was 89.0% (95% confidence interval, 78.9-99.2%), and the 3-year overall survival rate was 97.2% (95% confidence interval, 91.8-100%). Mucositis and dermatitis in the radiation field were the most common acute adverse events observed. The rates of Grade 3 mucositis and dermatitis were 27 and 35%, respectively. No patients experienced Grade 4 acute adverse events. The treatment completion rate was 89.2%. CONCLUSION: Concurrent chemoradiotherapy with S-1 was safe and effective in improving local control for Stage II squamous cell carcinoma of the pharynx or larynx."
What is the name of the infants with postnatal or congenital Cytomegal,"Genotype Distribution, Viral Load and Clinical Characteristics of Infants with Postnatal or Congenital Cytomegalovirus Infection."
What is the name of the program that is a large public health ART program?,Retention and Risk Factors for Attrition in a Large Public Health ART Program in Myanmar: A Retrospective Cohort Analysis.
What is the name of the disease that is characterized by Gastrointestinal manifestations?,Gastrointestinal manifestations of Behcet's disease: advances in evaluation and management.
What is the focus of multiprofessional teamwork in work-related medical rehabilitation for patients with chronic,Multiprofessional teamwork in work-related medical rehabilitation for patients with chronic musculoskeletal disorders.
What is the HarP?,"BACKGROUND: An international Delphi panel has defined a harmonized protocol (HarP) for the manual segmentation of the hippocampus on MR. The aim of this study is to study the concurrent validity of the HarP toward local protocols, and its major sources of variance. METHODS: Fourteen tracers segmented 10 Alzheimer's Disease Neuroimaging Initiative (ADNI) cases scanned at 1.5 T and 3T following local protocols, qualified for segmentation based on the HarP through a standard web-platform and resegmented following the HarP. The five most accurate tracers followed the HarP to segment 15 ADNI cases acquired at three time points on both 1.5 T and 3T. RESULTS: The agreement among tracers was relatively low with the local protocols (absolute left/right ICC 0.44/0.43) and much higher with the HarP (absolute left/right ICC 0.88/0.89). On the larger set of 15 cases, the HarP agreement within (left/right ICC range: 0.94/0.95 to 0.99/0.99) and among tracers (left/right ICC range: 0.89/0.90) was very high. The volume variance due to different tracers was 0.9% of the total, comparing favorably to variance due to scanner manufacturer (1.2), atrophy rates (3.5), hemispheric asymmetry (3.7), field strength (4.4), and significantly smaller than the variance due to atrophy (33.5%, P < .001), and physiological variability (49.2%, P < .001). CONCLUSIONS: The HarP has high measurement stability compared with local segmentation protocols, and good reproducibility within and among human tracers. Hippocampi segmented with the HarP can be used as a reference for the qualification of human tracers and automated segmentation algorithms."
What is the term for late Toxicity and Outcomes in Prostate Cancer Patients,Late Toxicity and Outcomes in High-risk Prostate Cancer Patients Treated With Hypofractionated IMRT and Long-term Androgen Suppression Treatment.
What is the most common cause of bacterial foodborne disease worldwide?,"The Gram-negative pathogen Campylobacter jejuni is the most common cause of bacterial foodborne disease worldwide. The mechanisms that lead to bacterial invasion of eukaryotic cells and massive intestinal inflammation are still unknown. In this study, we report that C. jejuni infection of mouse macrophages induces upregulation of pro-IL-1beta transcript and secretion of IL-1beta without eliciting cell death. Immunoblotting indicated cleavage of caspase-1 and IL-1beta in infected cells. In bone marrow-derived macrophages from different knockout mice, IL-1beta secretion was found to require NLRP3, ASC, and caspase-1/11 but not NLRC4. In contrast to NLRP3 activation by ATP, C. jejuni activation did not require priming of these macrophages. C. jejuni also activated the NLRP3 inflammasome in human macrophages as indicated by the presence of ASC foci and caspase-1-positive cells. Analysis of a vast array of C. jejuni mutants with defects in capsule formation, LPS biosynthesis, chemotaxis, flagella synthesis and flagellin (-like) secretion, type 6 secretion system needle protein, or cytolethal distending toxin revealed a direct correlation between the number of intracellular bacteria and NLRP3 inflammasome activation. The C. jejuni invasion-related activation of the NLRP3 inflammasome without cytotoxicity and even in nonprimed cells extends the known repertoire of bacterial inflammasome activation and likely contributes to C. jejuni-induced intestinal inflammation."
What is the concentration of NP and BPA in wild freshwater fishes?,"Fish populations constitute an important part of aquatic ecosystems. Thus, their accumulation of nonylphenol (NP) and bisphenol A (BPA) may pose risks to ecosystems and human health. This study analyzed the concentrations of NP and BPA in four types of fishes (i.e., wild/farmed freshwater fishes and wild/farmed marine fishes). Wild freshwater fishes contained higher concentrations of NP and BPA than the other three types of fishes. The concentrations of NP in the wild freshwater fishes ranged from 1.01 to 277mug/kg ww, with bioconcentration factors (BCFs) and biota-sediment accumulation factors (BSAFs) ranging from 74.0 to 2.60x104L/kg and from 0.003 to 18.3, respectively. The wild freshwater fishes contained relatively low amounts of BPA, varying from ND to 25.2mug/kg ww, with the BCFs and BSAFs ranging from 1.00 to 274L/kg and from 0.003 to 3.40, respectively. Five fish species particularly showed high BCFs and BSAFs, indicating that they could be an important source of NP for higher trophic levels, most likely resulting in ecological risks. The demersal fishes showed a greater ability to accumulate NP than the pelagic ones. The fact that the 95th percentile values of the risk quotient (RQ) for NP and BPA were higher than the acceptable threshold indicated that these two compounds would have adverse effects on aquatic organisms in Taiwanese rivers. The consumption of wild marine fishes had the highest 95th percentile values of hazard quotient (HQ) for NP and BPA among the four types of fishes, particularly for the population aged 0-3years. However, the 95th percentile values of HQ for NP and BPA were all less than 1, suggesting that exposure to NP and BPA through fish consumption posed no remarkable risk to human health in Taiwan."
What is the role of SRS in brain tumor care established?,"Stereotactic radiosurgery (SRS) was developed decades ago but only began to impact brain tumor care when it was coupled with high-resolution brain imaging techniques such as computed tomography and magnetic resonance imaging. The technique has played a key role in the management of virtually all forms of brain tumor. We reviewed the radiobiological principles of SRS on tissue and how they pertain to different brain tumor disorders. We reviewed the clinical outcomes on the most common indications. This review found that outcomes are well documented for safety and efficacy and show increasing long-term outcomes for benign tumors. Brain metastases SRS is common, and its clinical utility remains in evolution. The role of SRS in brain tumor care is established. Together with surgical resection, conventional radiotherapy, and medical therapies, patients have an expanding list of options for their care. Clinicians should be familiar with radiosurgical principles and expected outcomes that may pertain to different brain tumor scenarios."
What did MAZ51 cause?,"MAZ51 is an indolinone-based molecule originally synthesized as a selective inhibitor of vascular endothelial growth factor receptor (VEGFR)-3 tyrosine kinase. This study shows that exposure of two glioma cell lines, rat C6 and human U251MG, to MAZ51 caused dramatic shape changes, including the retraction of cellular protrusions and cell rounding. These changes were caused by the clustering and aggregation of actin filaments and microtubules. MAZ51 also induced G2/M phase cell cycle arrest. This led to an inhibition of cellular proliferation, without triggering significant cell death. These alterations induced by MAZ51 occurred with similar dose- and time-dependent patterns. Treatment of glioma cells with MAZ51 resulted in increased levels of phosphorylated GSK3beta through the activation of Akt, as well as increased levels of active RhoA. Interestingly, MAZ51 did not affect the morphology and cell cycle patterns of rat primary cortical astrocytes, suggesting it selectively targeted transformed cells. Immunoprecipitation-western blot analyses indicated that MAZ51 did not decrease, but rather increased, tyrosine phosphorylation of VEGFR-3. To confirm this unanticipated result, several additional experiments were conducted. Enhancing VEGFR-3 phosphorylation by treatment of glioma cells with VEGF-C affected neither cytoskeleton arrangements nor cell cycle patterns. In addition, the knockdown of VEGFR-3 in glioma cells did not cause morphological or cytoskeletal alterations. Furthermore, treatment of VEGFR-3-silenced cells with MAZ51 caused the same alterations of cell shape and cytoskeletal arrangements as that observed in control cells. These data indicate that MAZ51 causes cytoskeletal alterations and G2/M cell cycle arrest in glioma cells. These effects are mediated through phosphorylation of Akt/GSK3beta and activation of RhoA. The anti-proliferative activity of MAZ51 does not require the inhibition of VEGFR-3 phosphorylation, suggesting that it is a potential candidate for further clinical investigation for treatment of gliomas, although the precise mechanism(s) underlying its effects remain to be determined."
What causes malignant progression of prostate cancer?,Tissue injury and hypoxia promote malignant progression of prostate cancer by inducing CXCL13 expression in tumor myofibroblasts.
What is the Editorial of the Editorial entitled Unlocking the Potential of Stem Cell,"Editorial: Unlocking the Potential of Stem Cells in Cell Therapy, Drug Delivery and Drug Discovery."
What is the therapeutic effect of fusion protein?,Delivery of an enzyme-IGFII fusion protein to the mouse brain is therapeutic for mucopolysaccharidosis type IIIB.
What is the endoscopic endonasal approach?,Adenoid Cystic Carcinoma in the Cavernous Sinus Diagnosed with the Endoscopic Endonasal Approach.
What was the incidence of thrombotic?,"INTRODUCTION: We seek to determine whether vascular closure devices (VCDs) are safe and effective for brachial artery access. METHODS: A retrospective review of brachial artery access using either manual compression (MC) or a VCD for hemostasis from November 2005 to February 2011 was performed. RESULTS: Brachial artery access was performed on 154 limbs: MC on 134 limbs and VCD on 20 limbs. The incidence of thrombotic (VCD n = 0 [0%] vs MC n = 7 [5.2%], P = .37), hemorrhagic complications (VCD n = 1 [5%] vs MC n = 7 [5.2%], P = .72), or major adverse events (VCD n = 1 [5%] vs MC n = 16 [12%], P = .32) was not significantly different between the techniques. After univariate and multivariate analysis, female sex (P = .07, relative risk [RR] = 5.7), sheath size > 6F (P = .008, RR = 14.6), and diagnostic versus interventional procedure (P = .04, RR = 0.4) all impacted the occurrence of thrombosis. CONCLUSIONS: Use of VCD in the brachial artery following an endovascular procedure showed equivalence to MC."
What is a subentity of primary leptomeningeal lymphom,"Primary leptomeningeal lymphoma is very rare disease that is a subtype of primary central nervous system (CNS) lymphoma. Primary dural lymphoma is a subentity of primary leptomeningeal lymphoma and arises from the dura mater without systemic disease. A 47-year-old woman presented with an indolent mass in the right frontal region. The patient's physical examination demonstrated no focal neurological abnormality. Magnetic resonance imaging (MRI) study revealed a mass lesion in the right frontal region. The patient underwent a right frontal craniectomy and removal of tumor. Histological diagnosis was diffuse large B-cell lymphoma (DLBCL). The patient received chemotherapy with rituximab, cyclophosphamide, adriamycin, vincristine, and prednisolone (R-CHOP protocol) every 3 weeks for six cycles. The patient was discharged without neurological deficit and no evidence of tumor recurrence. There was no systemic dissemination of disease 72 months after the surgery. Until the optimal standard management protocol is established, the treatment should be with an individualized multidisciplinary approach and continued follow-up and clinical surveillance are recommended for every patient."
What is the name of the nanoparticles that target and kill tumors?,H-ferritin-nanocaged doxorubicin nanoparticles specifically target and kill tumors with a single-dose injection.
What was the code for anaphylactic shock unspecified?,"Aim. To evaluate the value of research in the case-mix database to identify cases of drug-related anaphylactic or anaphylactoid shock. Methods. Hospital stays of patients discharged from the University Hospital of Saint-Etienne between July 1st 2009 and June 30th 2012. Five codes from the international classification of diseases were selected: T88.6, T88.2, J39.3, T80.5 and T78.2. Results. Among 89 cases identified by the programme for medicalization of information system (programme de medicalisation des systemes d'information, PMSI), 40 were selected (45%). Of these, 16 cases were spontaneously reported by physicians. The unspecific code ""anaphylactic shock unspecified (T78.2)"" was coded for 57.5% of cases. Conclusion. The study confirms the interest of the PMSI as a tool for health monitoring, in addition to spontaneous reporting. Nevertheless, coding with insufficient precision about the causal role of the drug, requires a return to the medical record and so an important time consuming process."
What is the name of the treatment for acute coronary syndrome patients?,Dyspnoea management in acute coronary syndrome patients treated with ticagrelor.
What is the main outcome measure?,"STUDY QUESTION: Which reproductive endocrine changes are attributed exclusively to laparoscopic ovarian drilling in polycystic ovarian syndrome (PCOS)? SUMMARY ANSWER: Laser evaporation-specific endocrine effects were the prevention of an immediate increase in inhibin B and a sustained decrease in testosterone, androstenedione and anti-Mullarian hormone (AMH). WHAT IS KNOWN ALREADY: All ovarian drilling procedures result in reproductive endocrine changes. It is not known which of these changes are the result of ovarian drilling and which are related to the surgery per se. STUDY DESIGN, SIZE, DURATION: This prospective controlled study was performed at an outpatient academic fertility clinic. Between 2007 and 2010, a total of 21 oligo- or amenorrheic PCOS patients were included. PARTICIPANTS/MATERIALS, SETTING, METHODS: Included were oligo- or amenorrheic PCOS patients with all three of the Rotterdam criteria and luteinizing hormone (LH) >6.5 U/l. All PCOS patients had an indication for diagnostic surgery due to subfertility. There were 12 PCOS patients who chose to undergo ovarian laser evaporation (CO2 laser, 25 W, 20 times/ovary) and 9 PCOS who chose a diagnostic laparoscopy only (controls). Reproductive endocrinology was measured before, and until 5 days after, surgery, and four gonadotrophin-releasing hormone (GnRH) 'double pulse' tests were included. The main outcome measures were changes in reproductive endocrinology and pituitary sensitivity/priming to GnRH after laser evaporation compared with diagnostic laparoscopy only. MAIN RESULTS AND THE ROLE OF CHANCE: In the first hours after surgery, both groups showed an increase in LH, follicle stimulating hormone, estrogen and a decrease in testosterone, androstenedione, AMH and insulin growth factor-1 (P < 0.05). Inhibin B increased in the laparoscopy only group (P < 0.05). In the first days after surgery, testosterone, androstenedione and AMH remained at lower than baseline levels exclusively in the laser group (P < 0.05). Pituitary sensitivity/priming to GnRH was not altered after either laser evaporation or laparoscopy only. LIMITATIONS, REASONS FOR CAUTION: The limitations of this study are the short follow-up period and the relatively small groups. WIDER IMPLICATIONS OF THE FINDINGS: The strength of this study is the integrally measured endocrine profiles in combination with an optimal control group of PCOS patients undergoing diagnostic laparoscopy only. Interestingly, most of the immediate endocrine changes after laser evaporation could be related to the surgical context and not to the ovarian drilling procedure itself. STUDY FUNDING/COMPETING INTERESTS: The study was funded by the Foundation of Scientific Research in Obstetrics and Gynaecology and the study medication, Lutrelef, was donated by Ferring, The Netherlands, Hoofdorphe There were no conflicts of interests mentioned by the authors."
What is the PI3K/AKT pathway activated by?,"Deregulated signalling through phosphatidylinositol 3-kinase (PI3K) pathway plays a critical role in tumour initiation and progression (1). PI3K/AKT pathway is activated by growth factor ligand binding to receptor tyrosine kinases (S1). The activated PI3K phosphorylates phosphatidylinositol biphosphate (PIP2) forming PIP3, which subsequently activates PDK1 leading to phosphorylation of AKT (2). This article is protected by copyright. All rights reserved."
What is the polymerase Inhibitor BMS-791325?,Potency and Resistance Analysis of Hepatitis C Virus NS5B Polymerase Inhibitor BMS-791325 on All Major Genotypes.
What is the name of the substance in drinking water?,Chromium in Drinking Water: Association with Biomarkers of Exposure and Effect.
What was the most common stone location in the SWL group?,"INTRODUCTION AND OBJECTIVES: To compare the outcomes of these minimally invasive procedures in this patient population. PATIENTS AND METHODS: The database of our institution has been retrospectively reviewed and medical records of urolithiasis patients with a solitary kidney who underwent F-URS or SWL between January 2009 and December 2012 were examined. Retreatment rates, complications, changes in estimated glomerular filtration rates (eGFR) and chronic kidney disease (CKD) stages, and stone-free rates were compared between the two groups. RESULTS: Stones of 48 patients (mean age: 48.8+/-15.4, range: 14-76) with solitary kidneys were treated with SWL (n=30, 62.5%) or F-URS (n=18, 37.5%). Patient demographics and stone related parameters were similar. The most common stone location was pelvis in the SWL group (36.6%) whereas it was pelvis and a calyx in the F-URS group (38.8%). Complications and success rates were similar in both groups, however patients in the SWL group needed more sessions to achieve stone clearance (2.2+/-0.89 vs. 1.06+/-0.24, p=0.0001). Preoperative and postoperative eGFR and CKD stage changes were also similar. CONCLUSION: Both SWL and F-URS are effective and safe techniques, which can be used for the treatment of stones in patients with solitary kidney. However, patients treated with SWL need more sessions to achieve stone clearance."
What is the name of the target of ASCL1?,"Aggressive neuroendocrine lung cancers, including small cell lung cancer (SCLC) and non-small cell lung cancer (NSCLC), represent an understudied tumor subset that accounts for approximately 40,000 new lung cancer cases per year in the United States. No targeted therapy exists for these tumors. We determined that achaete-scute homolog 1 (ASCL1), a transcription factor required for proper development of pulmonary neuroendocrine cells, is essential for the survival of a majority of lung cancers (both SCLC and NSCLC) with neuroendocrine features. By combining whole-genome microarray expression analysis performed on lung cancer cell lines with ChIP-Seq data designed to identify conserved transcriptional targets of ASCL1, we discovered an ASCL1 target 72-gene expression signature that (i) identifies neuroendocrine differentiation in NSCLC cell lines, (ii) is predictive of poor prognosis in resected NSCLC specimens from three datasets, and (iii) represents novel ""druggable"" targets. Among these druggable targets is B-cell CLL/lymphoma 2, which when pharmacologically inhibited stops ASCL1-dependent tumor growth in vitro and in vivo and represents a proof-of-principle ASCL1 downstream target gene. Analysis of downstream targets of ASCL1 represents an important advance in the development of targeted therapy for the neuroendocrine class of lung cancers, providing a significant step forward in the understanding and therapeutic targeting of the molecular vulnerabilities of neuroendocrine lung cancer."
How many military patients were treated after diagnosis with acupuncture?,"We report the cases of eight military patients with fever (>/=38 degrees C) induced by viral upper respiratory tract infection (URTI) who requested treatment with acupuncture in the military medical service room. All patients were treated immediately after diagnosis with classical acupuncture (GV14, GB20, TE8 points) and a new type of acupuncture, equilibrium acupuncture (Feibing and Ganmao points). After one treatment session (20 min), reduction of body temperature was confirmed in all patients. Accompanying symptoms such as headache, myalgia and nasal obstruction also showed a tendency to decrease. Within 3 days of treatment, six of the eight patients had recovered from the URTI. No adverse effects of acupuncture treatment were reported."
What is the interplay between inflammatory cytokines and the endocannabin,The interplay between inflammatory cytokines and the endocannabinoid system in the regulation of synaptic transmission.
What is the name of the gastrointestinal disease that remains one of the most frequent in the neon,"Necrotizing enterocolitis (NEC) remains one of the most frequent gastrointestinal diseases in the neonatal intensive care unit, with a continuing unacceptable high mortality and morbidity rates. Up to 20% to 40% of infants with NEC will need surgical intervention at some point. Although the exact pathophysiology is not yet elucidated, prematurity, use of formula feeding, and an altered intestinal microbiota are supposed to induce an inflammatory response of the immature intestine. The clinical picture of NEC has been well described. However, an early diagnosis and differentiation against sepsis is challenging. Besides, it is difficult to timely identify NEC cases that will deteriorate and need surgical intervention. This may interfere with the most optimal treatment of infants with NEC. In this review, we discuss the pathogenesis, diagnosis, and treatment of NEC with a focus on the role of microbiota in the development of NEC. An overview of different clinical prediction models and biomarkers is given. Some of these are promising tools for accurate diagnosis of NEC and selection of appropriate therapy."
What is the CT-Based Attenuation Correction in I-123-Ioflu,CT-Based Attenuation Correction in I-123-Ioflupane SPECT.
What is the role of pigment epitheliumderived factor?,"In metazoans, adult, tissue-specific stem cells function to naturally replace and regenerate components of organ systems during life. The restorative power of adult stem cells has been best exploited clinically in bone marrow transplantation to treat blood cancers and other disorders. With the discovery and characterisation of other adult stem cell types and pluripotent stem cells capable of generating all tissues in the body, it has been postulated that stem cells may be of utility in replacing other tissues which have stopped functioning due to age or disease. However, the potential application of stem cells to regenerative medicine is vast and more multi-faceted than simply furnishing replacement tissue in failing organ systems. In this minithematic issue of Current Drug Delivery, we explore these other applications focusing on current knowledge about the regulation of stem cells, its implications for pathogenesis in cancer and cell therapy and how stem cells may be used as drug delivery agents and as tools in disease modelling and drug discovery. Adult stem cell function during homeostasis and in response to periods of physiological demand relies on strict intrinsic regulation interwoven with complex extrinsic signals emanating from the micro-environment (or 'niche'). That proper adult stem cell function in vivo is dependent on its niche was the concept first invoked in the blood system in the 1970s and is an idea that has gained considerable traction in this and other tissue systems more recently. The overall complexity of adult stem cell niches is gradually being understood at the level of cellular constituents and molecular pathways controlling their behaviour. In addition to its purely supportive role as a habitat for the stem cell, it is responsible for secreting growth factors and other regulatory proteins that extrinsically regulate stem cell functionality. Crawford and colleagues review the role of pigment epitheliumderived factor (PEDF), a critical regulator of neural stem cell self-renewal in the neural stem cell niche. The authors explore the potential therapeutic role of PEDF where its opposing positive effect on stem cell behaviour and powerful anti-angiogenic effect on cancers make it possible for it to operate as a selective drug in cancer while sparing or possibly boosting normal tissue function through harnessing endogenous stem cell function. It has also become increasingly clear how crucial the stem cell-niche collaboration is to the maintenance of normal tissue function: in the blood system the potentially dire consequences of disturbing particular constituents of the niche are evident in decreased stem cell function and the emergence of pre-cancerous and cancerous conditions in mouse models and select clinical syndromes. The niche may also provide a sanctuary that protects already existent cancer from the effects of treatment (e.g. chemotherapy), and enables eventual disease relapse. Bartos and Dubielecka-Szczerba explore how one potential component of the niche - actin cytoskeleton- is impacted by the Bcr-abl oncogene in chronic myeloid leukaemia, leading to drug and therapy resistance. Pluripotent stem cells, derived from the embryo (embryonic stem cells) or by reprogramming somatic cells to an embryonic state (induced pluripotent stem cells), and adult stem cells may impact cellular therapy in two distinct ways. As alluded to, they may directly replace damaged tissues in organ transplantation related strategies (see review by Stewart for examples using pluripotent stem cell derived tissue). Less well established but becoming more appreciated is that stem cells can function and act as drug delivery modalities, facilitating tissue replacement without formally integrating or replacing tissue. A case in point is mesenchymal stem/stromal cells (MSCs), which as English and colleagues discuss, have potent immune modulatory function that could be deployed to facilitate acceptance of allogeneic organ transplantation or to ameliorate graft versus host disease, a potentially fatal side-effect of allogeneic bone marrow transplantation (for another example, see Falanga and colleagues review of the use of MSCs to treat chronic wounds). Shinya Yamanaka was awarded the Nobel Prize in Physiology and Medicine in 2012 for discovering induced pluripotent stem cells (iPSCs), underscoring their potential to revolutionise therapies for a plethora of debilitating and fatal diseases via cell replacement therapy or drug discovery. For example, the capacity to make iPSCs from a somatic cell of a patient afflicted with a given disease offers an unprecedented opportunity to peer into the evolution of that disease by essentially rewinding its history in vitro and modelling the earliest pathological steps associated with it, with an ultimate view of identifying drug targets for treatment. Stewart reviews and explains progress made to date with disease specific iPSCs in this context set against a historical perspective of the pluripotent stem cell biology field. Finally, translating the potential of pluripotent stem cell derived tissue or adult stem cells (e.g. MSCs) into both safe and effective clinical therapies in any setting involving administration of cellular products requires adherence to Good Manufacturing Practice (GMP) supervised by the Food and Drug Administration (FDA) regulatory framework in the United States and by the European Medicines Agency (EMA) in Europe. Falanga and colleagues outline the laborious yet essential strategy required to establish a GMP lab for these purposes and describe their experience with using the laboratory to manipulate MSCs that will encourage chronic wound healing."
What is the difference between lognormal means?,Confidence intervals for a difference between lognormal means in cluster randomization trials.
What is the name of the plant used in traditional medicine?,"Recently, the importance of platelet activation in cancer metastasis has become generally accepted. As a results, the development of new platelet inhibitors with minimal adverse effects is now a promising area of targeted cancer therapy. Baicalein is a functional ingredient derived from the root of Scutellaria baicalensis Georgi, a plant used intraditional medicine. The pharmacological effects of this compound including anti-oxidative and anti-inflammatory activities have already been demonstrated. However, its effects on platelet activation are unknown. We therefore investigated the effects of baicalein on ligand-induced platelet aggregation and pulmonary cancer metastasis. In the present study, baicalein inhibited agonist-induced platelet aggregation, granule secretion markers (P-selectin expression and ATP release), [Ca2+]i mobilization, and integrin alphaIIbbeta3 expression. Additionally, baicalein attenuated ERK2, p38, and Akt activation, and enhanced VASP phosphorylation. Indeed, baicalein was shown to directly inhibit PI3K kinase activity. Moreover, baicalein attenuated the platelet aggregation induced by C6 rat glioma tumor cells in vitro and suppressed CT26 colon cancer metastasis in mice. These features indicate that baicalein is a potential therapeutic drug for the prevention of cancer metastasis."
What is the main cause of CLL?,"Current treatment of chronic lymphocytic leukemia (CLL) patients often results in life-threatening immunosuppression. Furthermore, CLL is still an incurable disease due to the persistence of residual leukemic cells. These patients may therefore benefit from immunotherapy approaches aimed at immunoreconstitution and/or the elimination of residual disease following chemotherapy. For these purposes, we designed a simple GMP-compliant protocol for ex vivo expansion of normal T cells from CLL patients' peripheral blood for adoptive therapy, using bispecific Ab blinatumomab (CD3 x CD19), acting both as T cell stimulator and CLL depletion agent, and human rIL-2. Starting from only 10 ml CLL peripheral blood, a mean 515 x 106 CD3+ T cells were expanded in 3 wk. The resulting blinatumomab-expanded T cells (BET) were polyclonal CD4+ and CD8+ and mostly effector and central memory cells. The Th1 subset was slightly prevalent over Th2, whereas Th17 and T regulatory cells were <1%. CMV-specific clones were detected in equivalent proportion before and after expansion. Interestingly, BET cells had normalized expression of the synapse inhibitors CD272 and CD279 compared with starting T cells and were cytotoxic against CD19+ targets in presence of blinatumomab in vitro. In support of their functional capacity, we observed that BET, in combination with blinatumomab, had significant therapeutic activity in a systemic human diffuse large B lymphoma model in NOD-SCID mice. We propose BET as a therapeutic tool for immunoreconstitution of heavily immunosuppressed CLL patients and, in combination with bispecific Ab, as antitumor immunotherapy."
What is the effect of magnesium on AD?,"Alzheimer's disease (AD) is characterized by profound synapse loss and impairments of learning and memory. Magnesium affects many biochemical mechanisms that are vital for neuronal properties and synaptic plasticity. Recent studies have demonstrated that the serum and brain magnesium levels are decreased in AD patients; however, the exact role of magnesium in AD pathogenesis remains unclear. Here, we found that the intraperitoneal administration of magnesium sulfate increased the brain magnesium levels and protected learning and memory capacities in streptozotocin-induced sporadic AD model rats. We also found that magnesium sulfate reversed impairments in long-term potentiation (LTP), dendritic abnormalities, and the impaired recruitment of synaptic proteins. Magnesium sulfate treatment also decreased tau hyperphosphorylation by increasing the inhibitory phosphorylation of GSK-3beta at serine 9, thereby increasing the activity of Akt at Ser473 and PI3K at Tyr458/199, and improving insulin sensitivity. We conclude that magnesium treatment protects cognitive function and synaptic plasticity by inhibiting GSK-3beta in sporadic AD model rats, which suggests a potential role for magnesium in AD therapy."
What is the name of the novel strategies that have emerged in the late 20th century?,"Biotechnology has provided a wide array of therapeutic agents such as peptide, protein, vaccine and gene products that are currently mainly administered by means of injections. Therapeutic agents produced by biotechnological processes such as recombinant DNA technology, fermentation, tissue and cell culture technology as well as genetic engineering are usually large, hydrophilic molecules facing delivery challenges, for example, these drugs are susceptible to degradation and are generally poorly membrane permeable. Since successful delivery of any drug is a pre-requisite to achieve the therapeutic goal, novel strategies have emerged in the late 20th century to overcome challenges associated with the oral route of drug administration. These strategies include, but are not restricted to micro- and nanotechnology including self-emulsifying lipid based formulations, dendrimers and devices, permeability enhancing technology, targeting of active transporters and membrane receptors, use of cell penetrating peptides, chemical modifications of peptides such as inclusion complex formation and peptide conjugates, site-specific delivery systems, muco-adhesive systems and polymeric hydrogels. Despite the initial excitement regarding the potential of these technologies to provide effective oral delivery, few have advanced from the pre-clinical stage into clinical trials and very few, if any, resulted so far in registered medicinal products. Moreover, most literature provides information on effectiveness and mechanisms based on in vitro investigations without revealing the viability of these technologies in clinical practice. Although this topic of oral peptide delivery has gone through different phases in terms of attracting attention from the scientific community, it remains a timely research subject. The therapeutic benefits to patients and potential economic benefits to the producer serve as the driving forces behind finding an effective oral delivery system for biotechnology derived drugs. This special issue aims at assessing some of the latest developments in the field of oral delivery of biotechnological therapeutic agents. The reader will not only gain an understanding of the challenges associated with oral delivery of protein and peptide based drugs, but certain strategies that emerged to overcome these drawbacks are also discussed. From the discussions it is clear that scientific research has contributed to a deeper understanding of older drug delivery strategies, while new discoveries keep the vision of producing an effective oral peptide drug delivery system alive."
What is the name of the group that encoding Glycosylation of proteins and ,"Glycosylation of proteins and lipids involves over 200 known glycosyltransferases, and deleterious defects in many of the genes encoding these enzymes cause disorders collectively classified as Congenital Disorders of Glycosylation (CDGs). Most known CDGs are caused by defects in glycogenes that effects glycosylation globally. Many glycosyltransferases are members of homologous isoenzyme families and deficiencies in individual isoenzymes may not affect glycosylation globally. In line with this there appears to be an underrepresentation of disease-causing glycogenes among these larger isoenzyme homologous families. However, Genome-Wide-Association Studies (GWAS) have identified such isoenzyme genes as candidates for different diseases, but validation is not straightforward without biomarkers. Large-scale whole exome sequencing (WES) provides access to mutations in e.g. glycosyltransferase genes in populations, which can be used to predict and/or analyze functional deleterious mutations. Here, we constructed a draft of a Functional Mutational Map of glycogenes, GlyMAP, from WES of a rather homogenous population of 2,000 Danes. We catalogued all missense mutations and used prediction algorithms, manual inspection, and in case of CAZy family GT27 experimental analysis of mutations to map deleterious mutations. GlyMAP provides a first global view of the genetic stability of the glycogenome and should serve as a tool for discovery of novel CDGs."
What is the main cause of a tumor cell-induced platelet aggregation?,Baicalein inhibits agonist- and tumor cell-induced platelet aggregation while suppressing pulmonary tumor metastasis via cAMP-mediated VASP phosphorylation along with impaired MAPKs and PI3K-Akt activation.
What is the most common CF mutation?,"The cystic fibrosis (CF) transmembrane conductance regulator (CFTR) is a member of the ATP-binding cassette transporter superfamily that functions as an epithelial chloride channel. Gating of the CFTR ion conduction pore involves a conserved irreversible cyclic mechanism driven by ATP binding and hydrolysis at two cytosolic nucleotide-binding domains (NBDs): formation of an intramolecular NBD dimer that occludes two ATP molecules opens the pore, whereas dimer disruption after ATP hydrolysis closes it. CFTR dysfunction resulting from inherited mutations causes CF. The most common CF mutation, deletion of phenylalanine 508 (DeltaF508), impairs both protein folding and processing and channel gating. Development of DeltaF508 CFTR correctors (to increase cell surface expression) and potentiators (to enhance open probability, Po) is therefore a key focus of CF research. The practical utility of 5-nitro-2-(3-phenylpropylamino)benzoate (NPPB), one of the most efficacious potentiators of DeltaF508 CFTR identified to date, is limited by its pore-blocking side effect. NPPB-mediated stimulation of Po is unique in that it involves modulation of gating transition state stability. Although stabilization by NPPB of the transition state for pore opening enhances both the rate of channel opening and the very slow rate of nonhydrolytic closure, because of CFTR's cyclic gating mechanism, the net effect is Po stimulation. In addition, slowing of ATP hydrolysis by NPPB delays pore closure, further enhancing Po. Here we show that NPPB stimulates gating at a site outside the pore and that these individual actions of NPPB on CFTR are fully attributable to one or the other of its two complementary molecular parts, 3-nitrobenzoate (3NB) and 3-phenylpropylamine (3PP), both of which stimulate Po: the pore-blocking 3NB selectively stabilizes the transition state for opening, whereas the nonblocking 3PP selectively slows the ATP hydrolysis step. Understanding structure-activity relationships of NPPB might prove useful for designing potent, clinically relevant CFTR potentiators."
What is the average cost of antibiotic resistance in terms of intrinsic growth in the antibiotic-free experimental,"The long-term persistence of antibiotic-resistant bacteria depends on their fitness relative to other genotypes in the absence of drugs. Outside the laboratory, viruses that parasitize bacteria (phages) are ubiquitous, but costs of antibiotic resistance are typically studied in phage-free experimental conditions. We used a mathematical model and experiments with Escherichia coli to show that lytic phages strongly affect the incidence of antibiotic resistance in drug-free conditions. Under phage parasitism, the likelihood that antibiotic-resistant genetic backgrounds spread depends on their initial frequency, mutation rate and intrinsic growth rate relative to drug-susceptible genotypes, because these parameters determine relative rates of phage-resistance evolution on different genetic backgrounds. Moreover, the average cost of antibiotic resistance in terms of intrinsic growth in the antibiotic-free experimental environment was small relative to the benefits of an increased mutation rate in the presence of phages. This is consistent with our theoretical work indicating that, under phage selection, typical costs of antibiotic resistance can be outweighed by realistic increases in mutability if drug resistance and hypermutability are genetically linked, as is frequently observed in clinical isolates. This suggests the long-term distribution of antibiotic resistance depends on the relative rates at which different lineages adapt to other types of selection, which in the case of phage parasitism is probably extremely common, as well as costs of resistance inferred by classical in vitro methods.The ISME Journal advance online publication, 30 September 2014; doi:10.1038/ismej.2014.176."
What is the resurgent sodium current in mouse cerebellar Purkinje neurons?,FGF14 modulates resurgent sodium current in mouse cerebellar Purkinje neurons.
What is the correlation between Osborn wave and core body temperature?,The correlation between the amplitude of Osborn wave and core body temperature.
What is the effect of Perioperative Supplementation with Omega-3 Fatty Acids on Le,"Effects of Perioperative Supplementation with Omega-3 Fatty Acids on Leukotriene B4 and Leukotriene B5 Production by Stimulated Neutrophils in Patients with Colorectal Cancer: A Randomized, Placebo-Controlled Intervention Trial."
What is the nutritional assessment in neonates?,How to use: nutritional assessment in neonates.
What is the Interpersonal Emotion Regulation Model of Mood and Anxiety Disorders,Interpersonal Emotion Regulation Model of Mood and Anxiety Disorders.
What is the effect of different antihypertensive drugs on blood pressure variability in patients,Effects of different antihypertensive drugs on blood pressure variability in patients with ischemic stroke.
What is the Associated with Non-Calcified Plaque Burden in Patients with Corona,Neutrophil/Lymphocyte Ratio Is Associated with Non-Calcified Plaque Burden in Patients with Coronary Artery Disease.
What role does gut microbiota play in pathogenesis and management of allergic,The role of gut microbiota in the pathogenesis and management of allergic diseases.
What is the name of the organization that provides technical assistance for multidrug-resist,Global Financing and Long-Term Technical Assistance for Multidrug-Resistant Tuberculosis: Scaling Up Access to Treatment.
What is the name of the bacterium that is a bacterium that is ,Abnormal Calcium Handling and Exaggerated Cardiac Dysfunction in Mice with Defective Vitamin D Signaling.
What was the smallest group of primary care patients identified using?,"As researchers examine the efficacy of interventions that simultaneously target more than 1 symptom, it is important to identify ways to help guide research and program development. This study used electronic medical record data to examine the covariation of multiple risk factors regularly assessed among primary care patients. It also examined the health care utilization of those patients identifying where the health care system came in contact with them to help identify the ideal locations these interventions may be most often used. We obtained data for six risk factors, as well as the number of primary care, mental health, and emergency department visits, from Veteran patients with a primary care visit. There were three main groups of primary care patients, identified using latent class analysis and regression. Although the smallest group, the ""High Treatment Need"" group, had an increased probability of screening positive for all four risk factors, the post-traumatic stress disorder screen was a significant discriminator of this group from the others. Results show that this group had the greatest number of encounters in all health care locations suggesting significant opportunities for intervention. However, future research is needed to examine the current interventions offered and potential avenues where risk factors may be addressed simultaneously."
What is the CpG-Oligodeoxynucleotide for,Development of CpG-Oligodeoxynucleotides for Effective Activation of Rabbit TLR9 Mediated Immune Responses.
What was the aim of the case-controlled study?,"OBJECTIVE: The aim of this study was to assess static balance in patients with lumbar spinal canal stenosis who qualified for surgical decompression of associated neural structures and compare them with asymptomatic participants. METHODS: This case-controlled study evaluated a sample of 50 patients with spinal canal stenosis (stenosis group) and 48 participants with no history of clinical symptoms of back pain. Static balance was assessed by conducting quantitative analysis of balance reaction parameters in quiet standing with the eyes closed. RESULTS: Higher values were observed in total length of center of pressure (COP) path, length of COP path in the anterior-posterior plane, mean amplitude of COP projection in the anterior-posterior plane, maximal amplitude between the 2 most distant points in the anterior-posterior plane, mean COP velocity, and sway area marked by the moving COP in the stenosis group compared with the asymptomatic group. CONCLUSIONS: This study showed statistically significant differences in static balance parameters between patients with spinal canal stenosis compared with the asymptomatic group."
What is the name of the two (Partly) Distinct Components of Cardiovascular,Physical Activity versus Cardiorespiratory Fitness: Two (Partly) Distinct Components of Cardiovascular Health?
What is the official guideline of the European Society of Gastrointestinal Endoscopy,"This is an official guideline of the European Society of Gastrointestinal Endoscopy (ESGE) and the European Society of Gastrointestinal and Abdominal Radiology (ESGAR). It addresses the clinical indications for the use of computed tomographic colonography (CTC). A targeted literature search was performed to evaluate the evidence supporting the use of CTC. The Grading of Recommendations Assessment, Development and Evaluation (GRADE) system was adopted to define the strength of recommendations and the quality of evidence. Main recommendations 1 ESGE/ESGAR recommend computed tomographic colonography (CTC) as the radiological examination of choice for the diagnosis of colorectal neoplasia. ESGE/ESGAR do not recommend barium enema in this setting (strong recommendation, high quality evidence). 2 ESGE/ESGAR recommend CTC, preferably the same or next day, if colonoscopy is incomplete. Delay of CTC should be considered following endoscopic resection. In the case of obstructing colorectal cancer, preoperative contrast-enhanced CTC may also allow location or staging of malignant lesions (strong recommendation, moderate quality evidence). 3 When endoscopy is contraindicated or not possible, ESGE/ESGAR recommend CTC as an acceptable and equally sensitive alternative for patients with symptoms suggestive of colorectal cancer (strong recommendation, high quality evidence). 4 ESGE/ESGAR recommend referral for endoscopic polypectomy in patients with at least one polyp >/= 6 mm in diameter detected at CTC. CTC surveillance may be clinically considered if patients do not undergo polypectomy (strong recommendation, moderate quality evidence). 5 ESGE/ESGAR do not recommend CTC as a primary test for population screening or in individuals with a positive first-degree family history of colorectal cancer (CRC). However, it may be proposed as a CRC screening test on an individual basis providing the screenee is adequately informed about test characteristics, benefits, and risks (weak recommendation, moderate quality evidence)."
Clinical management of Staphylococcus aureus Bacteremia: A Review.,Clinical Management of Staphylococcus aureus Bacteremia: A Review.
What is the name of the network that connects invasive and noninvasive brain stimulation across diverse,Resting-state networks link invasive and noninvasive brain stimulation across diverse psychiatric and neurological diseases.
What is the name of the cellular transport mechanism of Cytotoxic Metallodrugs,Cellular Transport Mechanisms of Cytotoxic Metallodrugs: An Overview beyond Cisplatin.
What type of thrombus is Behcet's syndrome?,Right ventricular thrombus and tricuspid valve dysfunction in a patient with Behcet's syndrome.
What is the inflammatory disorder that is characterized by?,"Behcet's disease is a chronic, recurrent, inflammatory disorder characterized by orogenital ulcers and skin lesions; serious manifestations also include ocular, large vessel, gastrointestinal and neurological involvement. Genetic and unknown environmental factors customise the wide clinical expression of the disease. Gastrointestinal involvement is not unusual, albeit with a highly variable frequency among different ethnic populations. However, given the fact that gastrointestinal symptoms such as reflux, bleeding, diarrhoea are common in the general population, their clinical significance needs to be carefully interpreted. Apart from mouth the ileocecal area is typically involved, but inflammatory and/or vasculitic lesions may affect any part of the gastrointestinal tract. Complications such as perforation carry high morbidity rates and even mortality. Herein, we review all available information pertinent to gastrointestinal involvement of Behcet's disease and discuss the published advances in evaluation and its empirical management, including anti-TNF biologic therapies."
What is the cause of Psoriatic arthritis?,"Psoriatic arthritis (PsA) is a seronegative, inflammatory joint disease associated with psoriasis. In most patients with PsA, skin lesions precede arthritis; however, the causality of skin inflammation for the development of arthritis remains unclear. Gp130F759/F759 knock-in (F759) mice develop autoimmune arthritis after 1 year of age through persistent Stat3 activation due to impairment in SOCS3-dependent negative regulation. Here, we crossed F759 mice with K5.Stat3C transgenic mice, in which keratinocytes express constitutive active Stat3 (Stat3C) leading to generation of psoriasis-like skin change. F759 mice harboring the K5.Stat3C transgene not only had aggravated skin lesions but also spontaneously developed arthritis with high penetrance in adjacent paws as early as 3 weeks of age. The joint lesions included swelling of the peripheral paws and nail deformities contiguous with the skin lesions, closely resembling PsA. Histopathologic study revealed enthesitis and bone erosions, with mononuclear cell infiltrates. qRT-PCR, immunohistochemical analyses, and flow cytometry showed up-regulation of the IL-23/Th17 pathway in affected joints. Furthermore, enforced generation of psoriasis-like skin inflammation by topical treatment with 12-O-tetradecanoylphorbol-13-acetate (TPA) in F759 mice induced swelling of the underlying joints. This animal model renders psoriatic inflammation as the driver of arthritis and helps to further understand the pathogenesis of PsA.Journal of Investigative Dermatology accepted article preview online, 30 September 2014; doi:10.1038/jid.2014.426."
What was the median distance between mentor-mentee pairs that completed the SERF program?,"OBJECTIVE: The nature of the mentor-mentee relationship is important in the pursuit of successful research projects. The purpose of this study is to evaluate the mentor-mentee relationships in the Surgical Education Research Fellowship (SERF) based on gender and geographical distances regarding program completion. We hypothesize that there are no differences for SERF program completion rates based on gender pairs and distances between pairs. METHODS: This was a retrospective study from 2006 to 2011. Mentor-mentee rosters were retrospectively reviewed for program completion, demographics, and PubMeD indexing. Time zone differences and geographic distances between pairs were found with online applications. Chi-square tests were used for categorical variables and nonparametric statistics were carried out using alpha = 0.05. RESULTS: Of the 82 individuals accepted into the SERF program, 43 (52%) completed the SERF program during the study period. There were no differences in program completion rates based on fellow gender and gender pairing (all p > 0.05). Different-gender pairs that completed the program (n = 17) were indexed more frequently on PubMed than same-gender pairs that completed the program (n = 24) (41% vs 12%, p = 0.04). There were no differences in program completion based on time zone differences (p = 0.20). The median distance between pairs completing the program (n = 35) was greater than that for pairs not completing the program (n = 36) (1741km [IQR: 895-3117km] vs 991km [IQR: 676-2601km]; p = 0.03). CONCLUSION: Completion of the SERF program was independent of mentor-mentee gender pairs and time zone differences. There was greater geographical distance separating mentor-mentee pairs that completed the SERF program compared with pairs that did not complete the program. Distance mentoring is a successful and crucial element of the SERF program."
What is the HCMV protein expression in?,"Human cytomegalovirus (HCMV) has been indicated being a significant oncomodulator. Recent reports have suggested that an antiviral treatment alters the outcome of a glioblastoma. We analysed the performance of commercial HCMV-antibodies applying the immunohistochemical (IHC) methods on brain sample obtained from a subject with a verified HCMV infection, on samples obtained from 14 control subjects, and on a tissue microarray block containing cores of various brain tumours. Based on these trials, we selected the best performing antibody and analysed a cohort of 417 extra- and intra-axial brain tumours such as gliomas, medulloblastomas, primary diffuse large B-cell lymphomas, and meningiomas. HCMV protein pp65 immunoreactivity was observed in all types of tumours analysed, and the IHC expression did not depend on the patient's age, gender, tumour type, or grade. The labelling pattern observed in the tumours differed from the labelling pattern observed in the tissue with an active HCMV infection. The HCMV protein was expressed in up to 90% of all the tumours investigated. Our results are in accordance with previous reports regarding the HCMV protein expression in glioblastomas and medulloblastomas. In addition, the HCMV protein expression was seen in primary brain lymphomas, low-grade gliomas, and in meningiomas. Our results indicate that the HCMV protein pp65 expression is common in intra- and extra-axial brain tumours. Thus, the assessment of the HCMV expression in tumours of various origins and pathologically altered tissue in conditions such as inflammation, infection, and even degeneration should certainly be facilitated."
What is Clostridium difficile Isolates from Human Fecal Samples?,Characterization of Clostridium difficile Isolates from Human Fecal Samples and Retail Meat from Pennsylvania.
What was the primary outcome of the study?,"BACKGROUND: Patients aged >/=65 years are vulnerable to readmissions due to a transient period of generalized risk after hospitalization. However, whether young and middle-aged adults share a similar risk pattern is uncertain. We compared the rate, timing, and readmission diagnoses following hospitalization for heart failure (HF), acute myocardial infarction (AMI), and pneumonia among patients aged 18-64 years with patients aged >/=65 years. METHODS AND FINDINGS: We used an all-payer administrative dataset from California consisting of all hospitalizations for HF (n = 206,141), AMI (n = 107,256), and pneumonia (n = 199,620) from 2007-2009. The primary outcomes were unplanned 30-day readmission rate, timing of readmission, and readmission diagnoses. Our findings show that the readmission rate among patients aged 18-64 years exceeded the readmission rate in patients aged >/=65 years in the HF cohort (23.4% vs. 22.0%, p<0.001), but was lower in the AMI (11.2% vs. 17.5%, p<0.001) and pneumonia (14.4% vs. 17.3%, p<0.001) cohorts. When adjusted for sex, race, comorbidities, and payer status, the 30-day readmission risk in patients aged 18-64 years was similar to patients >/=65 years in the HF (HR 0.99; 95%CI 0.97-1.02) and pneumonia (HR 0.97; 95%CI 0.94-1.01) cohorts and was marginally lower in the AMI cohort (HR 0.92; 95%CI 0.87-0.96). For all cohorts, the timing of readmission was similar; readmission risks were highest between days 2 and 5 and declined thereafter across all age groups. Diagnoses other than the index admission diagnosis accounted for a substantial proportion of readmissions among age groups <65 years; a non-cardiac diagnosis represented 39-44% of readmissions in the HF cohort and 37-45% of readmissions in the AMI cohort, while a non-pulmonary diagnosis represented 61-64% of patients in the pneumonia cohort. CONCLUSION: When adjusted for differences in patient characteristics, young and middle-aged adults have 30-day readmission rates that are similar to elderly patients for HF, AMI, and pneumonia. A generalized risk after hospitalization is present regardless of age. Please see later in the article for the Editors' Summary."
What is the name of the dissociative drug that is sold as a white powder?,"Recent years have seen the emergence and proliferation of ""legal highs"" or ""designer drugs,"" compounds purposefully designed as legal alternatives to controlled substances of abuse. This article describes methoxetamine, a dissociative drug belonging to the arylcyclohexylamine class including phencyclidine and ketamine. Methoxetamine acts principally on the glutamatergic N-methyl-D-aspartate receptor and the serotonin receptor. It is sold as a white or off-white powder. Marketed as a ""bladder friendly"" alternative to ketamine, preliminary research suggests renal and cystic toxicity similar to ketamine. Methoxetamine is primarily ingested nasally, though also orally, intramuscularly, intravenously, and rectally. Users report dissociative features and, at higher doses, an ""m-hole"" experience akin to ketamine's ""k-hole"" described as extreme depersonalization and derealization. The 13 cases of acute methoxetamine toxicity described in the literature are summarized. The toxidrome consists of dissociation/delirium, sympathetic activation, and cerebellar symptoms. Methoxetamine is not detected in standard urine drug tests and there are no reliable laboratory findings. Management of acute methoxetamine toxicity is supportive, consisting of benzodiazepines, antiemetics, intravenous fluids, and respiratory support as indicated. Should methoxetamine conform to the observed 2-year lag of designer drugs migrating from Europe to the United States usage may increase in early 2014."
What is the method that provides a simple and environmentally benign procedure?,"Use of a novel reagent has been established for the synthesis of a series of 4,5-diaryl-2H-1,2,3-triazoles (6a-i and 9a-e) from cyanostilbene analogs of benzo[b]thiophene, benzo[b]furan and indole, catalyzed by L-proline via Lewis base-catalyzed one-step [3+2]cycloaddition of azide. This method provides an efficient, simple and environmentally benign procedure that affords good yields and relatively short reaction times."
What is the incidence of de novo ITPAs in HCC?,"BACKGROUND: Intratumoural pseudoaneurysms (ITPA) within hepatocellular carcinomas (HCC) usually arise as postprocedural complications of endovascular therapies or surgical procedures. Their de novo presence in HCC without any prior interventions has not been adequately described in medical literature. PURPOSE: To evaluate and quantify the presence of intratumoural pseudoaneurysms (ITPA) within hepatocellular carcinomas (HCC) prior to any intervention. MATERIAL AND METHODS: Retrospective cross-sectional review of 519 patients with HCC at a tertiary care university hospital with the purpose to evaluate and quantify the presence of ITPA present prior to any therapy. Patients' baseline data along with viral marker status, alpha fetoprotein (AFP) levels, imaging findings, and any prior treatment provided were recorded. Multi-detector computed tomography (MDCT) scans of selected patients were reviewed for presence of any ITPA and their incidence was calculated. RESULTS: ITPAs without any prior therapy were found in 5% (25/519) of patients with HCC. Seventeen of 25 (68%) patients had liver cirrhosis while eight of 25 (32%) patients were non-cirrhotic on imaging. Multiple ITPAs were seen in 44% (11/25) of patients. Eight percent (2/25) of patients had pseudoaneurysm-associated hemorrhage, 20% (5/25) had lung metastasis, 12% (3/25) had portal vein thrombosis, 8% (2/25) had hepatic vein thrombosis, and 16% (4/25) had peritumoral hematoma. The incidence of de novo ITPAs occurring in patients with HCC without any prior therapy or intervention was 0.24%. CONCLUSION: These cases provide a unique insight into an additional feature of HCC and usefulness of recognizing the ITPAs on imaging studies. Although de novo ITPAs in HCC are uncommon, occurring with an incidence rate of 0.24%, their presence in hypervascular hepatic lesion may point towards the diagnosis of HCC. Additionally, they should be accounted for in management planning as they can lead to complications of rupture and hemorrhage."
What is the name of the pericardium annuloplasty?,"Autologous pericardium annuloplasty: a ""physiological"" mitral valve repair."
What is a new concept for classifying the subset of patients with interstitial pneumonia,"BACKGROUND: Lung-dominant connective tissue disease (LD-CTD) is a new concept for classifying the subset of patients with interstitial pneumonia who have clinical features suggesting an associated CTD, but whose features fall short of a clear diagnosis of CTD under the current rheumatologic classification systems. The impact of mean pulmonary arterial pressure (MPAP) in LD-CTD has not been sufficiently elucidated. OBJECTIVES: To evaluate the survival impact of MPAP measured during the initial evaluation in patients with LD-CTD. METHODS: We retrospectively analyzed the initial evaluation data of 100 LD-CTD patients undergoing pulmonary function test, 6-min walk test (6MWT), and right heart catheterization (RHC). RESULTS: The mean MPAP was 16.2+/-4.4 mm Hg, and 18 patients had MPAP>/=20 mm Hg. A univariate Cox proportional hazard model showed that MPAP and several variables have a statistically significant impact on survival. With stepwise, multivariate Cox proportional analysis, MPAP (HR = 1.293; 95% CI 1.130-1.480; p<0.001) and mean forced vital capacity (FVC) % predicted (HR = 0.958; 95% CI 0.930-0.986; p = 0.004) were shown to be independent determinants of survival. CONCLUSIONS: Higher MPAP and lower %FVC at the initial evaluation were significant independent prognostic factors of LD-CTD. MPAP evaluation provides additional information of disease status and will help physicians to predict mortality in LD-CTD."
Vein wall imaging in Behcet's syndrome?,Vein wall imaging in Behcet's syndrome.
What is the design of smart home sensor visualizations for older adults?,Design of smart home sensor visualizations for older adults.
What is the name of the TTM-trial?,"BACKGROUND: Electroencephalography (EEG) is widely used to assess neurological prognosis in patients who are comatose after cardiac arrest, but its value is limited by varying definitions of pathological patterns and by inter-rater variability. The American Clinical Neurophysiology Society (ACNS) has recently proposed a standardized EEG-terminology for critical care to address these limitations. METHODS/DESIGN: In the TTM-trial, 399 post cardiac arrest patients who remained comatose after rewarming underwent a routine EEG. The presence of clinical seizures, use of sedatives and antiepileptic drugs during the EEG-registration were prospectively documented. DISCUSSION: A well-defined terminology for interpreting post cardiac arrest EEGs is critical for the use of EEG as a prognostic tool. TRIAL REGISTRATION: The TTM-trial is registered at ClinicalTrials.gov (NCT01020916)."
What is the effect of nonsteroidal anti-inflammatory drugs on the benefit of Colorec,Use of Nonsteroidal Anti-inflammatory Drugs in Colorectal Surgery: Do the Risks Cast a Shadow on the Benefits?
What is the cause of congenital toxoplasmosis in newborns?,"Toxoplasma gondii causes congenital toxoplasmosis in newborns resulting with fetal anomalies. Determining the initiation time of infection is very important for pregnant women and current serological assays have drawbacks in distinguishing the recently acute toxoplasmosis. Diagnosis of recently acute infection may be improved by using stage specific antigens in serological assays. In the present study, the diagnostic value of sporozoite specific SporoSAG, bradyzoite specific BAG1 proteins and GRA1 protein expressed by all forms of the parasite have been evaluated ELISA using sera systematically collected from mice administered orally with tissue cyst and oocysts. The anti-SporoSAG IgM antibodies in sera obtained from mice infected with oocysts peaked significantly at days 1, 10, and 15 (P<0.01). The anti-BAG1 IgM antibodies in sera obtained from mice infected with tissue cysts peaked significantly at days 15, 40, and 120 (P<0.05). The anti-GRA1 IgM antibodies in sera obtained from mice infected with oocysts peaked significantly at days 2, 10, and 40 (P<0.01). The anti-GRA1 IgM antibodies in sera obtained from mice infected with tissue cysts peaked significantly only at day 40 (P<0.05). The anti-SporoSAG, anti-BAG1, and anti-GRA1 IgG titers of mice showed significant increases at day 40 (P<0.05) and decrement started for only anti-GRA1 IgG at day 120. The presence of anti-SporoSAG IgM and IgG antibodies can be interpreted as recently acute infection between days 10-40 because IgM decreases at day 40. Similarly, presence of anti-BAG1 IgM and absence of IgG can be evaluated as a recently acute infection that occurred 40 days before because IgG peaks at day 40. A peak in anti-GRA1 antibody level at first testing and reduction in consecutive sample can be considered as an infection approximately around day 40 or prior. Overall, recombinant SporoSAG, BAG1 and GRA1 proteins can be accepted as valuable diagnostic markers of recently acute toxoplasmosis."
What is the name of the protein that induced Th1-type of cellular responses in,"In visceral leishmaniasis, the recovery from the disease is always associated with the generation of Th1-type of cellular responses. Based on this, we have previously identified several Th1-stimulatory proteins of Leishmania donovani -triose phosphate isomerase (TPI), protein disulfide isomerase (PDI) and elongation factor-2 (EL-2) etc. including heat shock protein 70 (HSP70) which induced Th1-type of cellular responses in both cured Leishmania patients/hamsters. Since, HSPs, being the logical targets for vaccines aimed at augmenting cellular immunity and can be early targets in the immune response against intracellular pathogens; they could be exploited as vaccine/adjuvant to induce long-term immunity more effectively. Therefore, in this study, we checked whether HSP70 can further enhance the immunogenicity and protective responses of the above said Th1-stimulatory proteins. Since, in most of the studies, immunogenicity of HSP70 of L. donovani was assessed in native condition, herein we generated recombinant HSP70 and tested its potential to stimulate immune responses in lymphocytes of cured Leishmania infected hamsters as well as in the peripheral blood mononuclear cells (PBMCs) of cured patients of VL either individually or in combination with above mentioned recombinant proteins. rLdHSP70 alone elicited strong cellular responses along with remarkable up-regulation of IFN-gamma and IL-12 cytokines and extremely lower level of IL-4 and IL-10. Among the various combinations, rLdHSP70 + rLdPDI emerged as superior one augmenting improved cellular responses followed by rLdHSP70 + rLdEL-2. These combinations were further evaluated for its protective potential wherein rLdHSP70 + rLdPDI again conferred utmost protection ( approximately 80%) followed by rLdHSP70 + rLdEL-2 ( approximately 75%) and generated a strong cellular immune response with significant increase in the levels of iNOS transcript as well as IFN-gamma and IL-12 cytokines which was further supported by the high level of IgG2 antibody in vaccinated animals. These observations indicated that vaccine(s) based on combination of HSP70 with Th1-stimulatory protein(s) may be a viable proposition against intracellular pathogens."
What is the status of Human Papillomavirus?,p16 Protein Expression and Human Papillomavirus Status As Prognostic Biomarkers of Nonoropharyngeal Head and Neck Squamous Cell Carcinoma.
What is the potential for cell targeting and therapeutic effects?,"Detection and characterization of cells using aptamers and aptamer-conjugated nanoprobes has evolved a great deal over the past few decades. This evolution has been driven by the easy selection of aptamers via in vitro cell-SELEX, permitting sensitive discrimination between target and normal cells, which includes pathogenic prokaryotic and cancerous eukaryotic cells. Additionally, when the aptamer-based strategies are used in conjunction with nanomaterials, there is the potential for cell targeting and therapeutic effects with improved specificity and sensitivity. Here we review recent advances in aptamer-based nano-conjugates and their applications for detecting cancer cells and pathogenic bacteria. The multidisciplinary research utilized in this field will play an increasingly significant role in clinical medicine and drug discovery."
What is the effect of exercise on blood fluidity?,The effect of exercise on blood fluidity: Use of the capillary model to assess the clogginess of blood.
What is the name of the study that analyzed resistance profiles of Acinetobacter baum,Trends in the resistance profiles of Acinetobacter baumannii endemic clones in a university hospital of Argentina.
What was the target of the study?,"OBJECTIVE: The aim of this study was to develop a follow-up strategy based on the new model to reduce unnecessary prostate biopsies in patients with prostate specific antigen (PSA) ranging from 4 to 10 ng/ml. METHODS: A total of 436 patients with PSA ranging from 4 to 10 ng/ml who had undergone transrectal ultrasound (TRUS)-guided prostate biopsy were evaluated during the first stage. Age, PSA, free PSA (fPSA), digital rectal examination (DRE) findings, ultrasonic hypoechoic mass, ultrasonic microcalcifications, prostate volume (PV) and PSA density (PSAD) were considered as predictive factors. A multiple logistic regression analysis involving a backward elimination selection procedure was applied to select independent predictors. After a comprehensive analysis of all results, we developed a new model to assess the risk of prostate cancer and an effective follow-up strategy. RESULTS: Age, PSA, PV, fPSA, rate of abnormal DRE findings and rate of hypoechoic masses detected by TRUS were included in our model. A significantly greater area under the receiver-operating characteristic curve was obtained in our model when compared with using PSA alone (0.782 vs. 0.566). Patients were grouped according to the value of prostate cancer risk (PCaR). In the second stage of our study, patients with PCaR>0.52 were recommended to undergo biopsies immediately while the rest of the patients continued close follow-up observation. Compared with the first stage, the detection rate of PCa in the second stage was significantly increased (33.0% vs 21.1%, p = 0.012). There was no significant difference between the two stages in distribution of the Gleason score (p = 0.808). CONCLUSIONS: We developed a follow-up strategy based on the new model, which reduced unnecessary prostate biopsies without delaying patients' diagnoses and treatments."
What is the most common disease entity among non-dystrophic skeletal muscle con,"Nemaline myopathy is the most common disease entity among non-dystrophic skeletal muscle congenital diseases. The first disease causing mutation (Met9Arg) was identified in the gene encoding alpha-tropomyosinslow gene (TPM3). Considering the conflicting findings of the previous studies on the transgenic (Tg) mice carrying the TPM3Met9Arg mutation, we investigated carefully the effect of the Met9Arg mutation in 8-9 month-old Tg(TPM3)Met9Arg mice on muscle function using a multiscale methodological approach including skinned muscle fibers analysis and in vivo investigations by magnetic resonance imaging and 31-phosphorus magnetic resonance spectroscopy. While in vitro maximal force production was reduced in Tg(TPM3)Met9Arg mice as compared to controls, in vivo measurements revealed an improved mechanical performance in the transgenic mice as compared to the former. The reduced in vitro muscle force might be related to alterations occuring at the cross-bridges level with muscle-specific underlying mechanisms. In vivo muscle improvement was not associated with any changes in either muscle volume or energy metabolism. Our findings indicate that TPM3(Met9Arg) mutation leads to a mild muscle weakness in vitro related to an alteration at the cross-bridges level and a paradoxical gain of muscle function in vivo. These results clearly point out that in vitro alterations are muscle-dependent and do not necessarily translate into similar changes in vivo."
How many patients were included in this study?,"This study aimed to examine the factors related to and the outcomes of schizophrenic patients with co-occurring methamphetamine use disorders (MUDs). All schizophrenic patients discharged from a psychiatric hospital between January 1, 2006, and December 31, 2006, were monitored. This study compared the important demographic and clinical variables between patients with co-occurring MUDs and those without, and postdischarge measured time to rehospitalization during a 1-year period. Seven hundred fifty-six patients were included in this study. Of these patients, 88 (11.6%) reported the use of methamphetamine. Univariate analyses indicated that male sex, low educational level, discharge against medical advice, missed first appointment after discharge, co-occurring other illicit substance use disorder, age (younger), diazepam equivalents prescribed at discharge (higher), number of previous admissions within the past 5 years (higher), and length of hospital stay (longer) were predictive of patients with co-occurring MUDs. There were also significant differences in time to rehospitalization between these two groups during the follow-up periods. Many factors can be identified in schizophrenic patients with co-occurring MUDs. Furthermore, schizophrenic patients with co-occurring MUDs were more likely to be rehospitalized. Future studies in many different mental health systems are needed before these findings can be generalized."
What effect did Scutellarin have on Isoprenaline-In,Anti-Fibrosis Effect of Scutellarin via Inhibition of Endothelial-Mesenchymal Transition on Isoprenaline-Induced Myocardial Fibrosis in Rats.
What is the name of the two compounds that were highly active against gametocytes?,"Plasmodium falciparum gametocytes are not associated with clinical symptoms but they are responsible for transmitting the pathogen to mosquitoes. Therefore gametocytocidal interventions are important for malaria control and resistance containment but currently available drugs and vaccines are not well suited for that purpose. Several dyes have potent antimicrobial activity but their use against gametocytes has not been investigated systematically. Gametocytocidal activity of nine synthetic dyes and four compounds with known activity was tested against stage V gametocytes of the laboratory strain 3D7 and three clinical isolates of P. falciparum with a bioluminescence assay. Five of the fluorescent dyes had 50% inhibitory concentration (IC50) values at sub-micromolar concentration against mature gametocytes. Three mitochondrial dyes: MitoRed, DiOC6 and rhodamine B were highly active (IC50 < 200 nM). MitoRed showed the highest activity against gametocytes with an IC50 of 70 nM against 3D7 and 120-210 nM against clinical isolates. All compounds were more active in the laboratory strain 3D7 in comparison with clinical isolates. In particular, the endoperoxides artesunate and dihydroartemisinin showed a 10-fold higher activity in 3D7 compared to clinical isolates. In contrast to all clinically used antimalarials, several fluorescent dyes had a surprisingly high in vitro activity against late stage gametocytes. Since they also act against asexual blood stages, they shall be considered as starting points for the development of new antimalarial lead compounds."
What is the ovarian reserve status?,Lipid profiles and ovarian reserve status: a longitudinal study.
What is the HFn nanocarrier ideal for?,"An ideal nanocarrier for efficient drug delivery must be able to target specific cells and carry high doses of therapeutic drugs and should also exhibit optimized physicochemical properties and biocompatibility. However, it is a tremendous challenge to engineer all of the above characteristics into a single carrier particle. Here, we show that natural H-ferritin (HFn) nanocages can carry high doses of doxorubicin (Dox) for tumor-specific targeting and killing without any targeting ligand functionalization or property modulation. Dox-loaded HFn (HFn-Dox) specifically bound and subsequently internalized into tumor cells via interaction with overexpressed transferrin receptor 1 and released Dox in the lysosomes. In vivo in the mouse, HFn-Dox exhibited more than 10-fold higher intratumoral drug concentration than free Dox and significantly inhibited tumor growth after a single-dose injection. Importantly, HFn-Dox displayed an excellent safety profile that significantly reduced healthy organ drug exposure and improved the maximum tolerated dose by fourfold compared with free Dox. Moreover, because the HFn nanocarrier has well-defined morphology and does not need any ligand modification or property modulation it can be easily produced with high purity and yield, which are requirements for drugs used in clinical trials. Thus, these unique properties make the HFn nanocage an ideal vehicle for efficient anticancer drug delivery."
What was the MMSE's overall sensitivity and specificity estimate?,"OBJECTIVE: To analyse the evidence concerning the accuracy of the Mini-Mental State Examination (MMSE) as a diagnostic and screening test for the presence of delirium in adults. METHOD: Two authors searched MEDLINE, PsychINFO and EMBASE from inception till March 2014. Articles were included that investigated the diagnostic validity of the MMSE to detect delirium against standardised criteria. A diagnostic validity meta-analysis was conducted. RESULTS: Thirteen studies were included representing 2017 patients in medical settings of whom 29.4% had delirium. The meta-analysis revealed the MMSE had an overall sensitivity and specificity estimate of 84.1% and 73.0%, but this was 81.1% and 82.8% in a subgroup analysis involving robust high quality studies. Sensitivity was unchanged but specificity was 68.4% (95% CI=50.9-83.5%) in studies using a predefined cutoff of <24 to signify a case. In high-risk samples where delirium was present in 25% of patients, then the Positive predictive value and Negative predictive value would be 50.9% (48.3-66.2%) and 93.2% (90.0-96.5%). CONCLUSION: The MMSE cannot be recommended as a case-finding confirmatory test of delirium, but may be used as an initial screen to rule out high scorers who are unlikely to have delirium with approximately 93% accuracy."
What is the main treatment for AD?,"BACKGROUND: Serum thymus and activation-regulated chemokine (TARC) levels are associated with the disease activity of patients with atopic dermatitis (AD) and sensitively reflect short-term changes in skin conditions. The main treatment for AD is topical agent application. OBJECTIVE: This study investigated the relationship between serum TARC levels and the dosage of topical agents, including corticosteroids and/or tacrolimus, in patients with AD. METHODS: The serum TARC levels of 56 AD patients and the amounts of topical agents prescribed to them were investigated retrospectively. The weekly reduction in serum TARC levels and weekly dosage of topical agents among AD patients were compared and their associations were evaluated. RESULTS: The dosage of topical agents was closely related to serum TARC levels. One gram of strong rank steroid or the equivalent amount of steroid/tacrolimus is required to reduce serum TARC levels by 9.94 pg/mL weekly in moderate to severe AD patients. Higher initial TARC levels require more topical agent, which results in a more rapid decrease in TARC levels. The serum TARC levels and eosinophil numbers in peripheral blood are significantly correlated. CONCLUSION: Serum TARC level improvement and topical agent dosage are strongly correlated. TARC and eosinophil numbers are significantly correlated, but the wider range of TARC levels seems to be clinically more useful for monitoring AD severity. The serum TARC level is a very sensitive biomarker for monitoring the severity and treatment response in AD."
